Date,City,AQI,PM2.5,PM10,Ozone,NO2,CO,SO2,Temperature,Humidity
2024-10-16,Los Angeles,128,28.78,68.84,58.29,57.56,2.781,17.1,3.4,82.2
2023-01-26,Jacksonville,111,28.73,61.93,59.0,35.73,1.81,16.33,17.0,36.0
2023-10-09,Houston,91,20.04,47.1,66.2,43.91,2.566,15.27,1.0,68.6
2023-08-17,Chicago,108,23.39,47.9,62.85,48.89,2.332,18.49,9.4,85.7
2023-04-15,Austin,106,26.51,56.08,62.38,,1.867,15.93,17.3,48.7
2024-07-12,Los Angeles,132,27.46,75.3,65.83,49.39,2.645,26.5,15.0,61.8
2024-08-27,San Antonio,94,21.58,51.07,52.83,44.5,1.715,20.7,1.0,77.6
2023-02-02,New York,142,32.01,68.79,80.02,49.34,2.138,13.24,27.9,59.3
2023-04-06,Houston,176,35.64,70.72,127.53,,2.538,17.39,43.3,23.9
2023-08-27,Dallas,80,21.36,48.06,65.93,36.57,2.327,21.43,-1.7,77.9
2024-09-08,New York,108,23.64,56.08,54.74,42.44,2.596,16.91,-0.0,75.0
2024-07-28,Houston,112,28.6,67.83,70.55,51.39,3.736,21.14,4.2,84.2
2024-10-27,Jacksonville,91,19.6,38.86,48.08,29.89,2.18,9.98,-5.9,91.0
2024-07-12,San Antonio,110,24.78,61.3,54.64,42.44,1.957,20.12,16.8,63.4
2023-08-14,San Diego,109,25.56,48.96,38.55,27.01,1.24,6.48,13.3,59.8
2024-08-26,Phoenix,114,25.71,57.59,58.66,48.25,2.209,18.08,6.4,78.7
2023-01-07,Fort Worth,114,29.26,57.22,76.16,37.43,,15.56,23.7,56.4
2023-06-13,Jacksonville,108,26.24,,74.1,45.77,1.657,14.01,24.9,43.1
2024-03-08,Philadelphia,137,34.62,73.13,89.5,39.89,2.255,16.96,29.6,14.1
2023-10-12,Chicago,118,28.02,55.34,51.49,48.89,2.504,16.44,7.5,64.9
2023-08-09,Fort Worth,92,27.79,53.94,72.34,40.39,2.135,18.77,6.3,95.2
2023-12-11,Los Angeles,141,34.33,76.98,80.65,53.91,3.167,24.31,11.8,73.8
2023-04-05,San Antonio,130,29.29,73.18,86.53,38.34,2.56,14.46,30.5,34.0
2023-04-10,Philadelphia,130,29.74,64.33,98.72,36.63,2.499,10.64,36.5,39.8
2023-12-19,San Jose,65,15.98,37.67,52.32,36.81,2.041,11.13,15.5,61.2
2023-09-28,Fort Worth,76,16.54,34.66,55.57,47.31,1.94,21.15,-0.6,89.4
2023-02-14,Jacksonville,116,28.54,57.37,64.34,42.0,1.667,16.09,21.3,44.4
2024-04-15,Dallas,139,36.07,75.92,102.64,36.34,2.544,14.38,28.9,56.8
2023-05-08,Charlotte,117,26.7,65.08,70.0,42.91,2.243,7.81,24.6,13.8
2024-01-23,Los Angeles,149,35.28,72.09,75.96,54.32,3.198,17.23,18.4,35.1
2024-07-19,Phoenix,145,33.85,68.98,61.79,48.91,2.405,,11.7,73.4
2024-10-05,San Jose,75,19.86,39.6,54.26,39.26,1.701,14.4,-3.8,75.9
2024-01-06,San Jose,103,24.49,52.49,62.78,39.12,2.314,18.1,11.6,74.8
2023-07-16,Jacksonville,101,21.26,59.11,70.96,33.06,2.057,19.47,24.4,60.5
2023-03-13,New York,116,28.28,68.73,66.46,37.36,2.09,18.05,28.5,44.2
2024-11-08,Houston,93,25.45,59.31,63.37,48.01,,22.22,6.0,72.7
2023-10-24,Los Angeles,117,28.89,62.75,58.49,47.4,3.032,15.63,-5.2,77.7
2023-08-27,Columbus,74,20.47,42.53,54.41,48.09,1.873,9.56,1.4,86.6
2023-04-14,San Antonio,92,23.49,60.01,64.47,49.63,2.007,17.65,26.6,48.2
2023-10-12,San Diego,82,20.69,52.4,53.74,38.1,1.539,9.91,0.6,69.4
2024-10-12,Columbus,85,18.91,49.05,45.14,43.76,2.105,9.75,3.6,70.4
2024-01-09,Chicago,134,29.17,53.39,61.36,39.04,2.705,18.04,15.0,76.8
2024-01-15,Philadelphia,108,,56.52,70.58,47.04,,14.81,23.7,45.2
2023-08-03,Austin,115,25.65,49.85,52.76,42.91,2.179,20.06,9.1,62.4
2023-10-01,Jacksonville,85,15.08,28.81,58.35,31.98,1.849,14.79,2.6,69.6
2024-11-30,Austin,80,19.92,42.32,50.01,36.17,1.844,8.45,15.6,54.0
2023-03-15,San Jose,126,25.08,57.14,87.64,38.35,1.792,11.68,30.4,31.2
2024-10-12,Chicago,97,24.81,54.7,57.89,49.09,2.468,18.63,-5.6,75.2
2024-06-30,Jacksonville,111,26.5,52.38,55.92,44.98,1.815,16.42,17.6,62.5
2023-09-08,Chicago,101,23.91,48.55,57.14,43.64,2.201,12.54,4.0,81.4
2024-04-18,San Antonio,143,30.97,68.24,82.77,44.01,2.596,15.77,35.1,43.0
2023-10-04,Charlotte,96,22.01,50.33,56.54,34.91,1.681,10.88,3.6,75.9
2024-10-17,Jacksonville,77,19.65,46.35,44.34,37.78,1.515,14.58,-2.7,94.6
2024-07-24,Houston,,28.7,62.28,60.15,50.29,2.828,17.72,9.0,67.5
2024-12-02,Philadelphia,146,28.22,59.52,66.08,40.32,2.153,12.95,11.4,66.3
2023-02-27,Houston,155,35.89,74.99,89.58,51.78,3.029,,26.9,27.3
2023-02-02,Fort Worth,113,25.14,61.13,87.98,43.3,1.895,18.18,31.8,23.8
2023-11-20,San Antonio,96,23.07,42.52,60.81,45.38,2.162,8.53,10.4,53.3
2023-10-02,Los Angeles,96,22.81,46.62,64.64,51.84,,17.21,6.0,90.2
2023-08-05,Charlotte,105,24.84,48.65,54.29,31.29,1.873,22.4,0.9,76.0
2024-08-03,Charlotte,123,30.24,65.36,58.08,34.35,1.684,15.83,1.8,78.6
2023-11-19,Houston,110,29.96,52.66,50.43,57.46,2.608,15.45,11.8,79.3
2024-11-02,San Diego,75,17.2,38.32,42.47,34.34,1.298,16.04,0.0,71.0
2024-02-10,Charlotte,134,29.06,61.73,65.14,30.36,2.344,10.39,26.6,38.3
2024-10-20,San Diego,,18.24,43.12,50.41,40.91,1.61,11.69,1.4,88.6
2023-05-27,Phoenix,128,29.25,68.27,61.24,52.47,2.422,12.82,21.0,62.1
2023-05-23,Houston,127,32.08,64.71,66.36,52.42,2.411,,24.0,46.5
2024-07-28,Dallas,97,25.62,54.55,63.51,42.51,2.302,12.64,6.8,66.3
2023-09-27,Jacksonville,97,22.32,51.05,47.86,41.0,1.824,12.85,3.3,76.1
2024-08-21,San Antonio,90,19.74,38.98,53.45,49.13,,14.03,6.5,
2024-08-20,San Antonio,89,23.08,40.1,53.56,35.31,2.316,10.78,7.1,72.5
2024-01-06,Houston,130,31.88,62.05,61.18,47.84,2.999,21.68,11.2,65.2
2023-05-22,Dallas,126,27.3,64.82,68.64,42.02,2.789,19.37,22.8,39.3
2024-05-20,Los Angeles,147,37.35,86.24,79.48,54.21,2.807,19.09,23.4,52.5
2023-02-18,Columbus,106,23.83,44.11,67.24,46.85,1.748,13.02,26.5,51.1
2023-04-23,Chicago,133,30.68,64.42,94.76,44.72,2.031,18.65,33.0,25.3
2024-10-04,Chicago,105,26.03,58.27,66.44,45.06,,15.75,-4.1,81.8
2024-11-27,San Antonio,108,23.69,46.72,44.69,36.34,2.229,17.34,9.5,78.5
2024-09-02,Los Angeles,113,30.23,58.86,64.34,55.37,,25.59,1.6,94.0
2024-01-30,San Antonio,119,30.67,64.58,74.07,45.37,1.773,15.88,22.5,
2024-09-02,San Diego,104,24.83,41.12,39.8,35.07,1.8,15.29,-4.1,89.6
2024-06-25,Phoenix,,30.14,65.22,58.07,46.12,2.491,,12.5,80.9
2024-07-20,Columbus,77,20.57,39.83,55.57,44.45,1.914,11.72,14.3,63.7
2023-01-12,Austin,102,24.82,52.29,53.31,35.64,1.878,11.65,19.3,37.8
2023-04-28,Austin,125,27.04,67.1,65.81,39.32,1.911,6.18,23.0,42.1
2024-07-03,Fort Worth,109,23.96,58.19,48.03,45.09,1.981,13.13,18.2,57.8
2023-10-01,Fort Worth,109,23.13,47.31,49.45,46.18,2.282,,2.6,94.0
2023-12-06,Jacksonville,96,24.16,,70.13,36.03,1.743,17.1,6.2,67.8
2024-10-18,Philadelphia,84,21.79,39.95,58.76,47.6,2.341,17.63,-2.6,79.1
2023-04-25,Phoenix,161,37.61,88.03,97.18,53.0,2.274,13.66,34.1,25.5
2024-03-21,Chicago,138,29.83,77.11,108.5,50.04,2.565,15.92,40.1,17.2
2023-07-23,Phoenix,121,26.73,60.65,58.6,53.21,2.305,16.18,9.6,64.5
2024-04-09,New York,129,29.83,74.46,87.33,51.17,2.6,12.75,32.2,29.5
2023-09-27,Dallas,106,27.11,64.92,68.23,45.67,2.296,17.28,8.0,81.2
2023-07-02,Dallas,113,27.5,52.63,68.46,46.55,2.322,9.28,15.7,79.4
2023-04-19,Columbus,116,27.56,62.59,81.21,39.49,2.107,12.51,27.9,34.7
2024-10-02,Phoenix,94,21.4,41.46,66.71,45.71,2.11,18.74,4.0,70.4
2024-10-16,Dallas,72,17.03,41.03,53.73,44.43,2.385,23.98,1.6,95.2
2024-09-15,Houston,106,27.09,64.05,53.91,42.05,2.117,17.75,1.2,91.9
2023-06-06,Philadelphia,119,29.17,70.11,49.95,46.81,2.821,16.36,21.0,
2023-06-15,Dallas,120,28.82,64.34,52.36,45.08,2.275,17.6,9.8,40.9
2024-06-27,Charlotte,84,21.85,57.56,56.47,43.67,1.629,12.18,17.1,62.6
2023-01-01,San Jose,105,22.38,43.72,64.86,38.81,2.088,,12.4,61.5
2023-11-28,San Diego,93,22.41,37.95,60.91,32.87,2.023,6.99,10.1,54.8
2023-01-20,Los Angeles,143,30.88,69.1,82.15,49.44,2.761,16.39,25.2,62.3
2024-01-07,Charlotte,108,28.11,54.73,65.63,38.4,2.111,11.98,19.9,52.5
2023-11-11,Houston,97,20.61,51.57,51.18,59.27,2.583,19.86,2.7,75.2
2023-03-01,Houston,171,34.93,78.19,102.16,46.73,2.412,13.37,33.6,35.3
2024-08-03,Los Angeles,131,30.81,65.63,66.45,49.73,2.679,21.79,12.6,74.0
2023-03-29,Jacksonville,106,24.01,52.4,83.17,43.21,2.352,9.51,27.1,25.6
2024-05-12,Columbus,97,25.05,58.62,75.54,38.86,1.754,12.93,24.4,42.8
2023-03-12,Fort Worth,114,30.93,57.1,93.26,49.85,1.899,16.64,28.7,34.8
2024-06-29,Fort Worth,118,28.43,51.27,60.76,41.08,2.18,11.19,15.6,51.3
2023-05-09,Chicago,119,29.07,69.55,67.48,42.87,2.63,18.06,23.9,46.6
2024-11-06,San Diego,77,17.74,37.21,48.29,28.83,1.663,12.44,9.1,80.3
2024-07-16,Chicago,100,27.39,63.04,76.04,48.18,2.449,14.22,21.3,58.2
2023-09-29,Dallas,78,20.26,41.75,37.38,51.33,2.67,17.35,0.9,71.3
2024-09-13,San Antonio,79,21.46,33.99,59.27,48.44,2.054,10.19,1.2,94.5
2023-08-05,Charlotte,96,23.43,47.53,52.2,45.11,2.457,13.25,6.9,81.6
2024-07-06,Fort Worth,121,28.34,55.05,55.6,38.16,2.569,14.98,5.4,70.0
2024-12-07,Houston,135,29.89,62.47,51.38,51.63,2.458,16.27,11.2,70.2
2023-11-16,San Antonio,85,19.57,42.04,69.32,39.54,2.08,11.94,10.5,80.4
2024-11-18,Austin,74,14.08,35.08,56.33,38.92,1.976,12.28,-3.5,70.4
2024-01-18,San Diego,115,27.32,58.18,75.44,42.09,1.709,10.72,18.0,35.8
2024-06-13,San Diego,88,21.7,42.42,66.43,35.31,1.721,14.67,23.2,64.1
2023-05-04,Houston,132,30.99,80.07,86.17,50.8,2.547,25.85,21.7,28.5
2023-08-19,Los Angeles,134,30.49,68.71,58.17,48.27,2.807,17.45,4.6,95.0
2023-12-13,New York,110,25.81,59.51,70.77,35.65,2.436,17.08,14.6,73.8
2024-08-25,Dallas,124,27.67,58.01,60.82,55.21,2.128,14.62,-0.5,78.2
2023-08-24,San Jose,91,22.37,53.31,70.91,44.29,2.151,10.78,6.8,74.9
2023-08-14,New York,103,25.01,60.34,65.68,39.43,2.265,13.3,3.9,82.3
2023-03-14,Jacksonville,127,19.82,45.47,92.69,35.59,1.921,16.98,38.3,19.6
2024-10-08,New York,100,24.21,58.16,283.97,,2.592,15.88,6.3,69.3
2023-08-23,Los Angeles,135,28.16,54.23,55.97,62.21,2.917,19.11,2.4,86.7
2023-02-02,Columbus,134,29.36,67.13,71.88,39.46,2.01,11.65,21.2,61.8
2023-12-05,Los Angeles,116,28.83,68.26,56.06,51.06,2.018,24.7,11.9,92.9
2024-06-10,Houston,113,29.83,68.92,69.95,49.74,2.092,16.29,16.6,57.6
2023-10-13,Austin,86,21.82,48.99,34.29,35.94,1.39,9.54,-5.6,93.9
2024-05-12,Houston,146,33.9,76.5,99.12,51.26,3.208,19.6,35.3,31.8
2024-07-06,Chicago,114,27.54,60.19,79.3,46.55,2.139,18.08,7.9,76.5
2024-08-07,San Jose,107,24.42,46.51,56.1,30.29,1.698,14.76,2.3,95.7
2024-04-29,Houston,147,34.7,78.28,95.66,44.68,2.536,20.17,31.9,38.6
2024-04-29,Fort Worth,148,33.82,79.51,105.02,45.55,2.139,18.38,39.1,34.3
2024-02-21,Houston,171,37.28,82.74,80.58,47.29,2.756,22.23,27.7,56.5
2023-04-07,Los Angeles,139,33.16,78.66,98.28,46.98,2.35,22.26,33.9,40.8
2024-11-05,San Antonio,96,21.96,44.31,60.11,39.75,2.093,15.62,10.0,73.9
2023-12-29,San Antonio,115,24.24,43.09,63.35,44.25,2.561,19.45,12.0,73.0
2024-02-25,San Diego,88,20.37,50.32,67.74,37.0,1.838,16.21,26.0,23.4
2023-10-15,San Jose,90,21.72,48.85,41.92,38.86,1.11,13.2,-7.5,97.8
2023-02-25,Austin,114,28.14,56.24,67.55,38.63,2.15,18.71,21.2,50.6
2024-10-31,Austin,82,20.26,32.2,58.17,33.56,2.071,11.44,17.8,66.0
2023-04-11,New York,114,29.56,68.81,84.2,42.21,1.703,14.55,30.8,45.4
2024-02-17,Jacksonville,110,28.14,55.65,60.06,38.66,1.596,16.39,22.8,36.0
2023-12-14,Fort Worth,102,26.69,53.5,54.21,36.97,2.229,9.43,11.1,53.9
2023-04-22,Houston,141,36.85,64.53,77.44,47.67,2.474,22.35,26.8,53.0
2023-07-16,Houston,132,30.41,63.28,,,2.66,19.96,15.3,45.1
2024-07-03,San Diego,75,19.33,38.23,48.51,36.33,1.909,9.59,16.7,65.5
2023-05-24,San Antonio,130,29.54,70.92,59.96,49.78,1.389,26.23,20.4,44.1
2023-07-07,Phoenix,116,26.94,54.56,,52.54,2.551,21.36,10.3,75.0
2024-04-18,Houston,138,36.57,76.76,79.49,46.06,3.014,22.15,28.4,49.2
2023-03-19,San Diego,95,21.28,43.17,59.66,29.05,0.813,13.76,23.2,36.5
2024-07-17,Los Angeles,140,33.46,75.75,56.13,50.04,2.569,17.45,11.6,73.7
2023-02-21,Austin,107,18.6,47.58,75.22,34.25,1.965,14.22,35.3,34.0
2024-07-07,Columbus,89,21.08,42.3,55.59,41.52,1.734,16.84,16.4,62.9
2023-01-16,Los Angeles,129,32.51,64.84,75.55,39.14,3.045,8.51,18.3,37.1
2023-08-31,Chicago,110,25.55,53.08,39.69,49.3,,15.31,-3.8,93.5
2024-02-21,San Diego,88,20.4,45.65,69.24,35.21,1.601,8.95,23.0,42.1
2024-05-07,Houston,151,32.67,69.89,75.64,50.01,2.751,22.78,24.4,35.8
2024-02-15,Charlotte,123,26.4,58.73,76.56,43.89,2.103,15.71,23.1,40.5
2023-03-02,Chicago,118,30.22,69.91,71.28,47.52,1.586,13.54,21.7,52.1
2024-01-24,New York,109,29.14,61.38,58.23,40.17,2.144,16.14,19.2,37.3
2024-02-04,Phoenix,144,33.81,70.6,88.88,51.84,2.13,21.7,28.4,41.3
2024-04-10,Phoenix,131,29.93,73.16,75.24,56.26,2.246,19.55,17.9,41.8
2024-03-09,Jacksonville,95,20.33,53.43,73.55,41.17,2.152,22.93,31.4,29.5
2024-07-23,Austin,122,26.89,46.84,46.82,42.04,1.639,13.88,,62.4
2024-05-13,Chicago,139,32.09,65.71,109.63,50.08,2.001,20.34,35.4,52.2
2023-07-14,Phoenix,105,26.44,60.04,62.33,43.61,2.676,22.25,14.1,59.2
2023-08-11,New York,131,26.66,66.93,59.47,43.6,2.013,17.08,4.1,67.9
2024-08-16,Jacksonville,109,23.98,43.91,54.65,33.72,1.868,15.15,-2.1,61.0
2024-07-09,New York,114,22.03,53.66,53.53,41.19,1.892,11.87,,55.2
2023-11-18,New York,105,27.98,56.38,66.72,40.87,2.237,15.54,8.8,88.0
2023-02-21,San Jose,117,30.49,67.21,60.51,41.14,1.927,14.45,27.8,49.3
2024-05-03,Dallas,119,29.69,70.07,96.31,39.95,2.079,20.53,31.0,29.6
2024-06-27,Chicago,98,26.21,52.46,60.55,51.14,2.309,21.92,16.1,37.8
2023-02-28,Dallas,119,29.71,61.58,86.92,37.97,2.401,17.38,25.4,26.3
2023-03-24,Columbus,117,27.32,66.77,73.8,37.67,1.245,22.51,24.3,27.3
2023-07-10,Los Angeles,128,27.31,56.89,79.37,48.43,2.75,21.07,16.5,59.6
2024-09-01,Los Angeles,132,32.77,68.52,64.83,56.71,2.448,18.61,5.4,68.1
2024-11-22,Columbus,63,14.83,23.14,52.26,39.33,2.14,10.31,4.7,82.2
2023-08-29,San Antonio,82,22.28,47.43,54.33,35.27,2.249,15.53,5.9,64.9
2023-05-03,Charlotte,122,30.91,58.68,96.02,41.28,1.573,11.9,23.8,45.3
2024-08-06,Houston,101,29.78,64.82,64.53,41.43,3.185,14.04,14.4,83.5
2024-08-15,San Jose,67,14.67,28.07,54.26,47.68,,17.45,3.0,92.5
2023-02-10,San Jose,85,20.38,34.76,,36.59,1.314,19.74,21.2,
2023-03-25,San Antonio,,28.83,70.79,89.26,43.98,1.735,10.38,29.2,42.1
2024-11-04,San Jose,74,15.2,40.34,58.92,40.54,2.058,11.76,3.6,78.8
2024-08-01,Dallas,127,29.18,53.77,67.37,46.96,2.489,19.91,5.4,74.7
2023-11-20,Charlotte,63,20.09,35.86,38.94,40.86,2.113,17.65,12.6,75.1
2023-09-25,Houston,109,23.95,48.37,55.11,49.43,2.775,23.83,-5.2,91.7
2024-11-16,Jacksonville,101,22.83,55.47,59.91,45.33,,14.1,2.2,80.6
2023-11-18,Houston,116,26.66,60.93,,44.05,2.91,22.05,3.5,65.6
2023-09-29,San Antonio,107,23.93,54.08,50.72,38.81,1.429,23.17,0.8,74.4
2023-05-15,Austin,110,27.72,69.42,63.69,31.95,2.018,17.77,23.6,24.6
2024-10-22,Phoenix,129,28.43,57.95,53.46,41.06,2.456,17.64,-1.7,91.9
2024-04-13,Philadelphia,124,30.69,68.35,93.96,45.33,2.315,12.2,26.6,44.4
2023-03-16,New York,102,24.66,51.71,52.59,41.49,2.295,17.2,,42.6
2024-04-14,San Jose,105,24.53,,80.79,32.06,1.647,13.12,30.8,30.4
2024-07-30,Los Angeles,112,25.49,49.4,61.81,52.7,2.515,22.37,3.3,78.6
2023-03-17,Dallas,131,34.14,67.54,75.28,48.62,2.793,15.6,28.8,28.5
2023-08-07,Dallas,140,28.47,56.57,56.28,38.61,2.327,15.98,3.7,82.6
2023-09-29,Chicago,77,19.0,43.61,49.68,45.36,,12.85,0.6,95.7
2023-12-24,Charlotte,74,15.67,37.76,56.3,46.3,2.347,13.21,13.8,69.5
2023-03-12,Charlotte,141,31.71,65.07,106.61,46.07,2.118,19.47,38.0,22.6
2023-09-08,Philadelphia,84,22.9,46.78,64.43,42.39,2.569,12.58,-0.4,69.7
2023-10-19,Chicago,89,22.96,35.45,51.24,45.51,2.938,13.4,3.6,95.0
2024-03-24,Columbus,133,25.86,65.13,95.25,37.55,2.107,,35.3,33.6
2024-07-10,Jacksonville,111,27.42,64.44,81.14,37.33,1.487,9.17,15.9,52.0
2023-11-06,San Jose,109,26.14,55.56,45.49,37.11,1.541,9.54,-6.5,86.5
2024-10-31,Dallas,75,22.6,54.29,53.22,48.1,2.786,12.82,2.1,78.2
2023-01-09,Austin,111,26.38,53.09,56.14,45.13,1.884,13.71,12.9,66.4
2024-07-21,Phoenix,132,31.67,70.99,71.88,51.48,2.069,10.99,4.8,75.5
2024-11-04,Columbus,77,18.77,42.83,51.74,42.77,2.578,16.21,4.6,77.1
2024-11-10,Los Angeles,124,27.72,46.54,58.88,58.47,3.07,16.11,1.9,83.0
2023-05-18,Phoenix,146,36.38,72.59,84.24,46.91,2.336,21.71,25.5,44.4
2023-04-29,Charlotte,129,30.33,65.85,90.64,33.3,1.75,13.32,36.2,15.6
2023-04-20,Jacksonville,127,26.58,56.44,88.83,41.17,2.051,14.23,36.0,44.1
2024-07-20,Chicago,113,29.03,61.7,,46.15,2.514,14.76,10.0,61.1
2023-10-06,Phoenix,108,24.45,55.77,72.59,52.62,2.349,20.09,-0.7,92.7
2024-09-11,Houston,63,18.44,38.86,65.97,49.43,2.691,21.26,7.5,57.5
2023-12-18,Houston,121,27.96,59.26,70.82,52.61,2.058,20.39,5.9,56.5
2024-12-04,Austin,94,28.65,64.37,48.91,38.5,2.343,10.21,1.4,77.3
2023-09-28,Dallas,112,24.4,60.47,57.89,39.61,2.154,8.62,2.8,88.3
2024-05-15,Phoenix,,27.02,61.87,51.55,39.12,,15.13,21.7,26.1
2023-02-22,Los Angeles,159,38.95,85.5,89.8,49.57,2.185,12.72,30.5,35.7
2024-10-11,San Antonio,103,22.41,47.23,53.03,36.97,2.26,14.66,-4.3,94.3
2023-10-11,New York,107,27.41,59.04,40.07,48.76,1.926,14.16,9.0,86.3
2023-01-04,Philadelphia,116,26.81,64.02,65.03,48.48,2.362,12.52,15.8,52.8
2023-05-14,Austin,102,25.85,55.97,73.93,35.92,1.892,14.46,22.8,36.5
2023-09-26,Chicago,121,26.03,47.83,62.21,47.13,2.679,18.11,1.9,78.0
2024-03-28,Dallas,146,36.68,80.96,78.52,43.41,1.671,19.28,28.3,29.7
2024-12-23,San Antonio,111,25.38,59.41,60.46,,1.973,15.47,11.8,60.3
2024-07-28,New York,86,18.16,45.69,54.88,44.63,2.302,17.94,13.6,74.1
2023-04-25,Los Angeles,167,38.9,82.37,111.18,47.21,3.135,19.57,36.5,47.1
2024-12-08,Charlotte,82,20.23,47.16,53.22,37.74,1.806,12.5,12.2,79.7
2023-06-02,Dallas,133,31.1,69.71,51.29,49.02,2.225,17.55,17.6,64.5
2023-02-06,Columbus,132,27.9,56.49,66.42,46.04,1.626,17.57,25.7,43.4
2024-01-14,San Jose,110,27.19,61.45,56.6,42.01,1.803,8.36,21.4,61.8
2024-07-19,Chicago,,27.02,56.0,61.04,48.28,2.1,11.66,,73.2
2024-03-16,Chicago,145,30.51,67.64,108.05,42.04,2.043,17.99,33.1,25.7
2023-02-12,Phoenix,157,33.26,81.59,75.92,47.25,2.487,,25.8,53.3
2024-01-09,Charlotte,141,31.11,59.94,55.82,38.14,1.926,14.98,10.0,
2023-02-10,Charlotte,114,24.86,49.0,71.54,45.26,1.076,7.92,22.5,48.7
2024-01-02,Houston,161,39.45,83.06,51.19,57.55,2.239,15.96,13.4,58.0
2024-11-29,Houston,132,29.44,68.14,44.63,39.91,2.933,17.45,1.5,79.0
2024-11-13,Los Angeles,105,25.49,53.47,49.62,51.34,3.133,14.56,10.6,69.9
2023-12-29,Fort Worth,97,28.66,59.31,74.51,44.64,2.469,15.19,21.2,57.2
2024-07-27,Charlotte,70,22.3,51.15,71.13,37.38,2.041,14.93,18.9,60.2
2024-02-21,San Jose,123,25.65,65.78,91.52,39.51,,14.97,27.9,34.0
2023-06-08,Charlotte,129,28.13,60.91,51.49,46.36,1.974,16.76,16.0,54.4
2023-08-31,Columbus,99,25.72,52.18,35.36,34.36,2.038,8.84,2.4,79.2
2023-06-16,Fort Worth,109,26.71,56.42,55.26,40.91,1.524,14.04,9.3,56.6
2023-07-01,Charlotte,93,20.47,47.74,57.16,35.16,2.195,11.52,20.9,56.6
2024-02-27,New York,125,27.81,61.84,104.25,41.39,3.081,25.61,34.7,31.4
2023-07-03,Jacksonville,102,24.24,44.76,49.52,38.15,2.257,11.25,17.0,57.2
2023-12-07,Fort Worth,108,27.62,52.26,58.01,45.13,2.012,21.51,8.1,77.5
2024-02-26,Fort Worth,96,22.49,53.27,78.81,41.56,2.05,13.29,28.4,26.8
2024-11-16,Columbus,79,17.97,40.2,61.98,44.13,1.973,12.86,6.6,90.5
2023-09-12,Phoenix,111,22.25,48.96,54.33,45.91,2.84,12.62,-3.2,
2023-06-13,Fort Worth,126,28.17,68.24,70.38,39.55,2.575,11.37,25.7,34.9
2024-12-19,Los Angeles,134,33.57,74.77,63.71,54.39,2.531,15.13,10.5,61.3
2024-01-27,Columbus,119,27.42,67.27,66.55,37.01,2.089,24.14,16.4,50.4
2023-02-09,Columbus,92,,45.66,70.28,35.87,2.184,12.68,26.7,38.1
2024-04-26,Houston,148,33.93,76.24,97.04,40.67,2.628,17.65,30.9,40.6
2023-07-24,Columbus,103,22.5,50.46,42.69,37.17,2.309,17.05,12.9,62.0
2024-04-16,Philadelphia,125,30.82,65.96,99.61,50.69,1.702,22.38,33.7,29.8
2023-11-09,Columbus,74,17.35,34.28,57.56,48.35,2.12,19.55,2.8,77.4
2023-08-22,Houston,118,29.22,65.72,62.07,49.94,2.625,20.34,3.4,94.0
2023-01-25,Austin,84,21.34,45.56,60.74,45.87,,13.39,25.2,47.7
2023-07-17,San Antonio,104,26.41,53.44,50.79,39.52,2.155,18.23,5.8,64.8
2023-12-03,Phoenix,101,24.69,54.0,68.17,51.88,2.054,20.18,5.9,81.1
2023-03-13,Fort Worth,135,25.93,74.55,90.9,36.12,1.801,12.31,29.1,14.3
2023-10-13,Philadelphia,90,17.9,46.39,55.09,43.74,2.141,13.68,1.2,78.6
2024-10-30,Charlotte,113,23.31,43.49,59.68,38.77,2.218,13.54,,84.0
2024-10-18,Dallas,109,27.86,54.41,66.64,44.09,2.223,13.04,13.0,62.4
2024-02-14,Austin,109,25.68,59.36,57.72,36.26,2.099,10.62,13.5,60.2
2024-07-03,Philadelphia,100,27.28,65.5,59.97,41.58,1.828,14.45,22.0,54.4
2023-01-29,Los Angeles,159,35.39,76.24,82.73,47.41,3.088,21.9,18.1,53.6
2023-09-25,Chicago,95,18.42,42.4,50.33,46.18,2.322,15.33,-5.1,94.0
2024-08-17,Phoenix,97,21.54,51.15,62.32,50.32,2.704,14.77,7.4,86.4
2023-02-09,Los Angeles,136,32.53,79.21,99.6,47.8,2.632,20.02,31.0,29.9
2024-09-02,San Antonio,102,23.22,51.47,45.64,42.81,2.137,6.45,-2.6,85.5
2023-12-20,Jacksonville,115,24.99,59.12,56.38,38.51,1.395,21.93,7.4,71.6
2023-11-18,San Antonio,113,27.9,56.52,51.27,35.96,2.788,13.47,1.7,79.3
2024-09-12,Dallas,104,25.22,50.91,49.81,52.13,2.42,20.13,-4.8,77.7
2023-04-29,San Antonio,100,28.73,66.31,60.45,46.73,2.249,10.9,21.8,40.6
2024-08-13,Houston,83,22.11,40.53,55.58,49.52,2.578,16.03,8.7,75.5
2023-09-18,New York,117,23.94,59.3,65.72,39.13,2.276,13.03,4.0,91.4
2024-12-26,San Antonio,122,27.44,59.0,55.17,30.7,2.285,16.43,11.3,67.4
2023-01-02,Dallas,131,30.47,69.24,53.99,48.46,2.303,12.81,14.3,46.2
2024-07-05,Austin,79,18.05,31.76,56.21,42.83,1.39,15.04,16.0,55.6
2024-11-17,Houston,103,24.3,52.37,66.32,51.2,2.552,25.53,-6.5,76.4
2024-01-08,San Antonio,105,25.11,52.86,47.24,48.43,2.385,14.75,17.5,61.6
2023-03-13,Austin,124,25.76,47.32,52.44,47.42,1.489,13.16,29.2,42.5
2023-12-05,San Jose,89,18.64,44.37,43.81,33.32,2.202,12.75,3.1,73.7
2023-11-18,Austin,90,23.82,48.84,50.42,38.55,2.322,12.23,,62.5
2023-05-08,Jacksonville,110,21.06,48.76,73.58,45.69,2.121,15.78,27.6,26.9
2023-11-04,Dallas,81,18.51,51.73,63.72,38.98,,16.62,7.4,76.8
2023-11-13,Austin,,15.41,35.01,60.19,36.89,1.419,20.26,2.0,80.5
2024-02-23,Philadelphia,,17.75,48.51,97.1,42.34,2.308,10.85,49.7,44.8
2024-02-17,Jacksonville,127,22.32,45.59,88.1,36.69,2.01,10.9,34.2,29.2
2023-10-30,Dallas,124,27.67,64.33,52.37,40.67,2.129,22.44,-1.4,89.3
2023-05-11,Houston,131,26.95,56.11,67.69,46.22,3.144,14.2,21.8,37.3
2024-03-06,Austin,97,24.62,57.43,87.71,28.78,1.532,18.89,30.1,37.3
2023-11-24,Charlotte,95,24.26,49.22,52.44,46.78,2.056,14.49,-8.4,72.2
2024-01-24,Austin,107,22.36,45.38,79.08,33.12,1.328,18.51,22.2,42.4
2023-06-28,San Jose,108,22.86,56.76,50.12,52.55,1.719,11.0,9.1,70.7
2024-08-05,Phoenix,89,20.8,45.94,63.51,51.58,2.199,18.81,10.2,92.8
2024-02-20,Dallas,144,33.08,68.39,70.68,41.44,2.624,22.8,22.6,58.8
2023-01-01,Phoenix,132,32.67,67.09,62.29,44.48,1.924,14.98,9.0,47.1
2023-10-21,Houston,112,26.62,53.09,59.93,44.62,2.961,20.83,5.2,
2024-03-16,Fort Worth,130,25.8,62.96,75.04,49.19,2.543,16.66,31.0,18.2
2024-08-16,San Jose,74,16.99,36.38,42.16,37.41,1.935,15.63,3.8,59.1
2024-11-01,Philadelphia,115,25.74,55.39,62.99,41.07,2.728,12.34,-5.8,78.0
2024-04-21,San Diego,107,24.9,57.16,71.3,38.77,1.361,10.19,29.3,18.4
2024-03-28,Austin,118,24.66,64.28,78.03,38.06,2.139,18.7,27.7,54.1
2023-08-07,Dallas,97,21.69,57.1,77.31,54.76,2.063,20.54,7.7,81.2
2024-04-29,Fort Worth,106,23.44,54.78,79.51,44.42,2.312,19.67,31.2,22.8
2023-06-23,Austin,90,25.29,52.45,75.01,37.1,1.821,16.89,16.1,64.9
2023-03-28,Phoenix,161,35.69,86.83,115.2,47.75,2.375,15.79,34.4,37.9
2024-06-11,Austin,99,24.08,56.25,80.85,42.73,2.145,22.18,32.4,49.3
2024-10-10,San Jose,81,16.16,40.37,60.88,36.53,1.717,13.89,-6.1,82.4
2023-12-10,Los Angeles,113,27.25,61.81,59.74,44.69,2.947,19.72,10.2,63.0
2023-08-29,Austin,82,20.48,43.39,48.23,43.81,2.447,14.06,5.4,78.1
2023-11-14,Houston,112,26.96,58.2,61.48,59.24,2.564,20.32,3.3,88.4
2023-07-23,Chicago,107,26.13,46.72,63.51,39.27,2.123,15.12,8.8,61.1
2023-01-26,New York,136,,74.68,73.4,43.48,2.534,9.08,21.1,36.4
2023-09-08,San Diego,64,18.98,37.28,46.04,37.78,1.462,12.71,-5.5,82.7
2024-09-17,Columbus,86,21.74,38.79,49.8,43.18,2.255,14.48,-4.5,72.8
2023-03-16,San Diego,98,21.45,51.16,70.65,27.53,1.478,7.48,28.4,8.6
2024-02-29,Charlotte,147,34.68,77.14,68.34,39.93,1.791,14.97,25.2,33.3
2024-10-06,San Jose,109,23.7,50.3,47.15,33.47,1.446,16.36,1.3,94.6
2023-07-19,Jacksonville,97,18.52,47.23,67.44,34.67,1.734,14.42,7.9,63.4
2024-12-14,San Antonio,108,22.21,54.43,57.58,36.49,2.408,14.44,0.8,81.0
2024-05-21,San Antonio,108,24.8,58.3,79.21,50.49,2.058,14.98,,28.6
2023-09-07,Chicago,89,24.0,53.67,52.32,42.22,1.493,12.28,0.3,84.1
2024-11-02,Jacksonville,89,20.25,43.43,63.77,42.12,1.85,17.17,6.0,92.0
2023-01-06,Charlotte,92,21.76,48.86,75.12,41.3,1.865,8.03,26.2,39.4
2023-04-20,Fort Worth,131,31.33,73.56,79.42,41.23,2.331,23.57,30.6,19.4
2024-03-11,Houston,128,30.05,73.39,93.37,,2.173,18.94,32.4,35.1
2023-06-30,Fort Worth,99,23.37,45.75,59.09,45.69,1.978,18.05,22.5,94.4
2024-12-13,Dallas,100,23.74,49.47,57.96,35.98,2.704,17.02,9.6,84.7
2024-04-20,New York,116,32.17,70.64,85.11,37.57,2.419,,33.4,13.1
2024-07-24,Houston,136,28.19,70.21,62.99,50.1,3.098,17.12,3.7,62.9
2023-05-05,San Diego,114,28.32,48.68,91.34,38.0,1.872,15.4,41.3,32.9
2023-05-17,Fort Worth,113,21.46,37.92,77.32,41.29,1.999,18.25,23.0,32.8
2024-04-20,Austin,94,26.0,60.33,83.34,37.57,2.056,13.74,31.3,46.2
2024-06-27,Dallas,132,25.48,52.28,73.67,49.51,1.747,9.58,14.1,60.7
2024-09-01,Philadelphia,97,26.45,57.36,58.27,52.12,2.999,16.92,-4.9,85.6
2024-03-29,San Jose,101,18.86,39.75,80.27,40.11,2.018,11.08,39.2,26.0
2024-05-31,San Antonio,113,25.44,58.18,52.1,42.41,1.683,14.21,21.2,41.2
2024-07-15,San Diego,93,20.5,46.72,42.17,35.09,0.856,11.06,7.4,74.0
2023-06-12,Jacksonville,100,24.94,61.74,69.74,38.15,1.744,11.87,19.6,44.9
2024-05-01,San Diego,79,16.72,34.8,69.94,38.57,,14.32,28.4,30.4
2024-04-27,Charlotte,111,27.37,60.02,68.65,43.59,2.272,18.72,26.6,38.5
2023-09-23,Fort Worth,76,15.74,35.88,51.93,42.34,2.308,16.6,-1.7,95.0
2023-09-11,Columbus,114,26.44,59.18,49.9,40.84,1.622,17.49,3.9,74.8
2024-10-14,Phoenix,117,26.48,65.55,55.84,41.01,2.605,13.51,,84.3
2024-06-17,San Diego,92,23.36,47.05,67.61,36.99,1.938,11.41,11.1,67.4
2024-10-03,Houston,111,24.14,55.61,49.66,47.64,2.521,,-4.7,97.7
2023-10-09,San Diego,60,15.56,36.3,53.09,31.88,2.35,13.65,6.5,67.5
2023-03-21,Jacksonville,133,28.81,71.73,57.17,37.18,2.255,11.06,26.8,16.6
2024-08-29,Chicago,128,28.07,58.15,59.97,48.66,2.485,15.51,6.9,69.5
2023-10-20,Houston,98,25.19,57.54,72.01,41.74,2.505,25.16,-4.9,80.1
2023-10-06,Philadelphia,94,23.23,40.75,52.97,48.35,2.729,19.31,-5.0,83.6
2023-11-24,Charlotte,113,23.88,,44.77,37.4,1.843,9.0,4.0,65.8
2024-07-07,Los Angeles,173,35.11,94.32,55.61,57.64,3.049,18.38,10.3,62.9
2023-05-22,Chicago,111,25.93,59.07,,43.4,2.91,17.52,19.5,41.6
2023-08-25,San Antonio,102,22.02,41.43,53.36,33.28,1.906,20.91,-7.5,72.0
2024-12-11,Chicago,100,23.2,54.7,55.39,42.8,3.1,21.2,0.8,84.0
2024-12-24,Houston,136,29.97,70.56,57.09,48.67,3.117,17.76,15.4,59.2
2023-03-07,San Antonio,115,23.26,61.24,90.4,,2.39,16.18,35.7,12.6
2024-02-22,Philadelphia,129,32.99,61.25,88.85,48.7,2.549,15.86,26.9,44.0
2024-07-09,San Diego,125,27.4,49.62,50.55,32.97,1.209,16.62,19.7,62.1
2024-03-01,New York,84,22.06,,73.01,44.44,2.508,15.01,19.7,30.3
2023-07-31,Columbus,139,29.6,64.29,67.46,46.02,1.808,17.35,6.2,73.7
2024-03-06,San Antonio,127,29.14,69.2,77.02,43.35,1.51,23.39,31.4,31.2
2024-08-21,Jacksonville,84,20.26,42.69,53.01,43.19,2.135,19.75,,68.6
2023-01-21,Columbus,93,24.54,50.92,53.35,41.31,2.146,13.63,16.0,60.5
2024-08-12,San Antonio,66,14.09,35.98,54.82,43.56,1.901,19.53,3.3,92.4
2024-05-03,New York,122,29.45,68.06,76.09,36.53,2.183,19.21,22.9,34.7
2023-12-27,Phoenix,136,29.42,65.01,69.93,52.92,2.636,18.07,11.7,56.5
2024-08-27,Charlotte,84,20.05,45.07,44.97,35.74,2.806,8.91,0.5,86.3
2024-02-04,Columbus,147,32.6,69.39,68.77,37.52,2.217,9.92,26.6,44.0
2024-03-05,Dallas,138,30.59,61.48,103.01,51.69,,13.52,38.5,18.4
2024-07-13,Fort Worth,97,24.5,51.53,69.36,46.5,2.692,23.66,9.3,59.4
2024-09-09,Charlotte,117,24.87,54.01,54.41,41.46,1.995,16.85,-3.0,94.3
2023-08-14,San Diego,90,20.97,42.85,44.92,33.54,1.759,9.43,2.5,78.2
2023-08-13,Phoenix,110,23.36,51.47,58.13,54.8,2.241,9.49,1.6,68.4
2024-03-22,San Diego,97,19.31,40.39,74.9,39.62,1.709,13.57,25.6,23.3
2023-01-30,San Antonio,122,25.39,63.54,59.42,47.95,1.799,18.72,22.0,30.8
2023-12-11,Austin,108,,50.73,47.65,41.24,2.004,13.45,12.4,64.4
2024-11-26,Fort Worth,99,26.89,56.04,62.7,40.67,2.492,14.74,9.1,77.0
2024-02-19,Jacksonville,121,26.87,64.45,77.57,34.87,1.245,11.82,33.3,39.6
2023-06-19,Columbus,111,26.46,51.94,79.64,30.19,2.096,13.04,29.5,31.1
2024-04-23,Charlotte,121,23.54,56.75,88.81,39.66,1.918,17.22,25.0,36.4
2023-05-11,San Jose,115,23.94,53.73,57.21,41.85,1.825,9.12,21.6,33.7
2024-06-30,New York,93,20.98,48.96,78.61,45.78,2.304,12.77,14.0,75.9
2024-02-08,San Jose,80,21.71,,56.89,36.67,1.664,11.41,21.7,44.3
2024-07-31,Austin,94,24.17,47.54,45.84,44.48,1.925,20.14,16.2,94.3
2023-01-28,Los Angeles,170,36.12,84.9,72.79,47.58,2.818,21.67,14.1,30.9
2024-10-20,San Antonio,88,23.12,42.61,58.87,39.81,2.372,9.47,5.6,88.0
2023-05-19,Columbus,125,27.81,52.26,80.59,43.59,1.335,17.01,29.9,46.7
2024-04-17,Chicago,141,34.49,70.31,79.31,45.72,2.635,18.49,29.6,48.2
2023-02-21,Phoenix,145,33.02,71.04,83.43,43.22,3.126,14.37,26.0,34.3
2024-01-24,Philadelphia,121,26.17,53.31,87.0,40.77,2.413,18.81,16.4,46.1
2023-08-05,San Diego,80,15.72,35.67,62.95,36.99,1.556,16.13,16.2,67.9
2023-12-01,Philadelphia,103,27.06,56.88,70.32,42.73,2.285,16.18,14.0,54.9
2024-01-24,Phoenix,133,31.53,66.37,60.44,45.22,2.644,13.46,12.8,39.4
2024-03-07,Phoenix,157,36.2,76.54,107.05,47.99,2.376,13.78,33.2,48.4
2023-03-25,San Diego,88,20.87,43.67,60.18,30.66,1.819,14.4,23.2,41.0
2023-01-20,Jacksonville,83,20.35,48.49,56.06,34.29,1.963,16.0,20.8,51.9
2024-07-06,New York,143,32.44,58.02,58.2,47.97,1.474,16.33,16.6,67.7
2023-12-25,Houston,134,32.66,66.22,69.06,59.46,2.391,14.89,9.0,66.9
2024-10-27,Los Angeles,128,27.91,61.46,63.95,54.68,2.454,14.34,0.5,91.1
2024-10-29,New York,96,25.04,58.37,49.89,48.12,2.313,16.9,3.2,77.6
2023-02-01,Houston,124,30.01,70.16,106.86,49.33,2.42,20.18,34.0,22.6
2023-07-24,Columbus,79,19.29,41.86,43.55,42.25,2.182,20.0,14.5,60.6
2023-01-21,San Jose,109,23.94,56.13,83.8,33.35,1.699,9.41,35.1,59.5
2023-06-06,Houston,113,27.22,59.04,87.39,45.24,2.493,20.04,28.1,40.7
2023-05-10,San Diego,89,16.22,36.41,70.87,35.46,2.147,10.94,27.4,39.7
2024-11-16,Los Angeles,141,30.02,59.99,66.73,44.07,2.807,21.17,3.3,93.6
2024-07-31,Houston,136,31.51,72.93,72.6,49.35,3.267,24.78,12.9,71.4
2024-04-21,Jacksonville,91,21.94,51.87,75.97,43.76,2.108,13.02,26.2,33.0
2023-09-20,Fort Worth,95,23.61,50.43,,42.81,,10.75,0.4,80.5
2024-01-13,Chicago,132,27.9,71.31,50.73,52.71,2.31,13.1,19.3,60.6
2024-09-12,San Jose,122,25.83,55.56,48.68,46.12,1.619,17.07,6.7,79.8
2023-04-28,Fort Worth,115,26.12,65.24,80.08,45.12,2.359,,34.5,9.3
2023-06-17,Phoenix,114,29.61,65.21,65.65,46.93,2.594,17.14,16.0,60.5
2023-04-21,San Jose,110,18.93,47.73,80.18,42.6,1.898,10.81,31.2,34.7
2023-01-27,Charlotte,108,26.24,60.49,60.25,42.11,1.425,15.87,21.3,47.3
2023-11-16,San Jose,63,15.27,36.37,52.7,38.28,1.258,19.66,9.2,57.0
2024-11-24,Charlotte,98,24.18,53.93,51.01,45.51,2.107,11.73,6.9,80.7
2024-01-20,San Antonio,121,28.71,58.36,,34.09,1.682,18.56,11.7,59.2
2023-07-23,Los Angeles,131,31.55,62.59,68.31,47.22,3.045,17.06,13.1,96.2
2024-08-29,Jacksonville,82,21.11,50.81,51.5,39.17,2.209,12.89,1.8,69.5
2024-10-04,Houston,109,23.65,50.06,53.24,48.39,2.719,14.18,,80.4
2023-04-15,Jacksonville,118,28.17,60.92,74.34,31.97,1.757,11.8,26.1,30.4
2023-11-05,Columbus,88,19.46,42.63,55.92,36.58,1.846,14.19,12.8,61.6
2024-12-01,San Jose,111,23.48,44.67,45.26,40.18,2.381,11.17,-3.9,76.0
2023-05-04,Fort Worth,143,33.45,54.4,66.64,50.46,2.366,12.52,26.6,50.6
2024-08-02,Fort Worth,98,21.67,47.27,64.27,43.63,2.117,16.89,13.9,65.2
2023-02-12,Philadelphia,109,21.77,46.0,81.55,46.42,2.166,21.37,19.8,40.2
2024-06-29,San Antonio,113,25.41,52.64,56.36,49.04,1.467,23.69,10.0,47.6
2024-11-08,Philadelphia,93,22.12,44.64,61.73,38.04,2.153,14.48,3.8,73.4
2023-03-12,Dallas,145,32.88,74.54,74.88,49.29,,12.68,22.2,29.6
2024-10-25,Philadelphia,113,25.14,54.15,61.57,47.88,2.443,14.06,7.3,84.3
2023-01-13,Columbus,98,24.12,48.43,61.88,31.81,1.81,,17.9,53.7
2024-03-06,Columbus,107,28.56,62.36,72.06,41.59,,12.81,29.4,38.0
2024-05-16,Los Angeles,165,39.19,88.95,72.02,53.58,2.528,18.09,19.8,51.5
2024-03-19,Philadelphia,136,29.79,60.39,109.88,47.29,2.574,19.39,32.4,25.1
2024-10-12,Charlotte,81,20.16,42.22,52.85,33.12,2.502,16.46,-1.4,81.2
2024-04-15,Jacksonville,96,23.18,56.85,77.08,37.81,1.756,11.84,30.3,36.2
2023-06-06,San Antonio,141,28.88,69.86,74.3,47.28,2.03,13.25,23.5,59.1
2023-06-30,Jacksonville,85,18.73,40.24,62.76,38.53,2.131,9.47,14.0,58.7
2024-06-18,Austin,110,26.9,43.79,61.31,37.18,1.213,8.19,24.5,54.8
2023-10-04,San Jose,103,27.23,41.5,46.11,45.9,1.655,11.47,-1.0,96.2
2024-07-05,Fort Worth,132,27.43,65.13,62.1,42.29,2.108,,26.2,59.8
2024-05-10,San Diego,90,22.32,55.63,70.84,36.43,2.093,14.65,22.5,47.8
2024-03-22,Columbus,144,30.47,67.18,98.71,55.15,2.23,11.81,32.8,26.0
2024-08-29,Phoenix,139,32.92,61.22,60.1,47.78,2.306,17.48,2.7,83.2
2023-11-27,Columbus,83,20.29,42.29,40.03,44.65,2.03,14.42,8.9,56.8
2023-09-09,Columbus,82,20.24,37.19,66.35,43.07,2.535,7.46,12.8,65.0
2023-03-30,Phoenix,148,34.86,80.53,104.95,38.93,2.546,17.92,35.1,34.6
2024-04-06,Houston,144,32.76,80.79,109.78,51.7,2.867,18.87,37.4,12.1
2024-04-20,San Jose,106,24.14,52.84,70.04,42.4,1.837,9.48,25.8,48.8
2024-09-16,Austin,76,19.04,46.97,59.71,33.7,1.957,5.61,7.5,69.5
2024-01-24,Philadelphia,101,24.27,44.98,62.41,41.28,2.253,12.92,21.1,46.5
2023-01-30,San Diego,101,23.16,51.06,67.97,37.14,1.723,9.61,23.9,53.2
2023-11-29,Chicago,103,23.97,48.12,57.69,37.05,2.408,,9.7,59.3
2024-05-14,Houston,119,28.19,56.71,102.93,52.83,2.716,15.12,35.3,28.0
2023-12-30,Fort Worth,84,20.82,44.44,64.84,44.92,2.475,17.88,19.8,58.2
2023-09-22,Philadelphia,83,23.37,49.74,45.58,38.31,1.842,16.72,-0.6,84.1
2023-10-14,Charlotte,,20.42,37.83,52.02,34.07,1.489,11.25,3.8,94.1
2024-09-02,Jacksonville,89,21.35,45.1,51.05,44.11,1.9,14.45,-4.1,88.3
2023-10-10,Dallas,95,25.52,47.48,46.79,39.88,2.442,16.49,2.3,90.7
2023-01-11,Dallas,144,31.17,73.83,58.62,49.03,2.249,15.12,16.2,57.5
2023-07-15,Los Angeles,155,35.51,72.85,82.05,52.43,3.085,21.4,8.2,59.7
2023-09-05,Jacksonville,98,20.13,37.16,50.73,43.7,1.185,16.89,4.0,63.2
2024-02-21,San Diego,85,22.26,54.47,,35.58,1.843,15.88,21.0,48.9
2024-07-22,Fort Worth,117,27.78,59.86,60.45,41.73,1.54,18.15,8.1,55.2
2023-09-04,Jacksonville,84,20.77,43.94,52.22,33.82,1.511,12.86,-5.8,95.3
2024-05-02,Austin,112,23.61,59.97,,43.95,2.112,17.88,22.8,20.8
2024-12-29,San Diego,94,21.27,42.0,52.51,44.6,2.183,16.03,9.0,51.7
2024-04-03,Fort Worth,149,29.65,72.01,109.0,43.85,2.291,19.02,35.3,27.9
2023-01-18,Los Angeles,153,34.25,80.43,71.23,48.25,2.633,18.0,25.9,68.4
2023-10-29,Houston,126,30.2,64.89,55.76,53.89,2.876,16.76,5.7,85.3
2024-02-19,Jacksonville,117,27.59,54.05,71.35,42.49,1.805,11.11,20.6,42.2
2023-09-07,Phoenix,100,24.66,61.24,50.85,50.81,2.744,12.67,-7.1,93.6
2024-11-10,San Jose,74,18.57,46.29,40.31,38.52,1.694,14.8,8.8,59.4
2024-01-13,San Diego,74,20.62,41.68,39.12,35.91,1.566,13.38,10.1,60.2
2024-07-20,Dallas,,27.19,53.27,69.02,41.4,2.081,24.73,8.2,61.3
2023-12-19,San Antonio,112,27.47,54.79,49.16,,1.804,15.8,2.5,86.0
2024-07-17,Philadelphia,107,28.76,57.76,46.59,56.54,2.422,14.31,5.9,76.2
2023-12-27,Jacksonville,94,25.34,46.19,66.24,33.33,1.999,10.05,11.8,73.9
2024-04-09,Phoenix,134,32.41,67.61,72.09,52.32,2.237,,22.2,38.2
2023-11-10,Phoenix,126,28.09,60.11,63.27,,2.412,20.28,0.6,90.3
2023-08-25,Los Angeles,128,28.32,61.77,62.07,59.52,,17.75,-0.3,84.2
2023-07-17,Philadelphia,102,23.91,42.13,61.49,49.8,2.647,15.95,2.2,90.7
2023-05-03,Jacksonville,103,25.2,57.25,80.66,40.5,2.256,12.47,29.3,33.3
2024-07-02,Fort Worth,87,20.95,52.69,70.24,41.01,2.938,12.12,19.1,64.0
2024-12-07,Chicago,123,26.73,56.71,65.01,47.01,1.697,18.67,2.0,65.2
2023-07-16,Houston,124,28.28,64.21,73.7,53.87,2.236,13.25,4.1,68.1
2024-05-10,Phoenix,,36.25,82.38,71.53,45.4,2.604,19.4,29.3,20.6
2024-08-26,Fort Worth,82,22.51,50.52,44.81,36.51,2.312,16.31,-1.9,79.9
2024-06-21,San Jose,96,23.62,51.5,58.79,33.16,1.731,17.98,15.6,55.8
2023-10-17,Los Angeles,131,29.95,63.96,55.69,50.95,3.146,14.69,-1.6,90.4
2023-07-18,Phoenix,138,31.07,60.37,73.12,48.77,,18.57,5.8,75.8
2023-08-21,Philadelphia,97,21.12,50.61,69.92,35.77,1.972,9.89,5.4,81.1
2023-07-03,Phoenix,132,,68.3,46.1,48.77,1.649,19.98,20.1,43.6
2023-01-15,Jacksonville,92,21.3,48.58,59.89,37.52,2.187,12.82,4.7,63.5
2024-06-30,Chicago,135,28.65,74.0,57.36,48.52,2.207,17.48,8.6,53.6
2023-10-08,New York,106,25.19,51.44,57.37,41.62,2.332,18.16,-0.5,83.6
2023-02-25,Dallas,127,29.57,67.5,73.65,40.1,2.438,16.6,28.3,40.6
2023-10-27,Jacksonville,106,24.78,44.22,48.44,40.25,,13.12,-0.4,72.7
2023-05-10,Austin,117,23.03,56.0,90.41,42.3,1.487,13.68,32.6,20.7
2024-05-17,Los Angeles,145,36.51,78.33,82.8,47.06,2.59,22.29,26.0,28.4
2023-01-13,San Jose,106,23.2,47.46,71.78,26.38,1.54,7.65,25.8,48.6
2023-10-19,San Diego,92,22.95,43.65,47.53,34.14,1.92,9.53,-1.6,95.2
2024-05-05,San Diego,109,24.7,52.55,74.27,27.94,1.123,18.91,26.5,51.7
2023-12-15,Chicago,104,25.03,58.43,56.57,42.15,2.551,10.41,10.7,57.7
2023-02-22,Phoenix,135,31.02,79.42,77.67,47.13,2.143,12.07,23.8,
2024-05-04,Los Angeles,140,31.89,70.04,89.21,55.07,2.539,21.29,30.4,29.8
2023-03-08,San Antonio,113,27.79,59.4,78.29,36.79,2.197,15.55,24.9,43.4
2024-05-18,Los Angeles,146,34.21,76.32,85.13,57.93,2.264,18.68,26.6,37.3
2024-08-13,Austin,92,23.7,59.53,48.88,35.41,2.085,14.89,5.7,67.9
2024-12-03,New York,135,30.47,70.38,61.23,40.74,2.147,14.33,11.0,94.0
2023-06-05,Chicago,125,25.36,59.18,74.66,45.81,1.938,11.91,21.2,42.6
2024-07-30,Phoenix,109,26.12,52.28,41.02,42.52,2.646,16.59,17.8,86.5
2023-03-29,Houston,156,39.78,90.59,94.65,48.84,3.133,13.5,32.4,28.4
2023-05-02,Dallas,140,33.61,74.85,66.94,46.7,2.768,15.51,25.0,32.9
2024-03-02,San Jose,118,22.6,50.88,79.79,38.31,2.11,11.26,,35.2
2024-09-02,Fort Worth,114,25.87,57.56,60.96,41.59,,14.35,10.3,87.1
2024-09-25,Houston,95,26.62,56.41,57.91,53.76,2.468,19.28,2.8,93.9
2024-06-19,San Antonio,100,26.26,56.81,65.59,44.46,2.34,13.52,21.4,39.7
2024-04-06,Charlotte,149,31.64,63.71,89.91,43.07,,13.38,,20.0
2024-03-29,Phoenix,157,30.35,70.97,102.85,,2.556,16.4,34.0,33.8
2024-08-25,San Antonio,83,21.79,47.19,63.49,35.99,2.279,17.57,-0.8,85.2
2023-11-09,San Jose,69,17.1,34.52,44.82,34.94,1.367,12.0,-0.0,82.2
2024-09-27,New York,104,22.32,53.72,42.54,52.52,2.703,18.95,-3.0,74.5
2024-09-16,Jacksonville,98,19.71,40.85,49.98,44.06,1.599,16.8,3.6,89.0
2023-04-12,Fort Worth,130,30.89,71.61,73.42,50.6,2.218,13.93,25.1,31.5
2023-08-01,Austin,93,24.74,48.49,36.87,36.18,2.299,11.5,5.3,77.5
2023-08-05,Phoenix,95,22.36,47.73,47.06,45.58,2.182,19.89,11.0,60.7
2024-11-07,Los Angeles,129,30.83,66.62,57.42,53.92,3.004,19.48,-3.6,91.6
2023-10-23,San Diego,75,19.76,34.31,61.31,34.74,2.022,12.64,3.7,83.0
2023-06-10,Houston,146,33.36,78.91,74.26,46.21,2.565,19.54,21.0,58.9
2023-06-27,Dallas,106,27.83,59.69,54.94,37.78,2.667,20.51,17.0,60.2
2023-03-18,Chicago,129,29.15,71.99,91.92,50.28,1.635,16.17,30.9,21.3
2023-01-03,San Antonio,110,26.01,62.18,64.91,43.33,1.961,12.1,17.6,63.2
2024-04-06,Jacksonville,109,24.27,52.15,72.16,35.97,1.567,7.57,28.4,21.8
2024-08-31,San Diego,86,19.69,48.95,54.14,42.62,1.685,12.97,-3.9,76.7
2023-10-26,New York,74,22.48,45.33,51.77,37.8,2.362,17.3,12.0,88.0
2024-08-24,Jacksonville,112,23.94,61.62,59.54,40.01,1.774,18.55,,72.5
2023-08-26,Phoenix,123,28.57,61.49,54.4,58.52,2.432,19.52,3.0,81.7
2024-12-24,Phoenix,119,28.35,,55.02,49.92,2.427,,19.1,64.2
2024-12-20,Columbus,91,23.16,48.04,59.36,43.49,1.776,12.34,10.8,59.3
2024-04-09,Los Angeles,159,33.82,84.98,101.35,58.11,3.423,13.67,27.9,26.2
2024-12-04,Houston,119,28.17,67.39,53.33,45.71,2.324,21.24,11.4,71.4
2023-09-28,Fort Worth,123,25.5,53.79,52.77,44.11,2.157,12.06,7.1,95.8
2024-10-02,San Jose,62,14.27,31.41,53.49,26.91,1.394,18.57,-2.6,89.0
2024-11-08,Fort Worth,94,20.56,43.28,57.47,41.91,1.777,15.13,-5.7,92.4
2023-07-22,San Antonio,118,28.89,67.81,56.07,44.12,1.976,,9.0,60.3
2023-04-28,Dallas,118,28.84,60.25,78.94,46.37,1.994,17.19,24.8,38.6
2023-08-19,Austin,97,23.01,47.01,64.4,33.97,1.842,17.33,1.5,88.3
2023-06-02,Charlotte,122,27.76,58.13,75.47,46.25,1.855,12.72,23.5,38.1
2023-09-30,Columbus,109,23.55,41.35,50.24,34.26,2.184,15.52,12.5,75.6
2023-05-26,Los Angeles,137,32.57,85.14,72.25,48.88,2.799,19.69,23.2,39.0
2023-03-03,Chicago,127,30.91,67.19,92.69,47.02,2.344,13.43,40.2,29.4
2023-11-11,San Jose,93,21.46,43.55,37.3,41.57,1.133,15.89,-2.8,89.2
2024-08-05,Charlotte,93,23.25,53.69,42.64,42.32,2.176,9.72,7.4,68.4
2023-10-23,San Diego,75,19.76,34.31,61.31,34.74,2.022,12.64,3.7,83.0
2023-05-08,San Diego,,19.72,39.12,75.35,38.54,1.376,10.38,26.8,34.1
2024-12-06,Phoenix,88,18.47,51.63,68.56,48.27,3.217,20.18,20.3,63.3
2024-12-17,San Antonio,111,29.88,62.74,61.07,,1.871,13.29,21.4,80.5
2023-10-06,Dallas,116,25.94,59.36,49.7,49.64,2.142,16.24,5.4,84.4
2024-07-06,San Diego,86,22.1,45.86,50.92,34.38,1.451,11.56,11.4,61.0
2024-03-24,Los Angeles,135,33.87,74.53,113.65,52.44,2.56,18.03,38.1,26.7
2024-09-04,New York,104,24.21,48.45,49.67,48.52,2.236,12.38,-2.5,95.5
2024-03-18,Jacksonville,140,26.78,66.43,103.69,32.55,1.642,15.98,35.8,32.9
2023-11-27,San Jose,83,22.73,43.61,39.09,33.98,1.639,14.32,6.5,80.6
2023-09-14,New York,79,20.17,45.5,52.57,42.75,2.977,13.12,0.7,90.5
2023-04-04,Houston,153,34.56,84.88,70.64,51.39,1.923,18.54,24.8,34.3
2024-11-21,Columbus,92,21.87,50.1,49.65,34.6,2.0,12.66,10.1,88.3
2024-08-12,San Jose,98,23.47,42.18,51.3,38.76,1.866,7.23,7.0,73.2
2023-01-22,Fort Worth,134,29.64,66.41,78.24,42.78,2.187,10.44,17.7,55.6
2024-11-19,Columbus,98,26.43,58.16,50.46,36.26,1.826,17.63,10.8,
2023-10-03,San Jose,86,20.63,50.25,51.49,35.85,1.376,16.7,4.5,94.3
2023-02-11,Fort Worth,121,25.78,64.45,70.33,40.7,2.461,11.74,23.0,33.0
2023-06-29,San Diego,77,18.1,41.59,43.65,36.81,1.748,10.3,13.8,51.3
2024-06-15,Austin,105,21.9,56.51,49.44,35.3,2.55,17.0,14.0,49.9
2024-03-28,Charlotte,115,24.33,62.94,82.9,40.94,2.282,16.19,23.2,31.4
2023-10-12,Chicago,109,26.38,49.38,64.86,50.18,2.555,12.32,8.5,84.7
2024-08-22,San Antonio,91,20.09,49.89,45.4,33.98,2.325,19.19,2.8,96.2
2024-10-12,Columbus,68,13.07,36.33,63.19,38.97,2.25,13.65,9.9,95.4
2024-05-18,Los Angeles,147,35.78,85.99,75.67,47.3,3.064,19.21,23.9,42.3
2024-04-26,Philadelphia,139,27.81,65.7,106.57,42.84,2.204,13.26,37.5,30.2
2023-05-11,Austin,103,21.11,53.28,68.47,27.25,1.683,17.05,24.0,49.1
2024-02-23,Philadelphia,141,30.27,66.24,78.48,41.95,2.234,14.91,23.0,58.3
2023-11-25,Austin,101,27.26,53.67,63.71,36.8,1.815,15.93,4.2,72.6
2023-04-18,Columbus,114,24.72,53.85,77.86,48.18,,17.41,27.5,24.1
2023-06-14,Philadelphia,108,28.01,56.4,72.76,40.7,2.007,20.21,23.0,50.1
2024-02-26,Jacksonville,96,25.02,55.5,75.82,37.32,1.757,12.59,29.2,36.9
2024-05-22,Phoenix,137,29.36,58.64,70.74,52.96,2.492,19.9,22.9,32.9
2024-11-09,San Antonio,109,23.52,45.4,63.79,41.24,1.908,15.17,3.5,84.8
2024-07-17,New York,105,24.49,55.02,69.52,43.81,2.628,18.94,11.4,61.0
2024-04-10,Los Angeles,171,40.99,92.07,80.43,52.31,2.597,20.84,24.9,41.2
2023-11-19,Phoenix,116,26.47,52.91,56.19,44.78,2.357,,-1.4,81.1
2023-11-28,Los Angeles,119,28.81,58.9,63.22,46.95,3.305,13.84,6.7,67.4
2024-02-18,Columbus,102,27.6,60.97,72.84,37.09,1.842,7.86,26.0,50.3
2024-06-10,Columbus,120,25.4,60.99,60.97,36.56,1.832,20.66,19.5,61.8
2023-01-02,Austin,105,21.6,45.02,72.86,27.38,2.245,13.31,24.3,62.4
2024-07-09,San Diego,70,18.95,30.3,53.33,25.95,,18.44,19.6,64.0
2024-02-28,New York,105,27.94,66.16,81.36,46.61,2.346,19.22,25.6,43.4
2023-07-12,Dallas,131,30.73,53.78,63.16,46.34,2.503,20.67,4.7,67.3
2024-01-06,San Jose,89,25.0,57.33,53.92,30.03,1.791,15.15,20.1,67.3
2024-05-25,Austin,116,23.82,63.01,71.22,39.04,1.64,16.69,24.2,32.1
2024-03-28,Fort Worth,138,25.54,64.08,78.44,41.0,1.669,17.84,28.4,28.0
2023-02-22,Houston,139,32.92,74.73,84.58,54.88,2.342,27.77,28.4,20.0
2023-10-01,Dallas,115,22.67,53.91,56.86,42.1,2.179,12.56,10.4,91.8
2023-05-15,Charlotte,96,24.76,60.46,80.87,41.71,2.287,12.64,29.8,39.5
2023-10-22,San Diego,100,22.97,40.68,53.7,32.09,1.652,11.51,11.6,87.6
2024-12-16,San Diego,56,9.21,26.38,40.2,25.63,1.56,12.67,15.7,70.2
2023-05-05,New York,145,30.84,74.91,90.66,37.2,1.746,22.39,34.7,48.5
2024-10-07,San Jose,85,15.49,34.06,62.32,34.41,2.353,9.4,,82.5
2023-09-03,Jacksonville,84,21.1,45.63,57.23,39.41,2.599,16.86,5.1,79.4
2023-06-12,Phoenix,125,28.0,62.81,78.35,50.83,2.465,21.11,18.3,59.6
2023-05-23,Houston,125,28.82,67.44,61.8,50.24,2.709,20.33,19.6,51.4
2024-07-18,New York,97,25.56,48.97,70.65,39.99,2.257,18.99,25.6,62.2
2024-08-16,Philadelphia,108,26.32,51.64,48.8,34.24,2.227,17.17,3.6,85.1
2024-07-19,San Antonio,71,16.98,41.55,44.84,43.63,2.611,13.59,8.4,52.1
2023-04-06,Houston,169,35.49,89.18,93.22,56.82,2.673,21.37,20.3,21.3
2023-04-27,San Diego,101,23.32,54.51,66.01,33.62,1.774,11.6,25.4,27.2
2023-05-01,Austin,131,28.07,51.56,94.85,36.67,1.919,16.82,33.7,23.6
2023-06-07,San Diego,83,16.3,43.44,66.97,36.73,1.465,9.08,20.5,57.5
2023-10-26,Dallas,96,24.96,53.78,45.45,50.69,2.216,14.5,-0.2,74.4
2024-12-23,Phoenix,149,35.11,83.64,51.9,45.17,1.977,18.59,10.0,57.3
2024-03-01,Columbus,111,26.5,64.67,82.53,35.43,2.695,13.32,25.0,41.6
2024-05-09,San Diego,98,24.81,64.88,55.14,35.86,1.097,3.95,21.5,46.2
2023-09-07,San Diego,60,15.91,31.03,53.88,31.87,1.893,15.1,1.0,88.2
2024-07-18,Chicago,117,25.46,58.91,62.1,49.22,,15.74,20.3,47.7
2024-01-28,Houston,137,34.94,80.08,72.24,49.22,2.274,14.1,19.3,45.3
2024-09-05,Dallas,97,21.24,39.32,71.93,44.46,2.321,16.83,1.7,61.8
2023-05-20,Columbus,115,30.45,67.24,70.51,42.05,2.344,20.33,28.4,51.6
2023-03-13,Phoenix,149,,76.72,102.97,50.49,2.93,16.33,30.3,33.0
2024-02-29,Philadelphia,108,27.44,55.12,76.78,46.22,2.456,16.45,28.6,
2024-06-03,Phoenix,119,31.59,71.34,80.19,40.23,2.526,18.98,15.9,55.8
2023-01-03,Phoenix,124,31.14,69.03,74.59,50.25,2.646,18.42,15.9,56.1
2023-11-02,Columbus,86,21.49,48.42,53.78,43.1,2.278,22.13,4.7,91.5
2024-08-24,San Jose,59,17.23,39.0,49.23,32.77,1.669,13.2,11.9,79.4
2024-11-06,San Diego,99,22.76,39.84,56.17,38.2,2.024,13.31,-8.0,85.9
2023-06-02,San Diego,87,17.86,35.13,68.13,25.55,1.789,9.26,35.2,45.7
2024-07-05,San Diego,97,22.08,53.56,63.48,44.3,1.325,14.28,15.3,70.1
2023-12-20,Philadelphia,92,21.16,49.54,42.28,52.17,2.46,11.36,19.0,52.6
2024-07-19,Fort Worth,101,25.87,56.94,48.39,34.93,2.385,14.69,15.0,59.8
2024-07-10,San Antonio,111,25.94,50.89,77.13,41.62,1.466,17.49,14.6,60.8
2024-04-11,Charlotte,118,26.68,61.63,62.57,37.88,1.933,16.49,22.1,37.3
2023-11-26,Columbus,104,23.34,44.59,48.79,41.4,1.823,10.35,6.3,81.8
2023-07-13,Jacksonville,110,27.8,58.82,48.48,44.69,1.92,17.39,12.8,62.4
2023-09-02,San Jose,79,13.77,28.32,57.27,32.35,1.792,10.58,5.5,90.6
2024-01-28,Houston,132,32.14,69.92,73.43,44.28,1.863,18.53,24.7,50.8
2024-02-25,New York,141,32.74,79.76,78.8,47.4,2.459,15.07,25.0,40.5
2023-11-22,Jacksonville,94,20.18,40.64,58.56,44.1,1.711,17.51,9.2,65.5
2024-04-29,Jacksonville,131,23.55,53.37,109.15,36.07,2.142,18.19,35.3,24.8
2024-01-26,San Antonio,129,31.51,66.15,63.81,38.76,1.686,13.56,22.0,53.6
2024-11-10,Fort Worth,90,23.74,47.49,68.05,38.95,2.273,14.55,-0.1,85.7
2024-10-29,Chicago,98,20.41,57.88,52.19,45.19,1.81,17.03,-1.9,70.9
2024-05-22,New York,124,27.28,64.04,86.96,47.7,2.28,13.94,25.7,40.1
2023-05-10,Dallas,131,30.31,75.56,69.14,51.1,2.517,16.26,20.5,37.9
2024-08-27,Philadelphia,117,22.27,54.83,53.93,44.47,,16.59,-2.1,75.8
2023-04-13,Columbus,120,27.26,58.35,82.87,35.54,2.153,15.2,34.7,29.9
2024-03-26,Los Angeles,133,34.0,75.71,84.0,53.57,2.751,20.45,,27.9
2024-07-22,Dallas,103,20.34,49.88,51.57,45.12,1.986,15.66,12.2,68.3
2024-06-22,Charlotte,77,20.26,38.53,58.35,41.58,1.477,16.64,16.8,56.7
2024-04-12,New York,165,34.06,75.64,89.05,45.26,1.723,14.64,33.7,19.6
2023-05-28,San Antonio,130,26.61,64.23,89.93,46.23,1.496,16.5,30.2,34.3
2024-11-01,Chicago,105,25.78,55.56,69.02,40.33,,25.42,-6.0,96.5
2023-03-18,San Diego,103,,58.19,83.06,42.76,1.92,17.55,28.9,23.9
2023-09-29,Philadelphia,91,23.35,60.49,65.83,48.04,1.947,16.3,8.9,89.2
2024-09-30,Jacksonville,88,21.02,40.34,36.21,45.44,1.651,7.21,-0.9,88.3
2024-02-12,Austin,107,23.02,50.61,75.46,31.04,1.618,15.08,30.6,36.6
2023-03-24,Columbus,154,36.68,81.67,75.25,37.26,1.644,14.11,,21.1
2023-12-03,Columbus,109,27.41,52.59,57.08,32.43,2.666,19.16,11.3,79.3
2024-11-21,Columbus,119,27.87,55.31,54.36,31.59,1.441,16.36,7.6,75.6
2024-06-30,San Antonio,101,25.1,52.76,63.38,43.11,2.072,7.03,19.8,71.4
2023-11-21,Austin,87,22.89,43.25,46.99,40.24,2.197,11.21,10.7,61.5
2024-05-14,Columbus,131,31.93,63.98,60.21,42.81,2.394,18.65,14.1,62.3
2024-07-08,New York,96,23.76,59.56,68.72,41.23,2.655,19.27,13.3,68.8
2024-09-24,Los Angeles,102,28.0,64.72,53.41,54.68,3.326,14.8,-4.3,82.2
2023-08-29,Austin,91,19.93,36.96,65.19,37.4,1.965,13.35,6.3,84.8
2024-12-01,Charlotte,83,18.9,38.73,38.41,42.87,1.826,14.3,9.2,74.4
2023-10-22,Houston,113,28.73,61.35,46.75,49.29,2.921,18.08,0.9,79.9
2023-04-03,San Antonio,142,29.06,60.98,103.37,41.78,1.077,16.42,33.5,30.6
2023-04-11,Fort Worth,127,29.09,67.73,74.3,,2.341,16.78,30.0,32.6
2024-10-10,Jacksonville,93,22.86,42.13,72.14,33.63,2.209,15.18,,71.4
2023-04-13,San Diego,123,22.23,44.29,85.33,30.05,1.708,6.29,31.4,44.0
2023-06-20,Jacksonville,,18.36,31.66,63.84,39.61,1.766,13.51,16.1,49.3
2023-11-03,Charlotte,114,28.58,49.02,53.8,52.59,2.275,18.21,6.1,89.8
2023-01-30,New York,161,32.91,69.53,90.44,40.81,2.043,17.17,23.7,67.0
2023-11-29,Fort Worth,120,27.24,57.16,,38.42,2.142,18.52,5.8,96.0
2023-02-27,Phoenix,,33.22,75.4,101.31,43.44,2.636,24.05,,45.7
2024-01-03,Philadelphia,98,27.49,55.51,51.52,48.33,2.05,12.65,21.0,53.9
2024-03-17,Chicago,124,31.88,70.78,87.28,44.51,2.24,13.69,31.3,15.3
2023-09-08,Dallas,132,31.92,63.67,,48.63,2.781,21.08,-0.7,82.7
2024-02-26,San Jose,,27.01,51.6,75.24,40.16,2.232,11.11,27.1,66.2
2024-11-29,Fort Worth,123,25.0,50.71,51.31,48.9,2.334,14.47,8.7,68.7
2023-07-04,Chicago,136,29.24,71.19,60.34,48.41,,16.1,16.7,59.9
2023-06-29,Los Angeles,131,33.77,71.25,91.77,62.89,2.645,19.79,11.1,61.8
2024-09-16,Columbus,107,25.25,51.25,58.94,41.14,2.245,16.14,5.6,91.6
2024-01-27,San Jose,82,18.46,33.45,55.64,38.32,1.365,19.04,12.8,
2024-11-30,Houston,122,31.75,66.19,62.08,51.85,3.066,15.7,9.6,77.0
2024-05-24,Charlotte,111,25.02,56.01,59.73,33.81,2.231,15.26,20.8,45.9
2024-08-20,Chicago,109,25.57,54.55,52.25,45.41,2.69,26.57,47.0,69.3
2023-08-26,San Diego,91,18.07,30.99,60.71,47.62,1.808,13.7,1.2,75.0
2024-10-15,Phoenix,103,22.6,47.43,38.72,48.43,2.369,13.86,-0.5,80.7
2024-04-15,Phoenix,132,36.13,77.89,93.57,51.77,2.458,15.74,33.6,40.9
2024-11-13,New York,116,23.58,48.62,60.36,44.03,2.438,13.29,2.5,77.4
2024-04-21,Charlotte,114,25.66,63.33,95.17,40.27,1.962,11.1,33.9,25.4
2023-10-22,Austin,71,17.82,42.26,55.31,37.99,1.787,15.72,11.1,84.3
2024-07-13,Chicago,86,21.48,53.57,57.45,37.0,2.166,16.08,17.2,60.2
2023-03-17,San Diego,133,23.09,61.87,92.41,35.38,1.57,7.72,29.8,28.9
2023-12-20,San Jose,113,24.17,61.27,71.07,46.08,1.646,13.53,23.4,55.2
2023-11-03,Austin,85,22.0,49.63,49.41,37.2,1.774,16.18,-5.7,89.2
2024-03-10,Jacksonville,132,28.21,55.73,97.47,37.57,1.603,12.61,39.0,31.9
2023-09-14,San Diego,103,20.67,48.93,54.97,39.6,2.042,10.73,-6.4,91.6
2023-11-06,Houston,103,23.04,57.56,76.58,49.98,1.943,20.8,4.8,92.9
2024-01-29,Columbus,90,23.98,48.93,64.88,37.41,2.553,14.85,12.3,47.0
2024-05-09,Los Angeles,169,39.96,89.46,69.61,49.21,2.718,23.79,11.3,60.8
2023-08-31,San Antonio,108,29.75,65.45,57.98,46.56,2.934,14.83,-0.9,88.0
2024-08-08,Philadelphia,109,30.38,62.62,60.67,40.45,2.72,15.49,-2.9,72.7
2024-08-11,Phoenix,116,25.78,52.81,46.95,50.8,2.652,21.2,13.9,75.3
2024-12-17,Phoenix,136,33.33,,74.28,36.49,3.158,17.88,12.6,67.5
2023-01-23,Columbus,90,20.76,49.19,66.73,44.73,2.49,11.56,27.9,46.0
2024-11-05,San Antonio,82,19.65,44.63,51.79,38.89,1.536,17.51,6.7,90.7
2023-10-09,New York,94,24.38,56.43,53.63,50.1,2.312,18.38,-2.0,67.5
2024-08-02,Columbus,108,25.55,57.63,55.68,38.86,1.186,11.71,12.3,82.4
2024-12-03,Fort Worth,106,25.47,49.06,70.05,45.21,1.856,19.0,6.6,73.5
2023-02-20,Charlotte,103,24.51,,78.92,33.6,1.984,14.52,27.2,17.3
2024-09-12,Jacksonville,111,24.42,52.16,48.58,31.71,2.236,16.12,-3.8,93.7
2024-05-23,Columbus,101,27.41,57.32,91.89,37.55,2.599,13.91,34.1,38.6
2023-10-21,Fort Worth,95,23.15,54.87,,,2.113,13.25,2.6,89.0
2023-08-24,San Jose,84,19.71,41.32,42.95,37.87,1.909,10.91,11.3,70.9
2023-12-27,Houston,136,31.25,67.49,50.89,56.45,2.9,17.14,21.4,57.4
2024-10-13,Houston,129,30.33,61.24,64.56,48.59,,16.72,-1.1,87.4
2024-09-27,Phoenix,99,23.09,47.47,34.59,48.81,1.813,21.0,8.1,64.2
2024-11-25,Fort Worth,89,20.97,42.27,58.56,33.23,1.281,14.91,8.1,57.1
2024-11-06,Austin,121,30.98,63.74,43.91,40.39,1.532,14.57,19.1,80.5
2023-05-21,Austin,93,21.84,44.29,75.7,38.54,2.235,15.8,29.5,45.7
2023-04-10,Charlotte,98,24.26,50.87,76.62,40.36,1.961,21.69,30.3,45.6
2024-10-04,Austin,97,18.16,46.84,45.15,33.15,1.85,8.52,-0.0,73.2
2023-02-10,Phoenix,139,33.42,82.55,83.58,49.89,2.291,22.11,23.0,35.9
2024-03-27,New York,115,27.71,66.46,,44.06,2.796,13.43,29.7,26.2
2024-08-16,Philadelphia,108,26.32,51.64,48.8,34.24,2.227,17.17,3.6,85.1
2023-05-15,Los Angeles,162,40.14,82.99,73.76,50.55,2.728,15.81,22.5,35.6
2023-10-30,Philadelphia,117,20.68,56.39,63.51,45.81,2.014,17.33,7.3,76.9
2024-03-01,Chicago,101,22.59,54.38,82.44,45.36,2.916,20.22,24.4,29.9
2023-07-25,Chicago,118,27.94,55.83,66.97,36.09,2.664,19.63,-3.1,80.3
2024-07-06,Charlotte,109,26.06,54.66,56.43,43.32,1.385,10.61,19.7,54.5
2024-01-10,Dallas,115,28.15,58.41,65.04,46.16,2.08,13.71,19.3,70.9
2024-05-28,Charlotte,103,22.61,53.59,73.15,36.46,2.113,14.97,15.7,49.8
2023-10-07,Columbus,108,25.24,54.55,41.58,44.06,2.28,17.25,4.2,95.1
2023-06-18,Phoenix,103,,56.46,69.18,48.65,3.306,20.52,16.3,53.0
2024-05-08,Fort Worth,128,29.8,69.18,73.15,42.66,2.46,15.57,23.5,37.3
2023-10-30,Jacksonville,84,23.11,44.75,50.04,32.38,1.71,16.06,-6.7,92.4
2023-12-13,Fort Worth,98,22.81,48.42,50.3,43.51,2.429,19.83,18.4,49.9
2023-04-28,San Diego,109,23.32,37.12,68.72,37.85,1.612,17.72,13.9,40.1
2023-03-19,Chicago,,27.27,62.87,86.09,45.32,2.312,16.94,32.4,36.4
2023-08-20,Columbus,92,19.17,45.63,50.48,41.22,2.66,12.38,-1.1,67.6
2024-11-23,Jacksonville,84,22.16,45.69,68.09,43.49,1.748,15.12,7.2,82.8
2024-11-21,San Antonio,106,24.63,44.91,62.11,41.72,1.766,7.71,6.4,80.2
2024-07-24,Philadelphia,110,23.88,48.95,52.57,42.06,1.826,20.21,13.6,55.9
2023-04-03,Fort Worth,131,31.82,65.06,87.22,41.92,2.142,16.42,31.5,53.0
2024-02-09,New York,110,28.25,50.74,76.9,49.28,2.662,17.9,23.8,50.6
2023-09-28,Dallas,90,21.39,49.15,61.5,40.46,2.173,17.1,-7.9,89.7
2023-05-07,San Diego,102,27.46,46.05,62.14,42.47,1.896,14.9,23.3,44.4
2024-01-13,Austin,89,20.53,43.21,49.89,33.89,2.037,14.49,18.9,43.2
2024-11-19,Phoenix,91,25.47,55.59,61.98,51.26,2.462,22.31,12.6,68.8
2024-08-21,San Antonio,98,23.82,50.06,49.53,50.37,2.36,13.39,6.2,80.6
2024-10-15,Philadelphia,97,22.07,38.37,55.48,43.75,2.187,15.48,-2.9,92.4
2023-04-21,Austin,93,21.6,51.23,78.01,45.44,2.534,18.92,35.5,29.0
2023-08-28,San Diego,87,16.52,42.37,51.34,38.67,2.129,20.87,2.5,92.7
2023-01-26,San Jose,101,24.59,59.3,54.98,33.05,2.438,4.29,9.9,62.8
2024-07-28,Philadelphia,128,29.46,56.7,79.59,50.57,2.411,19.44,9.4,92.3
2024-09-16,Houston,112,26.23,51.65,59.55,53.32,2.244,17.97,1.0,96.3
2024-10-25,Los Angeles,145,30.96,61.89,63.16,48.79,2.74,17.1,-1.8,79.8
2024-10-12,Columbus,90,23.57,53.2,44.23,48.91,1.866,16.16,2.6,96.3
2024-04-20,Charlotte,136,29.67,67.83,83.09,39.13,1.813,17.06,26.9,58.5
2024-12-18,Phoenix,132,30.12,65.03,67.66,47.38,2.377,18.96,14.5,69.1
2023-02-22,San Jose,99,22.56,50.55,52.86,37.59,1.744,10.5,19.8,36.8
2024-10-26,San Antonio,87,20.54,43.48,46.38,33.62,2.325,13.36,8.7,84.7
2023-04-30,Chicago,126,26.22,67.54,83.96,43.39,,20.76,28.7,20.2
2023-02-16,New York,113,26.69,54.92,64.02,39.05,2.378,15.72,13.3,59.2
2023-11-08,San Diego,69,17.27,38.76,58.89,30.25,1.8,,8.8,91.3
2023-04-29,Los Angeles,145,33.35,81.69,104.23,51.8,2.363,21.02,30.0,54.2
2023-08-29,Charlotte,94,21.2,43.33,51.32,47.91,2.271,10.15,-1.6,80.2
2024-07-04,Chicago,126,30.74,67.09,62.7,37.46,1.69,17.41,13.2,81.4
2024-02-02,San Diego,91,19.79,52.98,51.62,35.73,0.981,7.68,22.8,59.8
2024-01-15,Austin,94,20.01,51.07,56.8,36.21,1.996,12.39,19.7,31.5
2024-12-14,Dallas,104,24.99,60.1,53.46,44.6,2.544,17.21,7.9,68.6
2024-03-05,San Jose,116,25.94,54.47,69.44,43.91,,10.14,25.1,39.6
2023-06-08,Charlotte,103,21.07,51.22,51.9,39.12,2.082,16.83,16.7,56.6
2024-02-29,Austin,109,23.72,53.25,69.02,32.4,1.639,17.4,22.6,38.5
2023-04-12,Columbus,117,24.59,52.73,79.66,44.23,1.682,14.27,26.4,33.0
2024-05-16,San Jose,84,19.08,44.13,65.38,34.27,2.09,11.92,25.7,26.5
2024-02-22,Phoenix,125,30.85,60.66,100.66,53.12,2.726,15.06,24.5,26.9
2023-02-03,Jacksonville,135,29.49,71.25,60.45,32.78,1.818,6.84,15.5,54.3
2024-01-15,Houston,132,26.79,62.31,78.05,49.87,2.938,20.35,16.9,33.8
2024-03-30,San Diego,115,26.6,52.84,90.99,33.91,1.422,14.32,29.0,31.1
2023-08-30,Columbus,91,21.31,38.68,51.99,38.54,2.01,7.06,4.6,85.9
2024-01-07,Los Angeles,115,,66.84,82.07,52.45,2.509,14.5,14.3,48.5
2024-12-03,Philadelphia,126,28.81,56.09,47.19,45.26,2.756,20.04,-10.3,96.2
2024-07-11,Charlotte,78,23.57,39.51,54.54,36.64,2.327,11.1,10.4,78.8
2024-10-22,Philadelphia,100,21.76,45.97,59.17,44.47,2.335,26.08,2.0,94.0
2023-03-04,San Antonio,124,29.23,70.23,91.89,43.75,2.159,13.36,33.3,
2023-10-10,Houston,123,27.98,59.49,74.91,48.2,2.797,16.13,-0.7,82.4
2023-05-06,Columbus,123,29.35,63.81,,38.87,1.675,18.47,31.2,33.0
2024-04-10,Los Angeles,168,37.19,85.66,118.61,47.53,2.936,22.55,37.7,40.1
2024-11-09,Houston,110,24.84,56.64,45.39,55.49,2.386,21.06,6.7,72.7
2024-06-27,Houston,121,29.71,55.58,70.02,62.93,3.107,18.48,21.7,39.2
2024-10-19,Austin,82,21.2,33.02,44.83,31.14,1.726,15.38,-4.2,85.9
2024-09-03,New York,107,23.59,43.5,57.02,50.57,2.072,20.84,-1.4,94.8
2023-02-21,Fort Worth,88,22.62,394.82,,40.56,1.93,15.79,25.4,22.7
2023-12-08,Houston,128,29.36,61.05,68.87,41.62,2.641,23.57,0.8,79.1
2023-05-09,Fort Worth,120,28.99,66.01,69.14,49.07,2.4,20.55,30.4,25.8
2024-08-01,Houston,119,27.77,65.59,49.43,58.53,2.384,15.22,3.0,69.7
2023-03-12,Columbus,139,30.2,61.83,90.76,51.26,1.704,12.27,27.7,30.4
2024-07-21,Houston,129,31.77,63.31,76.39,51.04,2.942,21.67,10.5,86.6
2024-08-23,Houston,122,30.48,73.62,62.24,47.17,2.803,18.97,1.8,91.2
2023-08-27,Philadelphia,107,22.43,46.72,53.04,48.38,1.672,17.5,7.9,92.2
2023-06-01,Fort Worth,93,23.56,48.58,80.7,50.59,2.014,20.44,21.6,49.2
2024-09-02,New York,100,22.27,46.44,54.71,35.26,2.585,12.46,3.8,95.8
2023-10-11,Columbus,105,25.03,57.31,63.03,29.76,1.704,12.84,-4.6,77.5
2023-05-29,Chicago,92,23.94,49.29,60.51,43.68,2.588,17.34,16.2,47.3
2024-07-07,Phoenix,113,22.2,58.74,61.37,49.17,2.189,12.32,4.5,72.8
2023-06-28,Los Angeles,111,27.29,56.56,58.1,42.79,2.261,290.76,10.6,50.2
2024-11-07,Columbus,127,32.35,67.44,52.15,42.4,1.736,15.0,4.2,72.7
2023-01-27,Chicago,114,23.42,59.66,58.04,47.43,2.044,15.41,,50.7
2023-01-16,Philadelphia,98,23.84,46.83,60.52,43.43,1.827,,9.6,59.1
2023-09-01,San Jose,102,22.66,56.11,56.09,36.04,1.722,14.99,8.8,94.7
2023-11-28,New York,129,31.46,61.53,61.38,,1.864,16.17,7.5,80.6
2023-06-28,Phoenix,125,28.03,61.38,73.72,52.41,2.016,14.31,13.2,52.5
2023-02-23,Chicago,127,27.93,60.31,95.56,39.88,2.085,22.57,30.9,44.4
2024-03-07,Dallas,150,32.01,77.3,86.07,43.44,2.32,,34.0,67.6
2023-04-27,Jacksonville,107,20.95,48.9,84.05,37.05,1.827,16.39,28.3,24.0
2023-03-07,San Diego,109,20.15,43.94,84.88,34.95,1.422,18.93,38.5,33.3
2024-04-04,Fort Worth,111,28.5,59.34,79.04,42.2,2.099,24.13,28.9,36.6
2024-01-06,Dallas,113,30.09,59.89,68.66,44.8,2.7,20.4,26.6,69.0
2024-08-30,Los Angeles,118,26.87,58.7,56.06,60.88,2.151,16.84,2.3,68.3
2024-04-07,Dallas,141,31.99,69.96,108.13,40.27,2.267,18.48,35.4,36.3
2023-08-15,San Jose,86,24.06,48.21,50.66,42.74,1.594,,2.2,68.1
2023-02-14,Jacksonville,112,22.3,41.33,82.09,39.92,1.886,16.16,29.2,37.2
2024-11-05,Dallas,116,26.22,49.37,51.58,55.59,2.239,14.68,4.3,81.0
2023-11-05,San Diego,109,27.19,48.31,45.36,42.33,1.461,21.39,-1.4,93.1
2024-10-20,New York,87,21.17,41.7,63.22,42.7,2.484,17.9,-3.0,96.5
2023-03-04,San Diego,108,23.71,51.09,63.72,37.89,1.634,18.19,19.1,33.8
2024-02-16,San Antonio,123,30.04,62.19,63.44,43.5,2.1,17.25,24.0,43.9
2024-12-03,Los Angeles,143,32.89,72.88,55.37,51.02,3.063,29.38,5.4,66.5
2024-05-17,Jacksonville,99,24.28,56.65,83.81,41.66,1.832,12.79,27.5,33.9
2024-03-30,Los Angeles,136,36.01,77.1,100.16,50.45,2.601,17.78,35.7,12.4
2023-03-24,Philadelphia,144,34.68,76.98,72.59,48.29,2.439,13.27,20.9,58.1
2024-09-14,Chicago,110,24.92,57.98,62.79,49.5,2.78,25.03,-0.4,95.7
2023-03-09,Chicago,107,25.37,61.28,89.01,45.46,2.127,17.22,26.2,28.0
2023-10-09,San Jose,101,23.64,53.29,60.98,46.34,1.846,10.23,4.9,85.4
2024-10-10,San Jose,109,24.92,57.0,45.23,33.86,1.95,11.93,6.7,81.0
2024-07-15,Jacksonville,96,21.02,34.42,52.59,42.39,1.503,12.89,2.7,77.9
2023-10-06,Dallas,116,25.94,59.36,49.7,49.64,2.142,16.24,5.4,84.4
2023-11-29,San Antonio,105,25.8,49.56,52.34,42.99,1.819,12.25,11.9,66.3
2024-09-03,Dallas,111,20.93,62.08,59.79,49.16,1.951,,8.1,86.3
2023-10-29,San Diego,89,20.15,45.11,56.79,40.57,1.225,18.3,2.7,84.5
2024-06-01,San Jose,77,22.67,37.33,79.14,45.27,1.792,7.92,32.4,42.0
2024-03-16,Los Angeles,169,41.37,95.93,104.52,55.12,2.374,20.93,34.7,31.0
2024-12-19,Los Angeles,157,,83.35,56.53,51.99,2.488,22.15,10.9,62.4
2024-11-01,Austin,93,22.58,40.8,39.17,37.33,2.561,6.5,-5.6,94.4
2024-07-18,Jacksonville,108,23.59,50.97,45.17,39.63,1.939,7.93,11.9,80.1
2023-08-09,San Antonio,78,22.52,44.3,51.44,40.59,2.038,15.28,9.5,48.5
2024-04-07,Charlotte,105,24.43,52.81,82.12,42.78,2.003,9.95,27.2,32.3
2023-08-22,San Antonio,84,24.64,55.18,46.1,48.73,1.679,15.0,8.2,78.8
2023-12-14,Columbus,108,24.98,48.26,48.32,42.79,1.882,18.16,11.9,67.9
2024-04-09,San Antonio,129,29.25,67.13,79.52,42.66,1.95,14.14,24.2,38.4
2024-03-01,Jacksonville,104,22.99,42.54,76.94,44.88,2.07,14.29,25.9,23.6
2023-04-08,Philadelphia,126,31.97,74.38,63.71,39.96,2.151,21.71,15.1,52.8
2024-03-13,Philadelphia,142,29.47,72.56,89.15,48.04,2.761,21.27,29.3,50.7
2024-11-12,Phoenix,135,34.21,68.88,62.66,52.84,2.761,13.07,-1.3,82.2
2024-01-19,Chicago,127,29.86,69.09,69.9,44.23,2.454,13.14,21.4,45.4
2024-12-04,Charlotte,96,24.73,53.22,55.26,42.25,1.737,19.46,8.9,77.6
2024-04-30,Los Angeles,186,35.73,95.4,84.78,46.36,2.8,20.0,29.4,48.8
2023-04-04,Columbus,127,29.1,74.0,85.46,34.64,2.49,12.33,26.3,25.0
2023-03-29,Los Angeles,151,34.57,84.38,89.28,50.66,3.467,19.27,22.9,40.8
2024-03-18,Los Angeles,161,36.0,88.68,63.85,50.73,2.345,16.34,19.9,18.8
2024-01-17,Fort Worth,142,31.04,64.99,66.22,43.9,2.186,22.03,24.8,60.3
2023-05-14,Dallas,104,26.65,58.81,88.84,44.0,2.148,12.73,25.9,34.4
2023-03-03,San Jose,119,29.99,56.3,90.88,33.43,1.593,10.25,29.6,53.4
2024-07-29,Dallas,109,25.78,60.27,60.43,54.74,,19.31,9.7,82.3
2023-12-04,Austin,107,28.85,54.07,49.33,41.65,1.876,,3.4,61.1
2023-05-06,San Antonio,128,25.6,59.04,93.1,42.55,1.764,14.05,31.6,41.8
2023-12-29,Columbus,88,22.58,55.72,62.85,38.98,1.671,13.28,10.0,46.6
2024-11-12,Fort Worth,107,24.61,47.1,58.38,38.93,1.799,18.54,11.3,67.1
2024-03-09,Columbus,118,24.83,63.29,82.68,36.75,1.307,17.43,31.2,30.5
2023-02-22,Phoenix,151,36.6,81.02,95.07,44.98,2.433,21.75,26.6,
2024-09-06,Phoenix,110,27.29,52.28,74.3,49.64,2.563,14.41,-5.1,83.2
2023-12-27,Los Angeles,118,27.6,65.34,55.13,45.01,3.289,20.18,10.9,77.2
2024-08-14,Dallas,97,24.68,49.99,38.4,48.04,2.477,15.19,6.9,71.0
2023-08-06,Chicago,102,25.66,56.36,55.8,47.33,2.187,11.08,8.8,81.1
2024-11-03,San Diego,105,23.74,50.7,43.19,30.49,2.048,10.8,-3.5,77.0
2023-08-18,Columbus,111,24.9,44.4,56.49,42.43,2.843,13.41,8.9,89.2
2023-04-21,Philadelphia,141,32.57,71.76,85.85,39.2,2.28,16.49,30.8,34.3
2024-07-23,Philadelphia,109,24.8,51.69,62.22,48.3,2.255,17.6,15.3,61.2
2023-04-28,Fort Worth,124,26.68,66.7,97.65,47.8,2.274,15.9,34.3,32.1
2023-10-13,San Jose,78,19.22,43.28,47.23,44.53,1.745,12.14,-1.5,94.1
2023-08-20,Fort Worth,85,19.61,37.54,60.77,47.49,2.263,16.34,15.2,92.8
2024-03-15,Columbus,133,30.64,62.92,99.91,44.39,1.977,18.82,33.0,31.8
2024-07-28,Fort Worth,119,26.49,66.47,64.49,35.15,2.179,16.89,6.2,75.7
2024-09-28,San Jose,81,,38.1,46.55,40.53,1.69,13.09,-4.4,82.2
2024-11-22,Austin,,22.13,49.62,52.66,36.75,1.746,18.78,1.4,78.7
2024-07-24,New York,98,20.88,46.78,62.76,48.41,1.358,13.9,10.6,67.8
2024-09-15,Charlotte,111,23.03,48.62,54.42,34.33,1.416,12.46,0.5,88.5
2024-11-04,Columbus,77,18.77,42.83,51.74,42.77,2.578,16.21,4.6,77.1
2024-12-11,Phoenix,134,32.11,79.02,63.83,50.7,,15.7,9.9,88.7
2023-01-30,Chicago,100,25.48,58.38,62.93,40.25,2.095,21.06,,42.4
2023-10-07,Jacksonville,69,17.14,21.87,48.64,36.64,1.723,14.89,-7.2,73.0
2023-11-13,Charlotte,96,20.71,43.66,69.52,37.65,2.051,14.39,13.1,79.6
2023-12-14,Philadelphia,107,27.62,51.56,62.7,49.45,2.37,20.4,4.7,79.8
2023-01-07,Chicago,134,32.01,73.91,60.74,46.85,2.073,18.71,10.4,64.9
2023-05-27,San Jose,105,21.13,51.47,78.63,38.98,1.988,13.66,28.5,53.2
2024-11-04,San Antonio,97,25.35,47.77,51.09,37.58,2.194,12.73,7.0,92.7
2023-03-13,Chicago,156,24.58,62.81,103.9,54.99,2.639,15.66,33.0,19.1
2024-10-10,New York,116,25.31,56.6,69.37,46.18,2.629,17.38,-2.7,91.4
2023-04-04,Jacksonville,132,29.18,64.1,99.87,43.86,2.072,14.29,30.4,48.1
2024-06-27,Houston,109,26.67,63.62,74.88,51.93,2.725,16.83,19.6,50.2
2024-01-21,San Antonio,128,27.23,63.14,57.48,37.13,1.412,16.11,11.5,65.3
2024-04-09,Philadelphia,145,33.96,71.99,106.17,51.29,2.093,21.28,37.5,42.4
2023-06-11,Philadelphia,125,28.85,65.32,69.91,43.73,1.865,15.07,21.9,56.2
2023-11-16,Jacksonville,74,17.9,46.68,56.49,49.54,1.763,8.27,1.9,67.7
2023-11-29,Fort Worth,96,24.15,46.99,56.3,31.5,2.449,16.26,5.8,56.2
2024-08-04,San Jose,84,15.73,37.92,54.67,43.91,1.694,14.55,2.9,68.9
2023-03-28,Charlotte,130,31.07,60.48,98.95,39.31,1.561,18.33,32.3,40.4
2023-02-23,Chicago,157,32.63,75.06,71.75,46.88,2.799,18.48,26.3,47.4
2023-06-11,Fort Worth,139,29.38,79.95,81.46,31.61,2.198,12.2,24.1,45.5
2024-01-13,San Jose,109,23.49,51.84,62.5,32.65,1.842,9.54,14.3,64.9
2024-09-24,New York,117,25.29,51.2,63.46,49.19,2.25,17.68,4.7,95.5
2024-11-21,Los Angeles,121,29.06,66.3,66.86,55.3,2.23,19.93,-0.0,86.0
2023-10-06,San Diego,72,17.32,38.1,44.64,29.27,1.384,17.78,4.7,77.4
2024-11-08,San Antonio,74,17.16,29.08,46.95,51.6,2.011,13.6,5.1,83.9
2024-05-12,San Jose,106,23.15,58.74,57.24,42.64,2.048,17.04,19.8,33.0
2024-03-28,San Antonio,113,28.7,61.98,64.52,43.24,1.787,11.38,20.4,33.7
2023-10-07,Houston,96,21.8,48.28,62.47,46.7,3.006,13.25,4.7,67.9
2024-06-08,Los Angeles,142,37.41,75.74,70.07,58.64,3.057,24.27,23.1,61.7
2023-12-20,San Antonio,105,26.5,51.77,45.15,50.43,1.9,12.74,19.0,70.2
2023-04-24,Phoenix,159,37.27,81.04,89.32,56.96,2.201,18.74,32.8,29.8
2024-11-25,Austin,82,16.82,40.01,,48.78,2.074,9.44,8.3,72.6
2024-08-30,San Diego,97,24.51,42.61,47.81,29.81,0.775,13.21,2.8,89.6
2024-06-23,Austin,98,19.95,47.64,67.5,39.36,1.677,19.2,23.7,38.9
2023-11-12,New York,95,23.91,53.52,54.63,,2.289,13.35,6.7,79.2
2023-08-14,San Antonio,94,20.37,35.34,55.44,49.82,1.923,20.71,1.1,80.1
2024-09-05,New York,112,25.94,54.04,53.82,43.59,2.744,15.67,-1.2,92.0
2023-01-08,Houston,107,27.17,59.54,69.42,52.54,2.481,14.6,22.0,52.5
2023-11-05,Houston,99,22.43,51.59,56.46,59.33,2.418,13.2,3.1,65.1
2023-05-21,Fort Worth,116,26.05,60.53,75.21,40.1,2.16,17.57,19.2,48.0
2023-09-19,Phoenix,92,18.17,50.23,36.09,44.33,2.4,14.08,0.3,93.9
2023-12-02,Los Angeles,123,34.42,76.8,56.95,54.61,3.075,16.3,8.6,66.6
2023-01-08,San Diego,126,28.07,59.69,45.55,36.89,1.475,9.16,6.8,56.3
2024-03-16,Chicago,139,33.45,78.54,72.33,40.55,2.704,17.2,24.2,38.8
2023-05-13,San Antonio,134,28.53,68.86,78.0,44.13,1.906,20.11,25.3,54.6
2024-06-29,Jacksonville,100,21.95,52.95,67.72,42.34,1.581,14.3,22.2,57.2
2023-08-24,Dallas,114,20.5,56.08,50.84,48.21,2.243,13.59,2.7,79.9
2024-07-26,Columbus,97,26.58,50.04,57.24,34.82,2.246,10.11,8.8,74.9
2024-11-15,Fort Worth,101,23.07,48.71,57.3,37.9,2.123,18.93,-1.1,68.4
2023-12-29,Los Angeles,136,32.91,72.85,63.18,51.88,2.94,14.59,51.7,52.2
2024-02-11,Columbus,116,29.32,51.9,68.53,37.4,2.067,12.35,22.4,43.8
2023-02-13,San Antonio,109,25.91,54.05,68.24,46.19,2.227,14.22,23.2,34.7
2023-01-20,San Diego,96,23.13,51.95,56.68,27.8,1.733,16.1,12.7,46.9
2023-03-21,Columbus,141,31.79,77.55,103.65,47.0,1.35,14.45,37.3,29.5
2023-11-17,San Jose,122,25.57,61.96,47.74,45.0,2.161,12.86,2.7,76.0
2024-03-15,San Jose,110,23.35,47.24,82.2,37.67,1.839,11.64,33.8,20.9
2024-02-19,Jacksonville,119,,61.18,60.17,47.71,2.48,14.0,13.3,30.9
2024-10-17,San Antonio,112,24.59,56.72,59.17,47.53,2.439,13.54,3.3,85.3
2023-10-24,Los Angeles,113,26.27,58.02,52.92,55.95,3.549,20.68,2.8,95.7
2024-02-19,New York,126,,68.55,75.16,45.05,2.066,15.26,31.0,27.2
2023-11-29,Chicago,93,21.74,53.25,58.48,49.56,2.372,14.99,2.7,76.5
2024-09-24,San Diego,76,22.28,43.01,40.6,37.49,1.512,9.03,-0.1,84.2
2024-12-07,Charlotte,93,24.29,52.36,52.62,42.95,2.037,11.51,,71.3
2024-01-06,Los Angeles,132,33.62,73.75,71.35,50.37,3.144,23.35,10.4,
2024-03-23,Columbus,136,,64.34,98.48,41.41,1.874,10.74,32.2,36.8
2023-04-19,Houston,129,32.26,69.42,91.17,47.61,2.922,16.02,33.6,27.9
2024-03-22,San Jose,119,25.32,55.76,99.74,36.27,2.062,17.68,31.9,23.0
2024-02-15,Dallas,138,27.29,79.0,74.81,39.78,2.085,19.34,11.4,46.2
2023-03-22,San Antonio,128,32.11,67.95,84.85,38.49,2.358,9.08,32.5,10.6
2023-11-14,Jacksonville,92,22.5,47.04,52.76,41.83,1.557,15.41,3.8,84.1
2023-12-14,Houston,131,30.65,55.78,66.8,53.02,2.416,21.41,2.0,81.4
2023-12-08,Fort Worth,107,22.02,54.34,58.68,49.75,2.108,11.3,8.3,78.6
2023-06-22,Los Angeles,173,36.8,93.31,60.1,45.63,2.96,24.55,10.7,59.4
2024-06-06,Austin,81,19.08,42.64,56.44,37.8,1.412,16.0,19.7,39.2
2023-04-27,Dallas,128,30.1,69.29,89.4,54.78,2.233,15.29,28.6,42.5
2024-06-06,Houston,118,32.37,75.48,53.16,51.07,3.061,19.53,18.5,47.7
2023-12-24,Philadelphia,105,28.52,57.18,71.87,45.97,2.455,16.86,2.6,74.2
2024-10-22,Columbus,69,20.72,43.51,,38.09,1.622,13.26,2.6,81.5
2023-06-01,Houston,134,32.97,74.43,92.57,48.4,2.155,18.86,25.9,45.5
2023-04-16,Chicago,160,35.68,78.49,73.33,46.44,2.279,19.35,29.0,24.4
2023-09-20,Houston,94,23.45,52.27,51.1,43.29,2.244,15.3,2.5,78.5
2023-06-27,San Jose,105,24.75,50.46,53.53,40.37,2.02,11.3,22.5,55.2
2023-06-11,Jacksonville,100,24.7,57.86,68.0,39.87,1.773,,20.8,61.6
2023-06-06,Fort Worth,115,,68.7,,46.75,2.441,19.37,17.5,60.5
2024-11-02,Los Angeles,115,27.04,51.43,62.37,48.83,3.192,11.95,6.8,67.5
2023-07-01,Fort Worth,103,24.04,50.29,59.86,40.87,2.283,17.34,23.1,52.0
2024-10-05,San Diego,81,21.28,44.78,52.04,29.18,2.142,12.01,3.5,95.1
2024-04-20,Fort Worth,138,30.16,70.56,61.03,48.11,2.557,13.95,24.2,40.2
2024-07-31,Fort Worth,90,24.76,41.58,59.55,39.23,2.122,18.92,10.1,91.5
2024-08-16,San Diego,93,16.67,39.46,68.65,46.22,1.552,16.57,0.5,94.7
2024-11-28,Charlotte,96,22.3,47.4,62.73,37.26,,11.68,12.2,72.4
2024-08-01,Austin,97,28.49,59.18,60.65,46.73,2.568,10.14,7.0,78.0
2024-10-12,San Jose,69,21.0,30.96,51.77,34.0,1.55,11.92,-0.2,86.2
2023-11-27,Columbus,93,19.84,37.18,48.1,44.02,2.102,13.99,12.2,61.7
2023-08-21,Jacksonville,95,22.81,44.32,48.4,38.18,1.311,280.66,-0.2,92.5
2024-10-04,Philadelphia,73,21.77,41.03,61.61,39.11,1.955,16.52,1.9,80.2
2023-06-04,San Diego,86,19.61,,66.93,34.65,1.799,15.64,25.5,33.8
2023-03-11,San Diego,99,23.24,52.37,76.99,41.51,1.621,10.78,31.4,36.3
2024-03-28,Austin,119,24.57,61.03,83.26,41.04,1.577,18.15,32.8,13.1
2023-11-07,Fort Worth,73,18.22,36.61,50.8,47.2,1.953,16.05,6.5,76.6
2023-10-09,San Jose,73,15.75,38.6,51.18,34.73,1.927,17.69,1.7,91.2
2023-02-27,Philadelphia,,35.49,67.87,78.98,,2.163,21.02,26.2,41.0
2024-06-03,Los Angeles,152,34.15,78.19,77.62,63.17,3.044,20.1,17.8,48.8
2023-11-14,San Diego,102,22.68,44.63,40.72,37.67,1.878,14.35,-1.6,85.4
2024-04-07,New York,112,25.01,56.01,76.17,47.49,2.353,9.85,20.9,13.8
2023-02-28,Philadelphia,125,28.04,67.4,101.71,43.64,,16.14,37.3,19.2
2023-10-21,Los Angeles,96,22.2,42.1,66.81,49.16,2.368,18.55,-2.8,86.9
2024-10-22,Columbus,83,23.45,44.05,49.45,43.51,1.918,15.26,-5.8,91.5
2023-04-03,San Jose,111,,53.94,73.98,34.27,2.224,12.75,31.2,32.9
2024-08-31,Dallas,117,26.47,67.73,54.99,39.8,2.19,13.86,-0.9,93.6
2024-01-29,San Diego,105,23.61,52.78,42.44,38.35,2.128,15.98,20.7,59.2
2024-08-17,Dallas,110,26.68,45.95,64.54,44.85,1.933,18.92,0.5,86.5
2023-02-12,San Diego,95,24.27,50.47,50.35,36.06,1.605,12.97,17.7,50.6
2024-08-08,Austin,75,20.28,40.91,46.15,28.65,2.065,18.18,-0.6,77.6
2023-07-12,Philadelphia,130,29.95,69.47,66.73,43.3,1.864,16.18,8.5,69.7
2024-09-11,San Diego,80,,35.15,55.04,35.59,2.007,11.68,2.2,84.1
2024-05-28,Chicago,113,29.2,61.5,69.27,43.41,,15.08,15.6,59.5
2023-03-05,San Diego,120,23.24,56.49,97.82,42.81,1.721,14.49,35.7,38.9
2023-04-16,Fort Worth,111,25.55,60.0,76.37,44.31,2.217,10.11,21.4,55.6
2023-12-18,Jacksonville,115,28.12,59.76,73.8,34.54,1.868,13.4,13.9,64.3
2023-03-28,Dallas,135,31.62,65.0,90.85,43.83,2.128,9.9,31.8,29.9
2024-10-23,Chicago,91,21.21,38.88,63.06,44.13,1.976,14.59,0.8,81.1
2023-02-10,Houston,143,34.48,78.72,77.18,,2.846,20.37,20.2,45.3
2024-12-25,San Diego,107,22.07,47.08,62.7,35.14,1.761,18.24,5.1,71.8
2024-03-25,Dallas,154,35.93,78.51,91.5,44.91,2.322,17.98,27.5,42.9
2024-06-19,San Jose,99,19.0,41.47,77.81,38.68,1.91,11.09,14.8,57.1
2023-06-12,Philadelphia,,28.33,56.73,60.14,43.42,2.491,,23.6,49.2
2024-01-17,Charlotte,127,28.44,57.18,53.35,35.01,2.523,15.45,22.7,66.4
2023-10-17,San Antonio,79,16.76,31.01,64.74,41.24,1.903,17.84,8.4,74.4
2024-02-23,Fort Worth,131,29.17,68.77,85.43,42.93,2.5,17.27,,46.6
2023-12-13,Austin,80,20.99,37.06,56.6,41.02,1.768,16.33,7.7,69.4
2024-09-04,New York,103,24.02,43.93,54.22,45.45,2.714,16.33,-2.0,93.1
2024-10-08,Austin,66,16.36,35.27,41.87,31.57,1.837,15.2,1.4,91.5
2023-12-09,Los Angeles,99,24.03,57.35,76.15,51.73,2.853,17.16,9.4,52.0
2023-12-04,Los Angeles,150,34.33,76.92,64.59,52.81,2.735,15.7,-2.5,77.4
2024-07-25,Austin,109,,53.17,43.99,42.78,1.997,13.43,9.4,92.7
2024-01-31,Phoenix,139,29.0,61.01,63.86,46.74,2.513,11.3,19.8,46.8
2023-09-16,Jacksonville,95,22.97,47.54,46.09,44.17,,14.53,-3.0,70.1
2024-11-03,Charlotte,117,25.28,45.31,72.78,34.44,,14.13,2.2,78.1
2024-09-09,Columbus,86,20.26,51.84,64.56,44.44,2.213,,-2.5,82.2
2023-06-03,Philadelphia,133,33.35,70.48,71.21,46.03,1.416,18.47,27.6,45.8
2023-03-25,San Jose,127,22.39,51.06,86.24,38.69,1.931,20.07,29.8,40.8
2024-11-10,Chicago,99,21.77,53.31,60.83,53.46,1.93,17.68,7.6,78.7
2023-12-25,Phoenix,124,28.05,67.91,66.9,50.15,2.368,17.68,22.5,57.7
2024-11-02,Jacksonville,90,20.58,41.17,38.42,35.08,,15.47,9.3,94.3
2024-11-09,San Antonio,116,25.87,53.17,64.38,46.77,1.683,18.15,3.4,
2023-05-13,San Jose,88,23.75,46.35,55.67,33.31,1.786,15.01,22.6,33.5
2024-12-26,Los Angeles,144,33.81,75.67,64.34,42.55,2.731,15.66,9.9,80.7
2023-11-14,Dallas,105,23.11,46.93,62.59,37.43,2.441,26.47,-6.1,90.3
2024-01-21,Austin,84,21.64,45.92,64.64,42.05,1.707,6.38,16.5,55.4
2023-12-03,Columbus,89,22.49,46.74,58.62,39.64,2.011,14.7,9.0,68.5
2023-05-11,Austin,103,21.11,53.28,68.47,27.25,1.683,17.05,24.0,49.1
2024-12-20,Columbus,114,27.95,56.45,68.93,38.63,1.937,20.25,6.5,71.5
2024-12-02,Charlotte,85,,36.75,56.25,46.45,1.992,10.61,9.1,64.7
2024-06-23,Los Angeles,115,28.79,64.42,59.32,50.17,2.777,21.49,14.6,72.0
2024-10-23,Austin,130,26.69,49.06,42.29,32.78,1.78,9.58,-4.2,82.1
2024-03-09,Dallas,137,32.04,79.22,95.83,41.35,2.249,24.34,30.2,29.3
2024-01-06,New York,117,27.04,70.25,77.08,47.8,2.523,12.08,25.9,44.4
2024-01-07,Phoenix,155,33.29,71.77,70.18,40.34,2.506,21.09,20.6,37.5
2023-07-04,Houston,143,,70.66,70.2,41.79,2.597,22.26,16.3,68.9
2023-12-16,Fort Worth,88,21.37,39.12,58.71,37.84,2.037,15.11,8.4,56.0
2024-05-12,Houston,154,34.6,79.77,88.04,50.45,2.367,18.67,24.6,47.5
2023-08-20,Chicago,106,26.99,56.45,41.61,45.81,2.362,20.6,5.4,72.1
2023-06-08,Los Angeles,144,34.01,84.02,59.24,54.3,2.576,21.21,23.5,18.3
2023-10-30,Columbus,85,19.08,36.64,59.94,47.57,2.049,8.49,1.8,80.5
2023-04-14,Dallas,123,31.61,61.34,84.38,48.25,2.778,19.69,,38.8
2024-07-06,Columbus,70,20.41,44.16,60.23,34.8,2.069,13.43,7.0,60.5
2024-06-23,New York,120,28.26,64.89,56.18,49.82,2.392,17.93,22.6,37.6
2024-11-08,Philadelphia,126,27.43,60.99,55.63,37.74,1.762,17.08,0.3,65.8
2024-09-24,Chicago,107,25.63,58.93,52.16,39.75,2.769,21.14,-4.2,86.0
2024-09-03,San Antonio,75,19.01,43.36,58.11,44.71,2.547,20.25,11.3,83.8
2023-06-07,Chicago,95,23.88,58.84,80.73,51.68,2.588,15.42,25.9,43.8
2023-07-05,Columbus,102,23.47,47.66,72.32,48.01,2.136,12.37,10.2,93.1
2024-12-10,Fort Worth,136,33.41,71.33,69.87,41.27,2.625,18.14,6.4,84.8
2024-10-01,Fort Worth,81,19.42,43.11,62.02,36.79,2.469,19.61,-5.6,75.8
2023-06-19,Jacksonville,94,21.41,48.62,51.85,32.64,1.489,15.1,15.9,53.7
2024-03-24,New York,124,29.42,63.15,96.16,44.28,1.812,15.76,32.4,35.6
2024-02-25,Philadelphia,145,33.01,71.03,81.28,42.1,1.884,18.15,30.1,34.8
2024-11-23,Jacksonville,94,21.67,42.98,53.14,31.5,2.48,9.54,12.5,71.0
2023-09-01,San Diego,66,16.29,33.3,64.39,35.88,1.551,9.03,5.8,80.1
2024-09-17,Phoenix,111,28.03,51.84,68.13,47.35,2.236,23.58,-3.4,84.1
2024-04-04,Houston,154,36.39,,98.89,50.39,2.329,15.88,32.4,33.4
2024-06-30,Houston,137,31.91,72.99,82.68,53.34,2.303,20.96,20.5,49.1
2023-11-13,Fort Worth,112,23.9,44.94,51.15,30.71,2.045,18.11,10.9,73.0
2024-04-25,Charlotte,108,21.86,50.34,82.36,40.57,1.981,15.9,27.4,37.7
2023-07-18,Philadelphia,127,26.2,65.08,48.82,36.95,2.031,19.36,0.4,78.8
2024-11-25,San Jose,82,18.16,39.3,51.28,38.52,1.684,11.8,2.0,87.0
2024-03-27,San Diego,126,27.63,61.43,72.69,33.23,2.135,17.2,25.1,57.0
2023-10-16,Fort Worth,100,24.83,52.75,48.77,42.93,2.195,16.9,-2.7,83.3
2024-01-27,Dallas,110,27.67,56.46,55.33,,2.251,12.27,21.9,48.6
2024-06-24,San Antonio,111,22.35,55.28,60.64,40.19,2.006,20.33,4.3,56.0
2023-06-15,Columbus,110,24.54,63.66,68.72,37.48,1.569,15.11,15.2,56.4
2023-07-24,Fort Worth,100,24.35,56.51,64.62,33.58,1.908,17.98,2.8,64.4
2024-09-11,Chicago,93,22.7,42.56,65.69,50.53,2.091,14.78,0.0,87.0
2023-09-14,New York,88,24.8,44.77,44.68,40.8,2.129,20.72,,80.6
2024-10-18,San Diego,84,20.99,31.52,54.51,26.72,2.162,8.38,-4.5,94.7
2024-01-16,Dallas,145,32.54,68.12,56.87,42.3,2.004,16.49,19.0,51.5
2023-04-16,Jacksonville,124,31.41,68.29,92.79,38.86,2.093,12.13,30.8,46.3
2024-06-12,Columbus,107,25.92,55.72,54.06,36.35,2.265,11.43,17.7,51.7
2023-05-08,Phoenix,139,33.42,74.8,84.21,47.09,2.928,12.68,19.3,48.1
2024-09-11,Philadelphia,100,24.59,56.67,65.12,45.56,2.761,22.52,-0.8,
2023-03-27,Fort Worth,337,28.16,61.16,102.4,44.87,2.01,11.4,36.3,15.9
2023-06-14,Phoenix,146,32.18,75.17,59.4,45.18,2.359,16.19,18.8,44.6
2024-04-05,Charlotte,130,27.44,51.31,94.15,45.96,1.964,16.98,32.3,38.1
2024-06-09,Chicago,121,28.09,65.94,58.6,40.37,1.518,18.27,18.4,66.6
2024-03-23,Los Angeles,167,38.83,82.31,105.16,51.31,2.329,17.88,24.9,38.7
2023-08-16,Columbus,105,22.23,39.01,76.74,37.66,2.242,19.09,11.3,90.0
2024-04-06,Charlotte,132,32.76,77.5,73.79,38.79,2.476,13.15,28.8,35.8
2023-12-24,Charlotte,116,27.75,52.02,53.78,35.12,1.686,24.83,1.5,70.4
2023-01-28,San Antonio,91,24.68,58.11,71.52,45.4,2.928,19.85,23.1,18.7
2023-02-24,San Antonio,142,32.9,68.87,87.8,37.27,1.71,14.94,34.9,45.1
2024-05-29,Philadelphia,135,29.58,63.72,72.23,48.35,1.906,13.72,13.8,60.5
2023-08-30,San Antonio,97,21.43,44.07,50.64,35.65,1.892,15.74,3.4,84.9
2023-03-25,Philadelphia,121,29.83,71.7,98.95,43.41,1.951,10.35,29.3,25.9
2023-08-18,New York,90,24.43,45.33,62.04,41.18,1.744,12.51,2.8,94.3
2023-11-23,Charlotte,95,26.15,54.44,46.17,44.98,2.447,13.54,8.2,82.4
2023-04-12,Columbus,153,35.35,73.95,75.01,38.8,2.322,9.34,33.4,40.4
2024-10-27,Philadelphia,119,26.58,59.34,70.32,46.99,1.894,13.95,-0.3,88.4
2023-05-30,Chicago,125,27.71,68.7,80.35,40.7,2.177,16.86,25.6,46.6
2023-02-09,Phoenix,154,36.7,73.45,95.12,44.07,2.684,19.67,,34.9
2024-04-28,Jacksonville,110,25.17,51.62,84.89,42.8,2.156,11.97,29.9,33.1
2023-05-23,Fort Worth,98,28.48,57.32,69.18,50.01,1.794,12.31,14.3,48.1
2024-12-23,San Diego,66,17.31,41.48,39.34,41.34,1.698,,10.5,58.5
2024-04-04,San Jose,,28.87,48.75,60.84,46.11,1.637,15.11,17.9,30.5
2023-01-06,Charlotte,102,25.83,52.53,57.15,46.83,1.722,16.57,16.5,
2023-03-23,New York,,32.51,72.16,101.77,44.75,2.179,13.14,25.5,38.6
2023-09-20,Houston,129,28.02,64.44,62.81,49.56,2.815,20.47,0.5,95.1
2023-06-03,Dallas,124,33.12,63.96,86.79,43.24,1.962,23.22,24.2,67.5
2024-07-13,Philadelphia,98,25.61,57.18,69.35,45.2,2.088,11.46,9.0,76.8
2024-09-15,Dallas,102,24.27,50.84,59.28,43.75,2.1,17.04,10.9,66.9
2024-03-09,Los Angeles,154,32.48,,86.18,52.58,2.833,18.51,28.5,38.1
2023-10-23,Houston,101,19.28,57.4,61.18,53.07,2.761,16.14,5.7,82.9
2023-11-05,Los Angeles,116,28.41,58.79,55.43,53.88,2.504,15.25,-3.7,81.1
2023-02-18,Houston,155,34.43,82.79,75.01,52.71,2.612,15.98,24.4,48.5
2024-03-05,Austin,106,26.89,58.93,80.58,33.2,2.007,17.28,30.7,
2024-09-29,San Diego,97,19.39,43.72,45.77,36.18,1.81,4.87,2.4,
2023-03-06,Los Angeles,173,37.1,89.87,105.98,48.18,2.932,16.62,31.1,28.0
2024-05-26,San Jose,106,23.18,49.99,79.68,32.64,1.81,12.87,22.0,55.5
2024-07-02,New York,113,25.68,71.62,63.98,47.54,2.763,20.89,16.1,69.2
2024-10-09,Dallas,125,28.5,61.69,50.14,43.95,2.154,17.85,2.4,95.7
2024-08-11,Houston,146,31.94,73.94,57.98,,2.85,19.65,5.5,85.8
2023-05-28,Phoenix,154,30.82,77.54,99.04,45.09,2.693,13.31,29.6,40.7
2024-03-15,New York,150,,74.77,120.46,40.72,2.57,15.83,34.8,31.7
2024-09-21,Philadelphia,87,20.0,34.28,53.85,40.91,2.602,11.37,6.6,71.0
2023-09-04,San Jose,55,14.3,42.47,49.79,31.12,1.728,12.16,-0.0,73.1
2024-03-02,Chicago,135,27.41,59.58,100.11,49.33,1.901,15.45,33.2,38.3
2024-11-11,Austin,103,23.68,50.99,58.79,35.98,2.17,16.03,6.7,76.6
2023-03-29,Dallas,134,28.94,60.83,101.53,43.99,2.054,18.82,31.7,32.7
2024-01-05,Los Angeles,110,27.25,58.71,62.82,58.89,2.301,16.34,8.2,54.8
2024-06-22,Dallas,144,33.17,72.85,55.1,35.42,2.352,14.62,14.0,59.4
2024-06-03,Fort Worth,111,27.17,52.16,64.37,41.08,2.595,17.66,25.8,52.5
2024-06-03,Dallas,125,28.32,60.63,80.51,49.18,2.845,16.92,15.6,48.6
2023-01-21,San Antonio,135,31.46,71.97,58.9,37.13,2.194,8.61,15.3,39.9
2024-04-26,New York,125,28.25,66.47,88.8,52.91,2.071,14.43,29.5,29.8
2024-10-12,San Antonio,96,23.7,52.0,65.21,42.48,2.195,22.41,-1.6,61.2
2024-01-18,Phoenix,131,30.12,72.9,71.62,43.53,2.221,16.55,16.2,57.0
2023-01-17,Philadelphia,138,30.81,65.91,70.43,44.96,2.512,11.35,25.0,40.0
2023-03-11,Philadelphia,122,28.57,63.79,75.39,44.42,2.802,19.18,23.5,41.6
2023-09-04,Jacksonville,104,27.22,52.51,32.84,43.29,1.699,11.02,4.2,72.5
2024-11-03,Austin,87,20.77,41.19,48.0,31.07,1.964,13.73,7.9,91.4
2023-04-17,Fort Worth,148,36.39,,85.83,46.17,1.587,15.77,26.4,46.3
2024-08-18,Jacksonville,111,25.22,47.26,49.39,41.01,1.888,13.88,9.1,77.4
2023-12-07,Chicago,87,21.19,49.05,46.96,,2.649,20.48,,79.8
2023-02-15,Philadelphia,130,29.44,67.79,,44.86,2.57,15.59,24.4,48.5
2024-07-13,Philadelphia,98,25.61,57.18,69.35,45.2,2.088,11.46,9.0,76.8
2024-10-20,Chicago,110,26.94,61.31,58.98,43.47,3.015,16.79,-9.5,88.7
2024-12-02,San Diego,106,24.75,,48.8,38.33,1.824,12.26,16.6,78.4
2024-12-13,San Diego,98,23.65,46.03,59.74,35.8,1.275,11.49,8.1,95.0
2024-10-08,Chicago,96,22.87,40.47,58.02,38.3,2.034,19.48,2.5,89.7
2023-05-19,Los Angeles,140,33.27,74.65,98.14,52.65,2.362,17.05,28.8,24.7
2024-04-13,New York,115,29.44,56.89,61.42,46.95,1.655,16.19,23.9,33.7
2023-10-28,Houston,91,22.88,50.26,67.13,53.26,2.191,16.71,5.5,83.0
2023-02-14,Fort Worth,116,26.04,63.36,93.97,39.19,2.418,8.17,23.7,56.7
2023-07-24,Charlotte,96,25.69,53.74,56.77,49.05,1.745,16.38,13.6,62.1
2023-02-12,Philadelphia,144,34.18,82.41,64.01,44.55,1.794,14.65,21.6,21.2
2023-11-14,Dallas,71,17.86,38.17,,52.36,2.097,15.96,-4.8,78.8
2024-02-12,Columbus,142,31.38,65.35,63.41,42.71,2.24,9.38,25.4,35.3
2024-07-10,San Diego,102,24.21,51.27,50.91,40.53,2.326,6.89,7.1,63.1
2023-09-17,New York,102,,48.52,45.57,43.1,2.147,15.1,2.1,91.9
2024-10-24,Houston,86,22.04,54.13,61.75,47.1,2.872,23.83,,70.2
2023-10-20,Philadelphia,97,21.29,40.98,42.97,39.21,1.785,,-0.6,79.9
2023-02-18,Columbus,122,32.31,59.13,66.74,35.87,1.959,16.49,27.6,39.2
2024-11-02,Philadelphia,83,24.45,39.49,64.64,53.26,2.407,19.41,-0.6,94.4
2023-10-07,Los Angeles,137,32.23,71.69,56.12,55.91,2.992,12.15,1.7,89.2
2024-01-12,San Antonio,99,24.73,56.8,66.08,37.37,2.662,14.35,8.9,42.4
2024-02-14,Jacksonville,107,25.94,51.17,54.33,38.73,1.938,17.18,23.3,57.0
2024-03-26,Charlotte,144,26.95,56.48,91.7,48.88,2.193,17.69,37.8,34.6
2024-01-31,Philadelphia,164,31.91,62.98,69.94,48.46,2.571,18.68,24.6,42.9
2023-07-11,San Diego,,22.8,51.25,68.38,41.47,1.596,,11.8,54.4
2024-12-09,San Diego,120,26.32,61.78,51.2,34.04,1.786,12.48,8.1,73.2
2024-01-12,Charlotte,129,28.49,66.11,52.71,36.8,3.117,17.12,15.8,59.4
2024-06-15,Phoenix,117,26.97,62.38,70.56,55.98,2.728,21.58,11.9,36.5
2023-03-26,Jacksonville,146,27.97,60.71,86.48,39.18,1.881,17.14,31.1,26.5
2024-03-10,Los Angeles,133,32.28,71.31,79.08,54.88,2.772,20.33,30.3,36.3
2024-03-16,San Jose,110,22.77,56.38,88.31,40.97,1.409,7.55,33.4,18.7
2023-07-04,Dallas,125,30.77,60.76,57.01,39.48,2.352,21.89,7.4,72.6
2023-10-28,Philadelphia,90,,41.61,60.11,38.95,1.896,13.42,-2.6,74.8
2023-04-16,Los Angeles,151,33.62,78.14,108.96,56.0,2.958,22.22,33.5,27.4
2023-12-02,Austin,100,23.35,44.83,37.85,37.29,1.714,14.17,2.6,84.2
2023-10-30,Phoenix,,22.51,39.68,64.15,53.84,2.242,14.74,6.0,67.9
2024-04-01,San Jose,119,21.52,49.95,100.16,37.48,1.13,16.89,33.7,23.2
2024-03-12,Chicago,127,27.15,57.55,74.09,37.81,2.516,17.08,24.6,55.9
2024-12-07,San Diego,116,24.86,36.16,62.81,35.23,2.151,15.42,18.8,66.7
2023-12-26,San Diego,86,22.44,41.41,53.24,25.32,1.901,,17.9,47.7
2023-02-13,Jacksonville,128,31.14,59.3,85.37,46.06,2.04,8.79,26.1,33.8
2023-12-28,San Jose,115,24.27,58.49,77.02,34.89,1.679,15.55,12.5,56.3
2024-03-21,Phoenix,154,34.49,70.36,98.26,51.76,2.284,18.01,31.9,34.6
2024-10-16,Fort Worth,101,25.59,61.36,60.01,39.18,2.165,17.82,3.7,85.2
2023-02-28,Los Angeles,181,40.08,102.99,81.56,50.83,2.343,30.13,22.6,44.8
2024-11-18,Austin,80,18.82,38.95,62.92,35.73,1.764,15.23,16.5,80.9
2024-02-20,Philadelphia,156,34.92,72.87,55.69,44.16,2.575,18.78,20.1,40.6
2024-06-09,Fort Worth,133,28.87,67.21,64.31,42.41,1.983,16.02,19.2,49.9
2024-11-26,Chicago,116,24.83,60.67,60.93,49.52,2.231,16.11,7.3,77.5
2023-02-01,Chicago,143,31.7,66.15,76.74,44.54,2.446,19.08,,43.9
2024-09-14,Austin,95,23.39,52.41,57.31,28.67,1.516,19.95,-1.1,88.9
2024-03-24,New York,134,33.59,67.65,98.38,48.89,2.306,19.84,28.9,27.7
2023-05-10,Los Angeles,169,40.18,,71.11,49.17,2.903,16.51,20.6,52.5
2023-08-30,Fort Worth,96,23.1,45.81,58.51,40.73,2.049,15.31,-0.8,82.8
2024-10-22,Philadelphia,77,20.9,40.48,35.05,41.57,2.603,17.03,4.1,
2024-01-06,San Antonio,120,26.52,59.94,55.05,39.37,1.885,19.86,20.4,63.3
2024-08-03,New York,105,27.81,62.89,48.65,40.78,2.528,8.56,4.0,88.2
2024-09-11,Chicago,116,24.97,54.11,42.33,45.58,2.141,21.2,3.4,94.7
2024-11-26,San Diego,102,23.46,39.37,40.27,42.59,1.59,9.5,7.2,92.9
2024-01-15,Philadelphia,127,29.04,70.38,83.76,43.4,2.015,19.03,24.7,42.1
2024-03-30,Fort Worth,94,25.74,56.14,79.17,43.25,1.827,16.24,27.1,25.3
2023-03-20,San Jose,79,22.81,44.37,63.1,31.4,1.115,13.47,22.7,32.9
2023-05-21,Dallas,125,26.27,57.82,79.56,43.5,2.39,9.74,27.3,53.6
2024-01-11,San Antonio,97,24.51,56.32,64.27,34.88,2.622,13.56,21.7,58.6
2023-11-18,Austin,118,24.95,50.42,40.53,38.85,1.908,14.45,3.2,93.4
2023-10-13,Houston,141,30.22,59.54,51.51,50.04,2.488,16.41,-0.7,93.0
2023-04-27,New York,123,31.4,71.14,99.35,47.27,1.806,20.92,31.0,35.5
2023-07-10,San Diego,96,22.91,55.21,47.69,27.78,1.185,9.95,23.3,65.1
2024-01-20,Chicago,111,27.99,57.76,62.82,38.47,2.475,19.84,13.7,75.4
2024-06-14,San Antonio,,27.25,63.7,66.85,43.65,2.341,15.92,20.2,56.8
2024-07-29,Los Angeles,104,26.33,54.92,72.14,51.61,2.956,15.89,8.3,87.7
2023-09-26,Fort Worth,104,27.91,57.83,65.11,40.74,1.445,13.23,4.6,94.6
2023-09-24,Jacksonville,92,24.85,54.75,58.21,37.26,1.705,13.33,-8.6,85.4
2024-04-01,Houston,151,32.87,74.12,123.73,46.73,2.69,15.41,40.0,27.0
2024-09-18,Phoenix,,24.75,46.52,60.45,49.86,2.319,19.36,-2.8,94.7
2024-12-11,Charlotte,93,22.11,43.16,73.07,40.85,2.231,20.76,11.5,72.9
2024-05-17,Houston,151,36.37,80.14,73.37,47.76,3.253,23.69,19.8,50.4
2023-05-06,Chicago,129,31.12,72.48,93.44,54.23,2.505,18.03,31.2,37.3
2023-03-17,San Diego,109,25.63,51.6,72.65,32.62,1.857,12.82,26.4,58.2
2023-06-26,Charlotte,92,25.37,59.34,50.31,41.0,1.83,11.25,16.7,56.3
2024-03-31,Los Angeles,159,36.7,77.83,91.43,50.63,2.225,15.38,23.2,41.1
2024-11-29,Columbus,57,13.85,29.24,53.46,37.62,1.681,11.58,13.3,78.1
2023-11-24,Austin,78,20.96,36.06,59.18,42.41,1.883,11.1,1.7,77.0
2023-12-22,Jacksonville,97,23.75,55.67,68.55,43.11,1.677,13.16,10.0,75.8
2023-03-08,Dallas,121,26.18,62.28,84.6,44.31,2.244,18.32,25.2,29.6
2024-07-09,Phoenix,132,29.27,64.78,62.69,47.94,2.581,18.49,15.9,61.4
2023-11-04,Columbus,104,25.24,49.28,64.16,41.22,2.257,18.34,1.8,79.2
2023-06-11,Jacksonville,100,24.0,52.94,63.93,36.13,1.518,8.5,14.0,37.8
2024-12-27,Charlotte,126,,67.85,55.62,35.09,1.775,20.01,10.9,84.5
2024-12-18,Austin,108,24.68,49.69,44.66,35.66,2.116,14.72,11.0,81.4
2023-06-28,Fort Worth,138,30.91,66.74,52.66,38.8,1.784,15.31,18.5,58.1
2024-01-06,Dallas,129,30.31,71.17,68.86,45.09,2.114,12.62,11.7,59.7
2023-08-18,Los Angeles,109,25.17,56.31,58.21,44.63,2.493,18.18,2.0,
2023-07-25,Fort Worth,104,25.28,59.61,48.16,35.7,1.826,9.75,7.7,77.1
2023-05-23,Houston,149,33.21,71.82,80.15,50.89,2.564,15.91,23.1,26.5
2024-05-20,New York,135,30.28,72.71,65.5,48.74,2.309,19.33,23.7,37.4
2024-01-05,Dallas,127,27.0,60.04,,41.56,1.535,19.81,19.3,45.1
2024-08-09,Philadelphia,105,22.25,50.14,49.31,43.62,1.909,17.58,6.0,89.4
2024-04-23,Fort Worth,133,31.54,71.65,64.39,39.41,1.926,15.04,20.9,58.0
2024-07-18,Chicago,103,25.31,54.1,58.54,43.84,2.039,19.5,14.2,61.4
2024-09-18,Charlotte,86,21.45,45.63,44.42,44.28,1.615,12.44,-6.8,69.0
2023-03-30,Los Angeles,162,37.79,89.44,102.73,58.83,2.546,17.56,32.1,33.5
2023-11-13,San Antonio,91,19.87,52.16,69.27,39.39,1.689,11.37,8.6,70.9
2024-05-05,Dallas,135,31.45,72.67,85.89,59.14,1.911,17.59,31.0,25.8
2024-02-25,Fort Worth,139,32.71,70.89,99.25,39.72,2.379,14.32,36.4,38.4
2024-02-24,Columbus,130,26.98,68.3,77.58,40.81,2.446,9.7,28.8,29.2
2024-08-11,Los Angeles,131,30.74,71.79,46.99,50.61,2.962,20.49,6.6,68.9
2023-05-09,Philadelphia,106,28.48,58.8,76.12,44.54,3.051,18.27,17.4,48.8
2024-10-19,Los Angeles,105,23.81,58.75,55.19,55.58,3.126,11.67,9.5,60.1
2024-04-05,San Diego,103,22.36,47.15,90.78,36.57,1.617,17.46,33.5,32.0
2024-11-27,Dallas,103,26.32,59.2,55.05,43.46,2.303,13.93,2.1,83.0
2023-12-19,Chicago,141,29.81,66.55,56.21,47.15,2.33,16.13,7.3,67.2
2024-07-18,Austin,110,24.13,49.23,60.47,50.18,1.786,20.41,9.5,79.0
2024-08-24,Chicago,138,29.66,58.3,55.25,45.97,2.316,20.51,4.1,71.4
2023-05-13,San Antonio,128,28.28,67.94,82.92,41.66,1.793,13.06,22.9,31.4
2024-05-29,Charlotte,114,29.97,59.46,56.52,35.18,2.03,15.68,18.0,53.8
2023-02-26,Columbus,121,25.32,67.02,88.07,44.22,2.295,12.91,33.2,23.0
2023-05-08,Dallas,113,,66.39,69.38,46.68,2.21,17.27,27.8,40.2
2023-06-06,Phoenix,138,30.25,74.69,69.62,45.24,2.482,19.29,22.4,50.6
2023-06-18,Chicago,113,27.74,63.44,88.06,38.9,2.064,13.58,32.4,48.9
2023-11-27,Charlotte,108,24.68,52.04,49.01,38.8,2.145,14.0,,69.9
2024-12-27,Houston,129,26.87,67.29,69.72,49.04,2.207,17.45,12.2,75.3
2023-12-21,Dallas,135,28.32,66.02,52.22,46.85,2.462,9.92,13.2,68.6
2023-10-18,Columbus,75,19.19,33.65,52.31,42.91,2.183,14.7,-10.5,95.8
2024-11-16,Columbus,79,17.97,40.2,61.98,44.13,1.973,12.86,6.6,90.5
2023-03-22,Phoenix,137,33.88,73.71,102.6,55.3,1.569,23.46,38.0,29.7
2023-07-21,Austin,113,24.02,53.2,68.45,29.92,1.975,16.85,13.6,62.6
2024-07-18,Phoenix,128,30.83,69.59,59.32,45.13,2.843,21.39,8.5,64.3
2023-05-09,Austin,96,22.52,58.24,51.34,45.65,2.23,12.43,24.3,39.3
2023-11-07,San Jose,88,19.79,38.95,32.4,34.5,1.7,10.22,0.5,88.8
2024-06-30,Los Angeles,111,24.09,58.14,73.36,57.87,2.183,17.72,17.8,62.8
2024-05-29,Austin,106,26.14,54.95,64.38,44.76,2.027,12.64,15.6,53.7
2023-06-22,San Jose,75,21.0,37.03,57.6,30.28,1.862,6.59,20.5,54.7
2024-08-17,Chicago,150,32.13,448.64,44.45,41.42,2.436,13.11,2.5,93.5
2023-06-25,Austin,91,21.62,47.45,69.23,47.81,1.605,15.09,8.9,58.2
2024-10-01,Jacksonville,86,18.93,46.65,60.42,37.04,2.062,16.09,6.8,95.6
2024-09-11,Philadelphia,87,22.44,46.81,42.65,49.35,2.492,13.68,-3.5,89.3
2024-07-31,New York,106,20.59,55.15,58.11,46.91,2.273,14.16,6.0,74.7
2024-01-06,Los Angeles,149,35.13,74.73,79.51,45.44,3.006,20.87,26.6,73.7
2023-01-30,Los Angeles,142,35.9,81.8,85.29,44.85,2.755,16.39,25.0,40.0
2023-02-16,Austin,95,24.35,55.62,62.37,41.95,2.306,15.55,21.5,33.5
2024-08-13,Phoenix,126,28.64,67.62,65.34,52.52,2.354,11.68,3.7,64.6
2024-10-28,Houston,129,28.17,52.23,56.5,54.87,2.408,20.42,12.0,78.6
2024-08-08,San Antonio,117,24.16,51.44,63.62,42.22,2.145,9.76,10.8,67.3
2024-09-24,Austin,100,22.02,51.82,59.03,38.78,2.033,14.01,0.0,87.3
2023-02-01,San Diego,,20.61,41.44,68.12,33.66,1.446,14.26,29.7,46.2
2024-10-04,Dallas,114,25.2,58.69,51.48,41.99,2.225,14.96,4.6,82.4
2023-10-24,Austin,106,23.08,45.28,42.01,38.64,1.942,12.95,4.7,91.0
2023-11-06,San Diego,89,18.53,38.36,43.14,39.08,1.86,9.09,3.2,73.5
2023-09-08,Fort Worth,90,17.43,34.68,53.13,44.44,2.144,21.93,-1.5,85.6
2024-12-02,San Antonio,95,22.67,50.91,57.42,44.4,2.353,15.12,9.6,66.7
2023-11-01,San Diego,88,21.57,49.22,61.12,34.19,1.269,12.04,-5.6,89.5
2023-03-16,Jacksonville,114,22.53,59.71,85.21,51.16,1.603,15.4,25.9,21.0
2023-03-03,Chicago,118,29.4,61.63,91.05,39.13,2.706,17.35,28.8,44.9
2024-03-26,San Antonio,133,29.78,54.06,79.34,43.08,2.232,14.99,31.4,23.4
2024-05-10,San Diego,117,28.24,58.68,74.53,37.1,1.821,15.43,26.3,46.2
2023-07-28,Philadelphia,122,28.03,55.64,49.14,37.06,1.834,22.34,5.5,71.7
2024-09-13,Chicago,98,23.07,43.95,68.03,,2.754,22.36,-0.9,93.1
2023-11-17,Columbus,89,21.42,45.04,53.08,38.47,1.835,18.65,1.2,94.9
2023-11-23,Jacksonville,81,19.28,39.56,47.57,44.01,2.212,13.14,7.7,69.3
2023-12-20,San Antonio,107,24.62,54.46,58.85,38.08,2.21,16.51,11.2,63.9
2023-05-14,Fort Worth,140,33.17,78.93,68.18,41.98,2.212,13.62,19.0,39.1
2024-01-15,Dallas,123,24.95,66.66,226.83,46.75,2.1,17.41,24.9,45.5
2024-07-29,Los Angeles,114,29.32,66.15,55.06,54.05,2.724,11.94,6.8,95.3
2023-11-23,Houston,137,33.44,74.72,70.81,54.85,2.145,,-2.5,67.1
2024-04-22,Los Angeles,155,34.77,87.11,111.15,47.61,2.552,15.45,29.9,49.9
2023-10-01,San Diego,81,19.79,36.06,56.03,32.43,1.712,18.48,4.6,73.2
2023-09-11,Chicago,99,24.61,50.12,56.32,43.96,2.524,16.06,-1.9,95.6
2023-04-10,New York,118,27.27,65.68,98.66,41.85,2.087,14.85,31.1,30.1
2023-10-25,San Antonio,103,,44.28,50.63,46.15,2.337,10.71,2.6,76.3
2024-09-22,San Antonio,85,20.67,41.75,63.47,28.81,1.977,15.52,7.4,95.8
2023-09-12,Columbus,99,22.78,44.7,45.99,37.65,2.04,6.47,0.2,94.9
2023-06-13,Columbus,102,20.97,53.02,77.5,36.01,2.542,15.07,24.7,67.1
2023-12-02,Charlotte,101,24.13,54.56,51.86,35.46,1.807,11.74,2.6,86.1
2024-08-14,Jacksonville,79,21.64,48.93,58.72,39.93,1.798,16.69,0.5,94.2
2023-11-17,Houston,130,28.0,56.1,74.06,43.09,2.611,18.62,0.5,87.2
2023-06-13,San Diego,102,25.73,56.39,52.24,40.78,2.221,10.81,10.2,45.1
2024-06-11,San Diego,77,18.71,42.11,60.2,30.11,1.534,13.32,21.8,46.5
2024-04-09,New York,129,29.83,74.46,87.33,51.17,2.6,12.75,32.2,29.5
2024-05-25,Charlotte,103,23.42,52.56,53.39,38.17,2.382,16.35,20.8,31.6
2023-11-12,San Diego,126,26.69,53.81,64.44,35.29,1.755,8.18,-2.7,78.1
2023-01-24,Los Angeles,147,37.21,77.68,79.97,48.29,2.524,14.22,22.2,59.5
2024-02-07,Dallas,,27.77,69.29,84.2,44.98,2.068,19.96,29.2,34.6
2024-04-13,Houston,150,38.63,87.39,73.57,48.15,,13.3,23.4,70.2
2023-08-09,San Jose,105,26.14,57.55,58.67,33.32,2.034,16.81,9.9,90.6
2023-12-28,New York,105,25.86,51.52,61.66,40.78,2.249,15.78,11.3,65.8
2023-02-21,Phoenix,155,35.17,84.98,101.51,44.68,2.182,14.67,27.9,42.7
2024-05-21,San Jose,113,26.18,55.86,73.12,42.77,1.473,10.92,25.8,53.4
2024-10-31,Austin,80,19.14,41.59,58.52,36.6,2.314,12.67,3.3,73.6
2024-04-26,Phoenix,116,26.69,66.19,86.11,48.6,2.281,20.98,29.3,16.8
2024-07-03,New York,133,31.05,73.04,73.09,51.08,1.931,16.69,12.4,59.3
2023-04-21,San Antonio,122,27.51,63.01,97.48,40.15,2.42,14.26,31.3,45.1
2023-05-18,Charlotte,121,29.03,,72.05,44.6,1.719,12.81,30.6,32.2
2024-04-29,Fort Worth,106,23.44,54.78,79.51,44.42,2.312,19.67,31.2,22.8
2023-09-28,Jacksonville,87,22.85,49.34,45.93,34.8,1.963,14.61,-3.3,95.3
2024-01-10,Fort Worth,126,27.53,66.83,58.9,40.16,1.757,18.93,16.6,54.6
2024-02-17,Philadelphia,117,28.73,62.51,74.07,50.78,2.161,14.71,19.8,62.0
2023-02-16,San Antonio,101,26.2,420.86,58.03,40.58,1.671,8.06,22.5,43.9
2023-02-22,San Jose,112,24.21,45.57,84.81,35.65,1.413,16.43,23.4,52.4
2024-07-29,Houston,125,28.76,69.71,58.74,50.31,2.761,18.58,7.2,62.6
2024-01-07,Dallas,119,28.63,61.38,60.44,40.32,2.891,15.85,21.8,48.4
2023-10-23,Los Angeles,151,33.96,72.09,56.26,43.96,2.77,13.16,8.4,90.9
2024-01-31,Dallas,148,33.37,77.47,71.97,49.41,2.137,21.91,18.9,33.3
2024-04-06,Fort Worth,147,32.84,74.54,77.17,47.03,1.596,15.21,26.1,27.5
2024-07-17,Phoenix,122,25.61,50.38,58.77,45.77,2.518,21.42,9.6,56.3
2024-09-30,Austin,94,23.53,54.49,57.21,36.31,2.058,17.26,4.1,75.7
2024-09-17,Los Angeles,119,27.26,60.25,57.86,57.5,2.752,19.53,5.7,78.4
2023-05-12,Los Angeles,159,36.58,84.68,102.22,53.49,2.657,16.25,27.6,45.7
2024-02-08,Philadelphia,105,24.94,50.18,70.83,,2.378,10.85,,23.1
2023-12-14,Dallas,121,24.73,67.38,63.61,32.45,2.6,23.38,12.0,79.9
2024-01-10,Fort Worth,105,24.96,49.5,61.82,39.66,1.58,22.67,17.1,55.8
2023-05-28,Houston,117,32.08,67.24,72.53,55.04,2.465,19.18,25.7,31.7
2024-09-08,Dallas,102,19.97,52.16,49.36,56.73,2.321,17.95,-6.6,89.9
2024-02-16,Dallas,138,28.82,60.28,64.2,46.92,2.656,23.73,17.3,41.2
2023-02-11,New York,135,31.36,74.01,,,2.355,18.81,27.4,46.8
2024-04-25,Los Angeles,196,40.28,98.0,87.0,54.08,3.141,20.94,26.5,45.2
2023-02-09,Chicago,136,27.16,58.58,107.98,46.7,2.553,14.0,30.7,65.6
2023-12-08,Fort Worth,85,20.11,43.7,61.07,38.98,2.166,17.25,16.6,67.8
2024-04-30,Dallas,166,35.73,87.1,82.8,49.98,1.814,14.52,32.0,47.3
2024-04-12,Chicago,140,32.85,68.47,105.04,45.01,2.533,18.08,34.0,33.1
2024-09-12,Charlotte,83,21.32,43.64,60.33,46.4,2.378,14.9,-3.6,94.3
2024-06-11,Chicago,105,22.92,62.52,72.35,44.56,2.085,16.64,18.2,30.2
2023-12-02,Charlotte,106,25.15,51.75,42.75,39.18,1.715,19.75,7.8,73.0
2024-09-19,Philadelphia,94,21.57,45.37,59.64,48.31,2.096,13.48,5.1,70.9
2023-06-16,San Antonio,82,22.23,40.97,,41.92,2.521,13.86,18.8,40.6
2024-09-23,Jacksonville,85,19.79,42.45,50.38,35.64,1.991,13.12,-1.8,70.2
2023-11-03,San Jose,94,22.84,54.15,53.33,35.69,1.517,10.92,-0.2,88.0
2023-12-11,Dallas,117,28.98,67.31,63.92,48.71,2.283,16.84,18.1,57.7
2024-06-05,Dallas,115,26.69,51.49,71.95,43.36,2.235,13.32,19.1,41.6
2024-05-16,Jacksonville,103,25.38,59.92,65.62,40.02,2.041,11.13,27.9,43.0
2024-07-30,Phoenix,127,29.54,65.93,63.47,49.17,2.117,21.83,5.4,76.1
2024-05-01,Columbus,99,21.65,60.08,73.06,39.46,2.031,11.63,22.1,45.1
2023-01-18,Philadelphia,121,26.05,69.63,89.51,44.64,2.16,15.68,28.3,33.5
2023-12-06,Austin,87,20.87,42.34,45.24,43.32,2.158,16.57,5.1,82.8
2023-04-23,San Antonio,92,23.43,44.72,87.33,36.8,,10.17,34.3,18.8
2024-08-20,Phoenix,123,27.82,73.18,51.29,52.75,3.067,16.88,4.9,82.8
2024-12-05,Austin,83,23.97,46.11,52.53,34.63,2.045,11.33,10.8,86.3
2023-01-28,San Jose,107,24.73,45.4,55.57,36.32,1.907,11.05,23.9,38.8
2024-04-30,Phoenix,130,29.69,74.45,95.12,50.08,2.597,15.27,27.7,34.2
2024-11-02,Fort Worth,109,24.05,52.2,50.09,39.85,2.413,18.86,-0.9,86.5
2024-08-15,San Jose,,24.57,43.44,56.55,36.78,1.843,12.77,-6.9,96.5
2023-08-22,Jacksonville,85,20.23,51.29,57.39,45.25,1.863,14.52,,91.3
2023-02-22,San Jose,99,22.56,50.55,52.86,37.59,1.744,10.5,19.8,36.8
2024-05-06,Chicago,102,24.68,63.12,69.43,50.07,2.516,13.61,28.1,40.0
2024-06-20,Austin,95,25.47,63.03,67.45,32.27,2.269,17.22,21.0,44.3
2024-09-26,Fort Worth,75,17.55,34.25,41.08,42.18,1.977,16.59,1.0,88.6
2024-01-25,Chicago,131,30.08,70.86,65.37,49.81,2.57,15.19,20.0,47.9
2024-11-28,Houston,148,36.02,74.34,55.6,51.07,2.669,20.31,4.2,65.8
2023-02-02,San Jose,108,24.01,49.34,84.31,35.4,1.484,21.16,33.9,49.5
2024-12-18,Los Angeles,149,36.36,73.83,64.48,43.72,3.141,22.47,7.2,59.9
2023-07-15,New York,122,26.51,52.44,60.18,47.87,2.36,8.12,9.5,78.3
2024-03-27,Philadelphia,148,34.01,76.8,88.38,43.53,2.739,11.94,26.5,52.7
2024-03-04,Chicago,133,32.38,64.15,68.12,44.39,2.453,19.13,25.8,40.5
2024-02-27,Jacksonville,125,22.71,60.11,80.49,41.95,1.606,16.19,26.3,34.0
2023-07-28,San Antonio,127,30.05,53.0,54.44,39.36,2.231,12.93,12.2,58.2
2024-05-28,Fort Worth,104,27.48,59.06,76.39,44.08,2.246,15.84,26.4,49.7
2024-09-18,Charlotte,85,21.52,47.31,62.82,42.1,1.632,16.65,-1.1,96.0
2024-04-27,Columbus,99,20.64,51.12,73.97,35.9,1.711,12.79,34.0,32.4
2023-03-05,Jacksonville,117,28.13,65.39,80.71,30.61,2.003,12.96,26.2,25.2
2023-05-22,Dallas,130,27.55,70.06,88.71,46.01,,16.12,28.8,48.9
2023-08-01,Dallas,98,26.54,60.4,53.35,39.4,2.249,13.49,8.1,75.3
2023-11-29,Austin,77,20.84,43.8,61.75,38.16,1.934,10.73,8.7,66.0
2024-05-04,Dallas,144,32.71,69.93,79.73,49.32,1.919,15.94,30.0,39.6
2024-01-21,Philadelphia,136,31.21,63.16,69.92,48.88,1.987,18.19,24.7,49.2
2023-06-27,San Diego,111,24.43,47.63,65.42,34.18,1.841,9.98,,63.8
2024-06-29,Philadelphia,106,22.12,60.68,47.79,39.05,2.093,16.07,,41.1
2024-07-13,Philadelphia,130,30.35,71.48,57.9,44.64,2.146,16.46,11.6,46.2
2024-03-11,Dallas,125,29.96,62.23,102.41,39.38,1.747,19.05,26.6,22.4
2023-02-25,Dallas,133,25.95,63.32,81.16,50.12,1.765,16.15,30.4,26.3
2024-11-23,Fort Worth,83,20.31,49.31,53.17,43.38,2.364,17.71,5.3,64.0
2024-11-28,Austin,90,19.29,40.03,59.89,34.35,1.569,17.27,11.0,69.6
2024-12-10,Phoenix,130,28.76,69.02,71.41,46.2,2.571,10.53,10.3,67.7
2024-09-16,San Diego,78,20.11,26.96,45.14,33.51,1.488,19.83,-6.7,81.6
2023-07-16,Houston,110,24.06,57.57,61.77,48.56,2.444,16.47,-3.0,70.2
2023-10-13,Dallas,124,26.08,50.61,46.94,52.98,2.307,14.3,-3.0,92.3
2023-11-02,Houston,112,24.93,51.68,61.73,51.82,2.896,20.44,4.7,73.0
2023-11-01,Fort Worth,81,20.82,32.6,72.66,44.25,2.498,7.62,1.6,82.9
2023-10-23,Jacksonville,97,23.48,51.63,37.06,37.91,,15.36,10.4,95.1
2023-08-01,Jacksonville,78,19.48,45.55,50.61,38.57,1.974,12.33,6.3,69.1
2024-12-22,San Diego,83,17.94,32.86,64.27,29.18,1.215,16.18,11.4,62.3
2023-11-21,San Diego,67,18.17,25.68,54.68,30.12,1.61,15.12,10.7,64.8
2023-12-24,Dallas,108,29.13,61.07,56.0,44.9,2.366,14.93,11.6,71.8
2023-10-08,Phoenix,99,27.39,58.09,48.22,47.93,2.64,11.79,,96.4
2023-05-05,San Jose,107,25.11,55.53,81.79,40.0,2.105,19.61,27.5,37.0
2024-11-23,Dallas,110,25.45,57.0,63.07,41.72,1.953,14.55,8.2,86.2
2024-01-24,Charlotte,107,25.37,56.92,67.84,44.32,2.327,17.09,26.5,47.3
2024-02-09,Columbus,113,27.33,59.68,77.91,42.28,2.108,11.06,25.3,51.6
2023-12-20,Fort Worth,135,28.22,62.79,73.42,38.03,1.913,18.37,10.7,83.1
2023-05-30,Phoenix,131,30.95,66.17,51.81,55.01,2.469,17.96,18.0,59.6
2023-02-13,Phoenix,146,34.76,68.93,85.47,49.37,2.141,16.65,28.4,35.3
2023-03-22,Philadelphia,143,33.98,72.41,86.56,47.32,2.714,10.53,30.8,51.9
2024-03-28,Austin,93,24.0,48.43,71.11,30.07,,16.24,26.6,38.9
2023-09-20,Jacksonville,73,18.74,43.15,44.73,36.17,1.156,18.34,5.1,83.7
2024-05-05,Houston,150,34.92,78.47,80.18,50.92,2.431,25.32,28.5,54.2
2023-07-26,Columbus,62,16.97,34.23,59.28,36.36,1.589,11.54,7.8,86.7
2024-07-05,Phoenix,99,23.3,51.04,63.07,46.06,2.878,12.02,18.5,55.1
2024-07-29,Jacksonville,98,22.37,50.11,53.51,34.84,1.598,12.67,4.8,83.7
2023-10-06,Chicago,85,18.14,44.12,56.7,49.53,2.414,13.84,-3.9,80.9
2023-04-22,San Jose,110,28.14,57.41,79.48,41.26,2.242,9.28,25.2,41.0
2024-08-23,Houston,106,23.53,49.88,69.12,49.5,2.672,18.55,-1.8,84.1
2023-09-06,New York,83,18.07,46.65,52.59,46.47,2.235,16.68,-0.5,84.8
2024-11-16,Charlotte,88,20.45,58.37,65.71,39.92,1.795,13.6,1.0,81.4
2024-06-27,Houston,152,32.62,74.63,85.53,53.9,2.201,20.06,,67.2
2024-10-15,Houston,138,30.11,63.64,57.52,49.28,3.005,19.75,-0.6,80.7
2023-02-23,Los Angeles,154,39.0,88.65,75.12,49.28,2.493,17.39,21.4,17.0
2024-02-28,Philadelphia,143,34.7,63.47,73.95,40.62,2.181,14.19,25.1,22.8
2024-04-28,Los Angeles,185,43.05,98.58,112.06,51.59,2.592,21.98,,36.3
2024-11-28,Fort Worth,108,22.7,45.23,50.66,42.21,2.237,13.95,12.0,68.3
2023-05-21,New York,113,26.68,65.16,60.52,53.26,1.857,16.78,18.8,51.4
2024-07-17,Charlotte,93,23.1,49.14,54.54,48.79,1.555,16.58,12.4,74.4
2023-06-11,San Antonio,111,24.72,55.42,66.71,40.68,2.139,15.06,28.5,44.1
2024-10-30,Charlotte,113,23.31,43.49,59.68,38.77,2.218,13.54,,84.0
2024-05-02,San Diego,142,25.68,58.2,,42.07,1.44,15.26,41.8,34.9
2024-10-28,Houston,108,22.14,51.05,71.58,49.65,2.491,20.94,4.6,78.5
2023-10-22,Philadelphia,96,27.27,44.95,55.19,46.01,2.372,12.84,9.5,90.8
2023-10-20,Austin,95,26.12,53.19,40.26,38.06,1.392,10.31,1.7,90.3
2023-03-02,Charlotte,164,35.42,75.87,84.54,36.22,1.718,22.27,28.6,32.2
2023-04-02,Austin,113,26.47,52.38,70.16,38.93,1.883,10.35,22.2,36.7
2024-08-10,Houston,114,27.66,54.59,,49.35,2.389,17.65,5.9,87.2
2024-07-01,Jacksonville,108,27.39,48.06,77.96,41.55,1.608,15.23,19.6,64.6
2023-02-08,Charlotte,118,29.25,63.07,79.36,45.22,1.068,15.54,21.6,46.2
2023-06-29,San Antonio,107,25.6,55.02,69.37,40.36,2.033,16.62,15.5,62.8
2023-06-30,Charlotte,96,24.14,47.43,77.25,38.96,1.865,8.8,9.5,71.1
2023-02-07,Columbus,110,26.52,56.03,74.5,36.74,2.112,14.83,25.7,40.3
2024-02-11,Fort Worth,113,25.13,51.0,84.32,46.64,2.477,17.07,32.0,56.3
2024-05-22,Chicago,123,25.17,54.02,89.38,46.2,2.125,12.22,26.9,46.2
2023-10-24,Charlotte,130,28.1,61.51,,42.93,1.968,15.95,10.0,82.2
2023-02-08,New York,99,25.94,56.82,67.48,40.67,2.475,12.17,21.7,55.7
2023-11-02,San Jose,115,23.83,46.69,54.68,35.69,1.643,13.22,4.9,80.8
2024-09-09,Los Angeles,112,23.52,54.83,66.66,49.27,2.352,17.37,-5.8,82.4
2023-12-10,Phoenix,135,30.01,60.46,55.12,48.72,2.151,17.58,15.8,65.5
2024-04-10,Austin,116,29.05,64.3,67.61,45.25,2.237,7.16,27.0,33.0
2024-07-10,Dallas,144,34.88,74.7,76.08,45.37,1.7,13.55,3.8,53.7
2024-05-20,Charlotte,117,28.16,55.84,94.55,42.02,1.426,12.66,35.1,51.0
2023-05-18,Columbus,109,24.73,45.12,75.6,41.86,1.796,15.98,16.2,66.0
2024-05-31,San Diego,86,22.96,46.87,65.49,36.29,1.496,17.56,18.0,35.1
2023-10-07,Houston,129,30.02,62.96,,42.81,3.061,13.12,0.0,88.0
2023-04-26,Philadelphia,125,24.91,44.96,93.07,46.76,2.27,16.27,37.1,16.2
2023-06-16,Jacksonville,92,23.95,56.77,76.24,42.15,2.255,9.84,15.8,61.4
2024-04-14,Austin,120,25.76,,73.76,35.38,2.068,10.7,31.3,18.9
2023-09-21,Jacksonville,94,20.18,46.0,49.5,38.79,1.638,10.86,2.9,91.4
2023-07-10,New York,107,24.73,51.24,47.75,42.72,2.098,11.23,8.5,67.9
2023-12-12,Fort Worth,111,27.61,49.24,43.43,41.03,1.838,10.45,13.0,57.6
2023-10-30,San Jose,80,18.95,36.38,57.67,36.13,1.413,10.27,-1.7,78.9
2024-11-21,Fort Worth,84,21.24,48.69,57.15,44.78,1.944,18.31,-0.2,88.8
2023-07-17,Chicago,150,32.81,80.8,55.58,51.36,2.35,10.98,9.9,54.7
2024-09-17,Columbus,97,22.4,45.95,63.8,42.33,2.164,10.27,-2.5,95.6
2024-10-16,Charlotte,76,20.49,41.64,53.27,41.9,1.996,14.23,-0.8,91.3
2024-02-20,Columbus,107,24.36,58.72,82.02,44.49,2.027,14.33,27.2,36.9
2024-03-13,Dallas,104,24.38,62.24,78.14,40.7,2.41,,31.6,39.7
2023-12-02,Los Angeles,130,30.13,67.41,67.34,49.18,3.718,15.7,10.8,72.0
2024-02-15,Austin,116,24.36,55.89,84.6,33.59,2.142,11.49,29.2,30.8
2023-04-08,Chicago,121,32.77,73.06,81.34,43.44,2.511,15.05,30.7,27.4
2023-05-24,San Diego,130,22.03,57.43,94.28,36.52,1.169,14.63,36.1,27.7
2023-11-28,Charlotte,108,25.06,56.48,64.43,44.95,1.859,10.95,-6.9,92.7
2023-09-12,New York,79,19.14,38.68,48.72,42.39,2.183,18.34,3.4,83.4
2023-09-25,San Antonio,117,25.05,54.08,39.01,45.98,2.406,14.76,-4.7,83.4
2023-08-30,San Diego,92,22.48,40.85,60.59,36.34,1.868,13.97,9.6,67.9
2023-10-01,Philadelphia,105,25.51,52.04,52.67,41.91,2.086,17.13,-1.6,87.4
2023-11-06,San Jose,67,18.24,39.07,41.62,29.41,1.29,15.52,-1.5,78.7
2024-08-09,New York,97,25.66,47.3,51.7,37.7,2.184,19.09,3.9,77.4
2023-09-25,Austin,69,15.96,40.99,58.66,32.33,2.296,12.38,2.3,93.0
2024-01-04,Jacksonville,89,18.75,47.53,61.09,36.91,1.308,14.07,20.8,58.1
2023-08-30,New York,85,19.29,40.64,69.16,42.47,1.763,,6.4,92.2
2024-11-14,Los Angeles,129,25.59,53.45,66.41,62.48,2.502,18.56,3.4,76.0
2024-04-21,Phoenix,156,35.09,81.01,87.6,49.97,2.175,16.49,28.0,20.3
2023-06-13,San Antonio,131,27.51,56.17,71.67,48.03,2.184,9.57,16.5,35.1
2024-12-03,Dallas,100,21.92,55.49,48.31,42.02,2.157,14.4,-2.2,72.0
2024-12-21,Fort Worth,106,23.01,44.13,53.68,44.62,1.889,15.26,11.8,51.9
2023-11-15,Jacksonville,94,24.15,46.78,58.16,35.54,2.151,14.7,7.5,86.9
2023-05-01,Austin,116,24.4,53.46,92.33,33.01,1.735,14.13,28.9,34.3
2023-10-30,Philadelphia,84,18.01,46.65,49.78,40.73,2.6,14.27,-4.2,80.2
2024-09-21,Houston,103,22.59,50.78,55.88,49.7,2.734,20.68,-2.9,94.6
2023-08-13,Chicago,156,31.91,67.8,54.53,48.58,2.128,12.82,6.9,78.1
2024-05-04,Chicago,143,33.06,65.41,83.64,37.98,2.656,11.52,26.3,48.1
2024-04-10,Jacksonville,104,25.52,56.66,67.71,42.35,1.752,11.83,26.3,20.5
2024-09-12,Philadelphia,89,20.39,44.46,49.51,42.7,2.584,19.26,-7.8,90.5
2024-03-01,Jacksonville,111,26.35,60.58,63.91,42.14,2.189,13.12,24.5,51.0
2024-07-16,Charlotte,112,20.19,44.93,65.91,38.08,2.344,12.73,13.2,
2024-04-27,Fort Worth,120,24.43,56.06,92.4,45.83,1.252,13.47,28.3,32.0
2024-07-04,Fort Worth,116,24.67,61.57,62.01,45.49,2.093,18.46,7.5,58.5
2024-11-11,Columbus,93,17.95,46.83,67.39,44.57,2.144,17.85,4.7,79.9
2023-08-12,Fort Worth,105,21.78,58.13,57.53,39.27,2.418,11.92,6.3,
2023-09-11,Austin,85,20.41,38.42,41.66,40.5,1.824,15.19,-4.6,96.0
2024-09-02,Columbus,101,22.75,41.03,61.84,38.67,2.452,14.86,0.3,83.6
2023-03-25,Dallas,149,30.93,80.51,100.34,55.5,2.584,15.25,36.7,34.7
2024-04-02,Dallas,129,34.17,76.45,81.18,49.15,2.012,23.6,25.5,49.1
2024-12-21,Philadelphia,135,28.86,65.09,61.13,43.38,1.93,16.1,12.9,64.9
2023-03-21,Charlotte,106,27.47,55.38,69.9,43.67,2.416,16.38,26.1,42.3
2024-07-31,Los Angeles,115,25.35,58.78,68.12,61.24,2.662,13.69,,82.4
2023-03-05,Columbus,142,31.79,66.69,77.44,40.52,2.386,16.1,25.7,48.1
2024-07-14,Charlotte,97,24.08,51.62,,36.18,2.296,,13.2,62.9
2024-06-01,Houston,163,34.0,86.84,63.49,49.8,2.864,15.25,19.9,28.1
2024-08-09,Dallas,111,28.35,45.51,67.16,54.51,2.641,14.08,,86.7
2023-06-03,Chicago,131,29.97,59.18,86.7,54.23,1.87,14.74,26.8,45.3
2023-12-02,Columbus,120,27.31,65.0,54.16,38.19,1.695,9.37,6.9,73.2
2024-06-16,San Diego,66,19.05,35.84,48.48,31.17,1.86,9.39,12.0,44.1
2023-04-30,Austin,111,24.79,45.7,82.25,40.23,1.854,17.24,31.4,25.1
2023-07-30,Jacksonville,99,25.66,58.51,44.61,41.07,1.742,12.2,7.0,65.8
2024-08-20,San Diego,76,16.06,32.18,51.02,30.97,2.092,11.73,2.8,87.2
2023-04-04,Charlotte,119,25.0,59.89,92.72,48.32,2.549,9.05,32.4,28.8
2024-06-06,San Diego,108,25.88,50.48,73.12,41.11,1.646,19.46,22.2,
2023-02-26,San Diego,125,19.49,57.59,97.7,35.69,1.986,11.84,32.1,46.5
2023-05-16,Dallas,129,30.78,74.5,98.52,53.96,2.026,11.74,38.3,25.9
2024-03-01,San Diego,119,27.64,50.47,60.8,36.39,1.53,13.68,18.1,54.4
2024-07-31,New York,109,24.51,53.68,69.25,42.71,2.53,14.93,7.8,78.4
2024-07-26,San Diego,94,20.76,37.04,58.62,43.1,1.469,20.32,12.4,54.3
2024-11-19,Fort Worth,109,23.47,54.53,58.7,44.2,2.466,11.48,-4.0,84.3
2023-11-12,Jacksonville,93,20.92,43.71,53.46,49.12,,10.78,1.2,85.1
2023-01-23,San Antonio,104,24.23,49.14,66.52,37.53,1.849,11.82,20.8,43.0
2023-09-18,Columbus,88,20.52,43.68,72.38,40.65,1.925,11.96,,75.1
2023-01-04,Jacksonville,84,23.08,41.87,67.82,42.33,,12.17,18.6,58.7
2023-08-12,San Jose,73,16.98,42.42,57.32,39.31,1.92,6.97,6.9,88.2
2023-03-16,New York,128,30.9,66.65,70.52,39.29,2.451,15.3,31.6,29.0
2024-03-09,Philadelphia,135,31.12,67.38,86.23,44.94,2.494,18.19,-18.1,37.0
2024-12-18,Los Angeles,108,28.84,56.94,70.34,52.53,2.274,18.68,17.9,51.2
2024-07-08,New York,138,29.35,57.87,,48.09,2.526,,13.6,64.3
2023-03-12,Charlotte,137,,60.5,105.88,43.71,1.894,21.9,38.3,26.1
2024-04-28,New York,141,32.62,68.77,86.33,34.1,2.407,22.37,38.8,39.2
2023-10-21,San Antonio,75,19.21,39.11,53.74,37.24,1.702,6.11,0.3,73.5
2023-07-04,Fort Worth,81,18.15,41.29,53.21,48.3,,12.13,7.6,58.6
2024-08-21,San Jose,91,19.31,38.63,39.48,36.83,1.647,13.11,-0.5,89.6
2023-05-19,Fort Worth,121,28.01,61.54,97.22,41.34,2.567,15.3,28.9,53.5
2024-10-18,Jacksonville,82,14.7,30.41,47.88,46.48,1.93,15.29,-1.0,77.2
2024-10-23,San Antonio,97,20.56,46.13,49.36,36.68,2.403,14.59,2.2,83.7
2024-01-19,Charlotte,109,21.76,46.99,68.59,35.91,2.503,22.79,21.5,56.2
2024-01-27,San Diego,110,25.06,50.49,30.05,35.02,1.319,14.5,17.4,34.7
2024-01-22,San Antonio,100,27.49,48.29,78.38,38.33,2.842,,17.7,42.2
2023-03-24,Austin,104,25.34,52.04,88.96,33.93,,12.87,30.5,45.7
2024-11-08,Columbus,93,19.5,40.25,53.17,37.92,1.918,14.91,6.3,80.8
2024-07-06,Chicago,137,29.4,58.48,78.08,42.23,2.238,17.75,18.1,64.7
2024-10-31,Columbus,74,21.24,38.68,62.38,44.32,1.653,14.33,5.8,65.6
2023-12-23,Los Angeles,125,27.32,63.44,57.04,60.29,2.691,12.83,16.5,39.6
2023-07-02,Dallas,91,23.94,51.09,76.99,44.55,1.802,17.43,,34.0
2024-02-07,Dallas,138,28.51,77.61,75.59,48.86,2.341,19.94,25.2,39.3
2023-05-11,Jacksonville,129,29.67,58.22,59.62,34.14,,16.18,21.5,49.2
2023-08-17,Columbus,113,27.48,52.49,47.17,42.34,1.875,18.02,10.7,73.4
2023-01-04,Fort Worth,133,30.47,71.22,65.13,40.41,2.228,15.06,13.1,59.9
2023-01-24,Phoenix,128,28.15,68.43,69.67,54.28,2.205,20.83,16.2,51.2
2024-04-19,Austin,131,25.08,67.59,65.02,33.59,2.2,7.79,22.3,45.2
2024-07-11,San Antonio,101,23.63,43.21,67.33,41.16,2.199,21.64,15.2,73.2
2024-06-28,San Antonio,73,20.76,46.28,59.94,47.13,1.821,,19.2,62.3
2023-08-24,Houston,102,30.34,64.5,70.88,46.0,2.564,20.88,5.2,76.2
2024-04-16,Philadelphia,133,33.31,71.07,91.36,42.62,1.981,17.57,29.3,31.0
2023-06-08,Phoenix,136,27.63,73.36,55.87,59.57,2.952,16.08,13.1,57.3
2023-07-13,Charlotte,98,23.48,45.12,59.99,45.76,1.838,14.76,9.9,70.6
2023-04-26,New York,146,32.69,73.09,92.76,47.92,1.901,15.19,,36.8
2024-11-07,San Antonio,92,22.64,50.52,54.76,38.11,,15.68,-0.8,82.3
2024-09-21,Fort Worth,96,16.91,42.11,43.82,35.59,2.337,18.45,-1.4,82.0
2023-01-17,Houston,139,32.79,80.52,73.47,49.78,2.996,19.54,19.3,56.9
2023-07-31,Los Angeles,111,27.07,56.6,68.08,60.84,2.752,18.98,8.7,74.6
2023-04-14,San Jose,105,26.66,56.87,60.49,33.44,1.306,6.77,23.2,
2023-02-04,San Diego,96,24.06,45.09,61.52,32.39,1.558,10.07,21.1,56.0
2024-09-04,Austin,77,17.51,29.35,77.55,44.2,,10.63,8.1,70.4
2024-12-21,Columbus,103,25.85,57.88,48.73,39.33,1.72,16.94,9.1,71.7
2023-02-19,Houston,132,30.89,72.92,96.04,56.52,1.859,11.93,22.4,53.6
2023-02-15,San Antonio,116,30.12,64.55,70.68,38.65,2.377,16.59,24.5,55.7
2024-03-25,Houston,,37.34,81.18,103.52,38.72,2.763,23.86,31.4,28.5
2024-07-06,Houston,122,29.92,61.73,71.08,40.52,3.069,23.65,15.8,89.4
2023-02-27,Chicago,124,25.88,69.75,90.62,40.61,2.107,23.5,27.9,33.8
2024-05-30,Phoenix,145,38.23,77.64,71.8,43.81,2.385,17.03,17.4,47.0
2023-08-28,Columbus,89,23.1,48.83,51.32,38.06,2.088,20.35,,95.4
2024-08-12,Philadelphia,92,23.13,42.18,59.22,47.0,2.016,11.31,1.6,82.2
2024-08-14,San Jose,82,18.16,34.8,41.9,32.15,1.92,17.78,7.9,59.2
2024-11-19,Columbus,121,24.69,51.34,53.76,44.05,2.418,23.74,7.0,95.4
2023-11-25,Houston,120,31.39,59.99,55.1,45.22,2.192,19.51,17.6,75.4
2023-11-06,Charlotte,81,18.5,41.24,41.04,43.82,1.905,15.82,0.9,82.2
2023-05-27,Austin,108,24.13,51.97,58.7,41.02,1.62,14.73,24.2,53.1
2024-06-17,Houston,153,33.4,87.09,75.39,44.76,2.085,22.59,26.6,61.9
2024-02-28,Phoenix,125,31.82,69.66,75.24,52.48,2.611,12.06,23.1,44.4
2023-10-09,New York,113,24.88,53.47,62.83,46.19,1.814,16.18,1.4,93.0
2024-07-24,San Jose,109,25.4,51.6,54.66,36.13,1.911,11.65,16.3,60.3
2023-06-29,Austin,69,19.84,38.29,58.82,34.51,2.026,14.31,,34.1
2024-11-26,San Antonio,71,17.43,32.4,49.37,46.13,2.048,10.04,9.2,70.0
2024-07-23,San Diego,85,21.73,47.09,56.59,34.38,1.595,10.8,18.4,67.4
2023-02-18,Philadelphia,130,29.34,65.71,85.84,39.46,2.191,13.09,32.5,13.1
2024-10-20,Austin,86,18.91,39.69,64.46,31.09,1.364,11.57,6.2,79.7
2024-01-26,Fort Worth,121,25.67,56.27,65.36,45.88,2.141,20.47,15.4,43.2
2024-06-21,Philadelphia,127,30.69,65.51,78.03,52.0,2.196,14.51,17.8,81.7
2024-12-14,San Antonio,98,22.75,52.44,58.01,45.47,2.106,15.21,8.4,53.1
2024-02-23,Chicago,145,29.28,74.69,70.27,45.48,2.354,11.46,26.5,43.5
2023-11-04,San Antonio,91,20.97,37.57,49.04,39.64,1.914,11.28,-3.3,
2023-07-08,Fort Worth,85,20.4,45.33,66.41,53.39,2.535,,21.1,65.8
2024-07-04,San Diego,73,14.85,29.39,54.03,30.85,1.539,13.78,12.3,63.4
2023-09-04,Columbus,85,17.39,45.47,45.61,50.84,2.333,12.03,-5.7,95.0
2023-08-19,Phoenix,108,23.07,42.11,61.83,41.57,2.452,20.04,1.8,70.1
2024-12-25,Chicago,129,26.98,65.12,48.42,42.86,2.324,21.55,18.0,53.2
2024-04-19,Charlotte,75,20.07,43.94,52.98,42.06,1.33,17.77,19.6,28.7
2023-03-01,Dallas,153,33.11,70.65,70.1,46.7,1.639,19.5,19.9,29.4
2024-02-27,San Antonio,131,31.14,63.62,87.83,39.89,1.888,,34.6,49.1
2024-07-24,Dallas,113,26.45,55.23,47.37,311.13,2.715,25.9,2.1,74.8
2023-05-18,San Antonio,113,25.72,55.15,95.32,46.31,2.312,15.91,36.9,38.5
2023-09-06,Phoenix,93,25.4,48.74,58.43,51.8,2.894,20.68,11.8,64.9
2023-07-28,Philadelphia,135,29.23,70.99,69.4,46.38,2.442,18.8,8.9,71.8
2024-10-24,Los Angeles,,27.26,62.79,58.87,52.96,2.541,19.82,2.3,89.2
2024-04-05,Columbus,122,28.55,50.72,83.58,40.79,2.075,17.4,30.0,35.9
2024-01-15,Los Angeles,151,34.89,79.13,66.46,54.72,3.484,26.12,14.5,68.1
2024-07-02,Jacksonville,97,21.82,46.92,63.38,37.87,1.976,11.63,6.9,48.9
2023-07-15,New York,100,25.56,56.87,54.17,37.48,2.145,23.64,14.4,60.4
2023-10-02,San Antonio,90,20.86,45.94,40.75,35.95,2.182,17.07,-8.7,93.5
2024-11-20,San Jose,99,23.18,42.11,,35.67,0.722,15.4,4.2,78.7
2024-09-09,New York,107,26.29,58.52,50.75,43.28,2.537,20.01,3.4,69.1
2023-03-16,Houston,149,33.46,81.97,82.45,54.31,2.53,18.73,26.3,30.5
2024-08-24,Jacksonville,112,23.94,61.62,59.54,40.01,1.774,18.55,,72.5
2024-11-18,Dallas,102,26.29,50.41,53.97,38.43,1.872,16.41,6.3,67.4
2023-08-11,San Diego,96,17.65,34.85,64.4,40.49,1.566,14.46,-3.7,92.3
2023-08-02,Columbus,85,23.49,37.03,53.19,35.09,1.891,9.96,8.4,79.3
2023-12-07,Phoenix,131,26.43,66.24,59.93,,2.205,15.92,4.0,81.4
2023-01-16,Houston,132,29.35,65.14,71.04,50.66,2.355,21.54,17.4,40.4
2023-07-14,Jacksonville,107,20.23,57.97,57.32,41.09,1.841,17.87,19.7,64.8
2023-05-01,Jacksonville,136,28.94,70.19,84.91,35.05,1.774,14.69,33.5,26.8
2024-05-05,Charlotte,100,24.57,51.35,86.92,40.96,1.884,13.78,29.7,45.0
2023-09-06,Jacksonville,78,18.47,44.28,50.55,39.57,2.42,13.67,1.7,74.4
2024-09-10,Jacksonville,96,22.88,40.15,36.79,31.39,1.852,7.36,0.3,
2023-07-29,San Antonio,106,25.23,44.65,41.26,42.52,2.094,23.55,6.6,88.8
2023-09-03,Dallas,89,16.09,39.11,64.08,44.91,2.364,12.12,4.1,84.4
2023-11-26,Fort Worth,115,25.19,51.46,41.3,45.25,1.668,19.31,9.1,76.6
2023-10-17,San Antonio,105,24.87,47.66,55.18,51.14,2.193,14.26,-0.9,77.0
2024-04-22,Dallas,125,29.55,63.41,94.98,46.58,1.944,14.83,29.9,31.2
2024-10-26,Philadelphia,117,25.09,42.91,60.76,40.64,2.124,18.77,7.4,92.6
2023-11-12,Phoenix,107,27.47,49.87,50.31,41.71,2.417,18.71,2.7,77.7
2024-01-04,Dallas,,22.51,51.29,59.69,48.83,2.801,13.99,17.9,51.6
2024-05-24,San Diego,118,25.45,52.13,69.19,28.25,1.737,,28.5,38.7
2023-04-11,Fort Worth,139,33.74,71.46,83.6,39.82,2.268,16.57,32.3,38.0
2024-04-25,Fort Worth,121,30.13,69.74,98.42,49.28,2.178,15.07,32.2,24.3
2023-11-24,Charlotte,95,24.26,49.22,52.44,46.78,2.056,14.49,-8.4,72.2
2023-07-28,Philadelphia,130,29.89,67.22,,43.48,1.638,9.6,3.3,94.2
2023-11-17,San Antonio,100,22.92,42.53,64.53,37.54,2.651,16.36,-5.4,92.6
2023-02-16,San Jose,117,28.6,59.44,85.54,31.36,1.591,13.75,33.7,39.5
2023-08-15,Jacksonville,86,18.08,37.01,49.11,37.44,1.437,15.46,10.7,82.3
2023-05-30,New York,135,29.02,64.28,73.42,50.26,2.669,13.18,15.4,52.4
2023-07-04,Fort Worth,110,25.55,52.51,75.25,42.06,1.454,20.07,16.2,75.8
2023-09-25,Dallas,87,20.24,43.39,67.25,54.37,2.424,23.59,8.2,79.6
2024-08-21,San Jose,91,19.31,38.63,39.48,36.83,1.647,13.11,-0.5,89.6
2024-03-03,Phoenix,144,30.63,75.36,81.66,45.04,2.916,16.75,24.4,38.9
2023-06-06,Houston,162,35.38,87.08,76.87,43.59,2.406,19.67,21.2,42.0
2023-12-04,Houston,110,26.62,58.21,72.42,44.0,2.563,13.42,2.8,54.6
2024-01-24,San Jose,78,21.26,44.5,66.74,29.86,1.712,21.7,18.1,33.2
2023-09-09,San Diego,68,19.37,42.3,47.05,30.65,1.662,9.81,0.3,89.7
2024-07-17,Austin,96,20.96,41.37,43.86,38.55,1.655,16.28,,66.8
2024-12-02,Philadelphia,97,22.62,47.18,58.47,40.61,1.892,17.03,4.5,68.5
2023-09-21,Fort Worth,67,16.44,34.57,50.1,36.75,2.82,17.43,3.5,96.8
2024-05-15,Jacksonville,105,24.32,51.18,75.29,42.69,1.948,10.26,31.7,33.0
2024-10-19,Jacksonville,101,23.48,42.23,59.49,32.92,1.69,11.23,1.0,85.5
2024-05-17,San Diego,115,27.53,46.57,69.93,34.42,1.315,11.66,25.7,74.4
2023-06-22,Jacksonville,138,28.64,55.46,64.45,37.51,1.819,9.74,15.7,78.5
2023-12-27,Chicago,118,22.34,67.62,65.88,41.2,2.764,14.21,19.3,56.0
2023-05-24,Jacksonville,99,23.67,51.27,81.79,37.73,2.166,6.51,25.0,30.0
2024-07-13,San Diego,75,20.01,37.64,63.38,35.4,2.054,10.27,6.7,58.4
2023-07-08,Charlotte,120,26.51,63.43,50.41,38.6,1.861,16.24,10.3,66.6
2024-07-09,Austin,110,27.13,53.02,45.43,33.59,1.617,17.23,16.0,51.9
2023-03-02,Dallas,109,26.28,54.33,74.06,42.38,2.409,11.27,28.3,36.1
2023-02-04,Columbus,122,30.74,68.0,65.13,50.86,2.151,12.28,21.6,50.0
2023-03-18,Columbus,119,29.2,61.58,71.28,46.68,1.619,10.73,25.9,43.0
2024-11-15,New York,100,23.31,56.13,51.96,43.83,,19.25,11.3,78.2
2023-01-07,San Antonio,96,27.57,66.69,75.01,41.48,1.812,17.6,26.8,54.8
2023-05-21,Columbus,124,30.58,72.09,67.67,31.76,1.891,21.11,,58.9
2024-10-07,Houston,118,28.89,58.22,61.8,42.46,2.314,18.01,-4.1,75.8
2023-03-11,Jacksonville,112,19.32,38.48,87.21,38.81,1.61,14.17,26.5,
2023-06-04,New York,119,28.73,51.57,87.33,50.2,2.407,5.56,32.9,30.0
2023-08-12,Dallas,91,22.26,45.39,64.5,46.68,2.879,26.78,11.9,88.1
2024-04-11,Philadelphia,117,26.38,67.63,75.08,34.56,2.418,13.76,19.7,
2023-03-03,San Jose,127,24.11,50.41,89.13,36.66,1.55,15.68,34.1,33.2
2024-10-15,Austin,71,19.52,44.03,58.47,34.21,2.624,11.36,-2.7,88.5
2024-09-23,Charlotte,114,25.31,53.34,48.33,38.71,2.357,18.84,,81.1
2024-05-09,Austin,125,29.52,62.77,53.05,36.34,2.004,14.23,21.5,58.4
2024-05-14,New York,119,30.42,71.06,80.35,44.92,2.35,18.91,28.4,12.5
2023-01-07,Dallas,122,25.7,66.81,52.98,,2.361,15.82,17.9,55.2
2024-07-18,San Antonio,92,25.04,49.25,69.65,45.02,1.821,18.31,10.0,70.1
2023-01-13,New York,119,27.0,62.03,65.94,,1.719,14.09,19.4,51.3
2024-06-26,Jacksonville,93,22.16,58.39,55.33,35.49,1.84,14.47,13.1,72.6
2023-10-09,Dallas,106,23.49,44.53,50.77,47.12,2.527,12.76,7.7,84.3
2023-10-21,New York,100,22.7,43.99,50.66,37.71,2.208,15.72,-0.3,83.4
2024-05-29,Columbus,124,24.94,45.1,93.8,38.75,2.914,17.54,27.3,52.2
2024-12-15,Austin,108,23.27,41.76,48.27,32.36,1.827,9.71,15.2,58.0
2024-03-16,Fort Worth,130,25.72,63.09,103.84,44.13,2.159,15.67,29.2,24.9
2023-07-03,Los Angeles,130,32.1,68.47,74.27,42.31,3.013,20.22,13.3,53.4
2023-04-09,Dallas,155,35.56,71.51,73.98,47.18,1.878,19.86,23.2,49.6
2023-06-02,Houston,135,32.33,65.39,88.17,47.7,2.636,19.99,28.1,32.2
2023-07-16,San Jose,96,23.7,54.85,52.07,38.2,2.22,12.45,3.5,73.1
2023-11-04,Los Angeles,112,24.06,53.23,65.86,50.4,2.988,18.54,6.4,86.1
2024-06-23,Phoenix,121,28.86,63.04,73.0,48.01,3.062,19.59,13.2,64.1
2023-12-29,Phoenix,124,27.96,73.48,59.08,48.6,2.339,28.26,19.5,39.3
2024-02-11,Los Angeles,151,37.81,86.17,105.5,51.27,2.618,19.01,32.4,45.9
2024-01-18,San Antonio,103,,60.43,62.55,34.61,1.883,18.55,14.8,50.9
2024-04-15,San Jose,128,26.1,66.44,83.38,,1.653,9.52,31.7,21.4
2024-08-14,Austin,85,18.75,34.58,49.41,47.96,2.144,17.14,7.8,72.0
2023-09-07,Jacksonville,69,17.12,38.64,46.74,43.53,1.63,13.74,-1.9,88.5
2023-08-20,Phoenix,128,31.17,61.38,61.5,49.07,2.054,18.51,-1.4,75.5
2024-12-01,Columbus,91,21.68,43.34,45.87,41.92,1.916,10.82,10.4,74.1
2023-03-24,Austin,105,23.79,43.5,62.08,32.73,1.857,,22.1,47.7
2024-10-27,Fort Worth,88,22.38,51.64,63.53,46.19,2.446,17.96,8.2,90.8
2023-02-02,Los Angeles,152,34.15,78.07,69.02,58.06,2.295,22.44,14.8,50.1
2024-02-20,San Antonio,159,34.28,67.49,82.42,42.84,2.43,16.77,27.8,48.0
2024-01-22,Dallas,,29.74,67.38,61.37,40.67,1.99,15.98,18.3,23.2
2024-05-02,New York,115,28.65,67.79,79.99,51.1,1.539,11.97,24.1,33.3
2024-10-14,New York,96,24.23,51.75,63.03,40.68,2.633,14.65,1.8,94.5
2024-12-20,Chicago,136,27.03,49.25,47.74,42.01,2.098,14.62,15.4,63.2
2023-03-26,San Diego,122,23.23,51.08,84.96,32.31,2.688,12.47,30.9,39.7
2024-03-20,Austin,112,26.56,55.81,82.88,39.33,1.811,16.81,34.4,11.0
2023-12-06,San Jose,96,22.54,53.6,50.34,33.53,1.694,16.71,12.4,72.2
2023-04-08,Charlotte,122,24.38,54.54,86.83,43.7,2.324,16.84,30.1,44.9
2024-06-24,Charlotte,104,23.31,54.22,65.47,39.25,1.714,16.28,15.3,64.9
2023-02-13,Houston,127,,71.78,70.69,56.16,2.672,16.67,19.4,44.0
2023-08-05,Charlotte,105,25.64,48.31,55.23,40.8,1.92,18.69,0.9,75.1
2024-12-09,Charlotte,89,23.14,43.64,57.76,34.22,2.226,20.15,12.9,79.3
2024-08-03,San Diego,106,23.64,47.91,62.56,33.44,1.723,16.76,9.3,77.4
2023-10-05,New York,92,22.84,49.15,68.28,43.36,1.748,13.08,-5.4,88.9
2023-03-18,Austin,102,26.99,52.68,84.04,43.91,2.203,13.95,26.8,34.0
2023-10-15,Charlotte,101,23.78,50.63,58.54,39.87,1.785,19.43,2.3,82.6
2024-07-10,San Jose,123,25.88,,59.4,41.37,1.412,9.82,18.4,64.6
2024-11-04,New York,121,27.02,61.64,73.46,42.75,1.745,16.95,-2.6,85.0
2023-07-03,Charlotte,108,28.48,54.02,52.8,40.06,2.253,12.97,18.3,71.8
2023-11-19,New York,77,20.29,39.85,63.82,41.94,1.768,26.36,2.6,64.8
2023-08-01,San Jose,105,19.91,33.48,64.23,32.84,1.412,15.98,6.6,68.9
2023-05-28,Fort Worth,128,26.11,67.21,67.4,40.5,2.555,17.44,17.3,51.2
2024-12-30,Columbus,104,22.47,61.63,64.71,39.93,1.921,14.64,13.6,54.2
2024-02-12,Charlotte,120,30.84,64.62,76.72,46.79,1.624,10.5,28.0,35.1
2023-03-20,Phoenix,137,31.83,75.99,72.58,46.86,2.723,17.62,27.9,49.0
2023-02-13,Austin,89,21.66,48.79,68.78,44.34,1.518,11.85,25.6,38.1
2023-06-16,San Jose,113,24.95,54.28,46.61,42.7,1.554,12.1,15.1,51.1
2023-09-04,San Jose,92,18.01,38.3,61.49,34.61,1.885,15.56,6.8,90.1
2024-02-03,Austin,117,23.45,61.74,60.69,39.49,2.306,11.97,23.2,48.3
2024-07-07,Philadelphia,110,25.44,55.91,57.13,44.88,2.223,14.97,14.2,62.9
2024-01-29,Fort Worth,126,33.46,64.71,47.1,44.58,2.322,20.01,22.5,45.8
2023-05-24,Fort Worth,135,30.39,69.84,77.2,45.31,2.702,19.6,24.1,38.0
2024-12-06,Jacksonville,91,22.47,47.63,44.07,35.86,2.224,17.02,17.6,75.3
2023-03-22,Dallas,114,29.49,59.88,78.16,42.15,2.082,11.76,35.0,14.2
2023-12-21,New York,87,22.67,54.16,71.6,40.43,1.975,23.01,11.1,58.1
2023-04-11,San Antonio,137,35.03,72.28,68.25,42.32,2.118,6.6,25.7,38.5
2023-08-26,Columbus,103,23.34,42.78,36.43,42.62,2.35,11.2,-3.1,75.9
2023-03-19,Philadelphia,159,36.34,83.09,90.27,46.36,1.852,17.88,36.0,28.7
2024-09-11,Fort Worth,107,23.78,41.76,65.89,48.81,2.374,12.63,3.3,83.0
2024-09-20,San Jose,93,20.43,51.93,50.52,38.63,1.766,15.4,-0.8,77.6
2024-02-11,Fort Worth,106,25.52,56.44,95.03,49.14,1.932,15.94,34.4,44.7
2023-12-01,New York,106,23.61,58.3,53.13,51.77,1.898,17.69,,55.4
2024-10-11,Phoenix,100,26.58,53.83,56.44,50.55,2.351,19.93,-1.1,89.4
2024-04-06,San Diego,126,22.91,57.08,88.55,30.26,1.366,15.82,36.2,18.4
2023-08-22,Philadelphia,101,23.68,48.38,50.81,44.99,1.979,15.24,,74.5
2024-07-20,San Antonio,113,25.2,51.57,57.14,46.38,2.189,12.26,7.4,59.7
2024-03-18,Chicago,138,36.42,71.15,78.78,42.97,2.492,10.02,23.9,40.9
2024-11-27,San Jose,79,19.73,40.56,59.75,37.91,2.022,16.55,2.2,72.0
2024-11-07,San Antonio,86,22.43,44.12,42.86,41.61,2.43,,-0.8,85.2
2023-03-29,Fort Worth,122,25.07,67.47,103.41,46.28,1.958,13.65,,18.7
2024-09-25,Phoenix,113,25.43,58.21,44.09,42.75,3.019,12.73,0.3,94.3
2023-09-10,Jacksonville,84,19.51,42.69,58.1,38.01,2.175,14.88,4.8,84.2
2023-03-17,Los Angeles,162,40.95,100.02,78.44,51.92,2.494,13.91,21.3,24.7
2023-10-02,Chicago,100,25.7,56.16,60.35,54.11,3.185,15.4,-3.9,91.8
2024-01-25,Jacksonville,101,28.66,61.02,58.57,38.11,1.366,17.84,23.9,49.8
2024-10-11,Chicago,111,24.45,47.74,54.48,45.03,2.29,15.49,1.3,68.4
2024-02-03,Philadelphia,117,29.47,67.68,73.73,40.39,1.929,16.76,20.3,41.0
2024-01-05,Los Angeles,146,35.97,79.82,74.03,60.44,2.858,20.29,18.9,51.4
2023-04-04,New York,158,37.26,89.7,85.38,43.36,2.672,6.3,30.1,42.8
2023-11-12,San Diego,63,17.58,25.75,48.76,36.05,1.821,13.34,-0.3,90.6
2024-01-04,Fort Worth,135,31.48,76.45,76.05,39.63,1.996,16.08,21.4,35.6
2023-10-04,Los Angeles,93,26.96,57.03,63.5,47.54,2.86,22.27,-9.9,93.3
2023-05-16,Los Angeles,131,33.71,77.34,96.18,70.03,,20.23,32.7,40.0
2023-07-11,San Antonio,122,27.99,50.15,35.29,42.09,2.207,14.4,9.2,80.8
2024-04-04,Dallas,138,33.28,68.51,71.02,50.36,2.753,15.0,23.0,26.5
2024-07-22,Dallas,95,25.77,48.58,45.64,41.9,,13.67,7.3,53.4
2024-02-22,Los Angeles,162,36.25,87.2,80.51,58.89,2.877,17.78,23.7,22.2
2023-01-27,Los Angeles,124,32.12,76.85,68.75,55.29,2.644,23.82,17.2,70.3
2023-12-29,Dallas,122,28.15,67.03,62.02,44.78,2.578,18.19,18.4,50.5
2023-04-06,San Jose,96,24.32,46.22,75.58,34.99,1.535,14.43,32.0,26.8
2024-09-04,Fort Worth,95,22.92,38.55,42.94,51.35,1.586,11.58,1.3,94.9
2023-11-29,Columbus,100,25.66,48.5,58.27,42.47,1.625,13.27,4.7,79.9
2024-01-30,New York,111,27.59,67.49,66.13,49.48,2.352,11.91,15.0,54.7
2023-10-26,San Antonio,123,25.86,55.72,28.35,43.77,2.336,15.72,0.9,72.4
2024-02-02,Fort Worth,118,28.92,61.46,68.52,45.91,1.928,12.39,18.0,47.7
2023-03-28,Jacksonville,119,25.22,53.36,91.84,36.2,1.887,11.86,26.5,58.2
2024-07-26,Charlotte,108,28.49,64.37,50.55,43.67,1.566,18.11,4.1,73.7
2023-09-06,San Jose,66,18.2,38.3,43.76,39.34,1.605,14.84,3.0,86.4
2024-06-17,Chicago,103,24.75,59.51,64.73,43.35,2.548,,7.5,60.6
2024-12-02,San Antonio,91,18.64,43.86,53.59,42.39,2.875,10.06,5.6,54.2
2023-06-23,Chicago,110,25.17,53.95,67.42,45.15,2.729,14.15,13.8,59.7
2023-10-03,Phoenix,85,18.57,48.08,42.19,41.75,2.541,11.34,-2.5,88.4
2023-10-02,San Diego,87,22.58,46.96,49.71,37.16,1.178,14.81,-1.7,85.1
2023-05-30,Los Angeles,150,31.88,73.75,83.62,51.05,2.654,22.14,22.4,62.2
2023-06-21,San Antonio,123,28.15,55.98,76.89,35.88,2.44,18.71,20.3,72.9
2023-10-10,San Antonio,85,17.0,32.18,52.3,42.99,2.698,8.95,1.2,60.9
2023-11-03,San Diego,59,19.35,45.76,52.99,24.74,1.545,17.0,2.3,82.2
2023-03-20,Philadelphia,126,29.7,71.68,96.53,36.64,1.961,14.12,29.3,35.1
2023-09-15,Houston,114,25.43,56.71,66.97,55.22,2.815,17.67,8.3,82.4
2024-10-02,San Diego,62,16.91,31.18,42.84,32.16,1.334,18.73,-2.4,82.2
2024-08-31,San Jose,47,13.76,32.52,48.03,39.84,,13.33,-0.1,96.4
2023-07-20,San Diego,113,26.25,53.67,55.38,37.38,1.308,10.5,1.0,85.4
2023-04-20,Chicago,136,28.93,82.0,105.55,48.76,2.13,17.92,28.4,39.4
2023-11-08,New York,86,20.69,35.05,64.16,39.94,1.999,18.26,8.1,72.8
2024-02-10,Philadelphia,151,34.64,72.81,67.06,44.93,1.782,17.52,17.5,31.0
2024-09-27,San Antonio,109,20.17,49.26,52.02,37.89,1.623,19.47,-0.2,86.0
2023-12-04,San Diego,93,16.49,30.89,65.67,29.82,1.501,13.52,12.3,55.2
2023-12-09,San Antonio,89,21.52,48.27,62.36,43.04,2.289,16.13,10.3,67.1
2024-10-28,San Jose,50,17.1,34.67,51.55,35.3,2.17,20.48,-0.8,
2023-05-20,Phoenix,136,33.62,68.21,60.56,46.95,,14.69,22.5,34.9
2023-11-25,San Jose,81,15.94,45.44,49.77,27.39,1.588,15.07,16.0,70.6
2024-12-12,Houston,131,30.76,75.15,71.03,48.47,2.32,14.16,8.6,62.8
2024-05-05,Philadelphia,126,28.74,71.99,84.78,47.52,2.47,24.56,29.8,26.2
2023-07-01,San Antonio,115,29.16,62.62,50.7,42.81,2.369,20.25,18.7,66.6
2023-11-23,Phoenix,126,30.24,66.07,58.75,45.64,2.326,15.21,0.9,93.6
2024-12-12,Austin,105,23.96,60.67,57.37,42.03,1.507,17.0,21.0,68.6
2024-05-17,San Jose,68,18.62,42.12,70.3,27.44,2.03,18.6,30.3,36.2
2023-09-06,Philadelphia,77,19.43,35.25,50.14,50.56,2.331,14.59,2.1,80.8
2024-01-21,Phoenix,136,368.37,68.73,80.73,46.36,2.923,12.97,18.4,51.1
2024-02-07,Philadelphia,130,25.69,54.79,100.38,49.51,2.218,19.04,30.0,
2023-04-27,Charlotte,110,24.16,47.67,70.06,31.18,1.937,16.91,21.7,48.2
2024-07-31,Houston,129,32.99,71.31,63.87,47.6,2.42,17.07,6.7,88.9
2024-08-29,Dallas,76,19.7,40.09,54.01,42.41,2.794,16.5,6.8,71.7
2023-07-04,Austin,108,25.07,56.48,65.21,39.56,2.442,11.41,16.3,70.9
2024-07-17,New York,103,23.49,55.95,62.55,44.24,1.902,14.71,12.7,53.6
2024-04-17,Jacksonville,114,26.02,51.76,69.67,37.61,1.387,14.59,23.9,
2023-08-03,San Diego,101,20.57,46.87,37.91,30.53,2.047,19.51,5.8,
2023-10-26,Columbus,111,25.78,56.56,44.44,40.81,1.88,9.19,3.4,86.8
2024-12-10,Los Angeles,111,26.96,68.71,55.51,51.38,,22.68,1.5,74.5
2024-02-23,Austin,116,29.99,57.07,49.23,36.56,1.81,10.93,24.4,35.5
2024-05-26,Chicago,,28.25,64.36,51.2,53.8,2.18,16.2,23.8,33.2
2024-10-10,Phoenix,81,19.75,40.56,45.07,49.73,2.125,22.34,-0.3,75.6
2023-09-05,Phoenix,105,23.85,56.95,50.84,45.85,2.099,19.04,4.7,95.2
2024-11-05,Chicago,123,23.72,56.25,57.47,53.82,2.1,18.5,2.3,90.3
2024-03-09,Fort Worth,117,28.44,67.11,76.16,53.0,2.664,8.74,28.4,20.4
2024-01-22,Los Angeles,133,34.43,67.46,72.77,44.05,2.415,21.9,26.3,47.5
2024-04-04,San Jose,95,24.21,54.45,70.72,33.7,2.235,20.39,28.3,29.8
2024-05-05,San Jose,115,26.96,60.45,67.42,38.82,1.731,11.43,23.2,59.9
2024-02-15,Dallas,118,28.25,69.39,73.01,49.22,1.878,13.06,16.8,55.6
2024-06-02,Charlotte,86,21.66,49.07,67.21,38.05,2.235,8.08,16.8,37.4
2024-12-09,San Antonio,80,18.41,38.46,59.29,41.57,2.501,15.82,6.5,73.0
2024-07-10,New York,102,24.81,50.8,56.09,42.18,2.576,16.4,16.7,48.9
2024-01-04,Jacksonville,98,23.13,52.3,42.26,36.55,2.115,13.16,10.1,63.9
2024-07-03,San Jose,112,27.62,52.9,66.17,34.2,1.945,13.13,15.9,62.7
2024-10-15,Charlotte,97,21.38,50.1,44.54,37.01,1.982,15.8,5.6,80.2
2023-03-29,Los Angeles,186,42.97,95.24,90.66,57.71,2.392,20.54,24.9,41.6
2023-09-12,Austin,77,19.97,30.99,66.64,36.83,2.221,7.7,,93.8
2024-11-11,Philadelphia,102,26.42,55.64,68.8,30.44,2.585,,-1.3,79.9
2023-06-20,Austin,147,33.75,59.3,65.96,32.35,2.114,13.68,11.8,68.0
2024-09-19,New York,121,26.97,53.42,51.14,39.16,2.093,17.33,-1.9,77.1
2024-07-30,Austin,128,31.43,55.63,44.97,36.08,1.906,18.37,9.9,86.4
2024-11-24,Austin,92,19.91,47.59,50.92,41.65,1.626,15.47,7.4,91.2
2024-02-14,Fort Worth,95,25.48,55.81,63.23,44.58,2.163,18.31,20.1,45.5
2023-12-06,Fort Worth,102,27.45,53.71,65.23,42.05,1.782,19.27,12.4,68.5
2024-03-16,Los Angeles,165,37.05,83.13,84.46,46.05,2.321,14.23,29.3,12.3
2023-01-11,Los Angeles,114,28.14,65.78,66.25,47.78,2.791,16.44,18.7,49.7
2023-09-22,Houston,88,24.76,51.43,61.53,52.46,2.477,17.09,3.8,80.8
2024-06-06,Jacksonville,79,19.28,47.83,49.26,42.4,2.298,18.32,15.2,25.0
2024-06-15,Dallas,121,28.08,65.95,76.23,51.95,1.636,17.03,15.9,44.0
2024-08-17,Jacksonville,94,22.7,47.07,66.54,40.9,2.041,15.12,4.6,82.5
2024-08-12,Houston,401,27.66,64.97,57.36,49.41,2.583,19.76,9.5,63.5
2024-04-01,Philadelphia,119,28.25,66.21,89.64,42.4,2.248,16.63,28.6,14.3
2024-02-05,San Diego,117,24.92,63.89,54.34,33.49,1.268,8.87,21.7,43.2
2024-11-26,San Jose,104,22.77,55.45,35.83,39.52,1.377,12.97,8.6,81.8
2024-12-08,Dallas,113,26.04,55.25,59.2,46.09,2.231,19.14,13.4,59.9
2023-06-04,Philadelphia,99,20.18,55.63,64.92,49.11,2.104,18.51,17.6,40.5
2023-01-26,San Diego,89,23.49,56.31,79.48,39.45,2.136,8.11,27.5,52.0
2023-04-18,Phoenix,146,36.19,79.96,75.69,42.98,2.009,19.15,28.3,41.1
2024-03-01,Charlotte,105,26.56,,58.66,36.06,1.579,14.18,19.6,32.1
2023-03-29,Los Angeles,130,30.56,69.86,82.77,54.8,3.042,21.48,25.3,49.0
2023-05-26,Philadelphia,110,24.11,61.65,77.96,44.6,2.058,,23.3,28.6
2023-11-16,Philadelphia,108,30.61,70.07,63.1,47.92,2.363,11.57,10.8,83.0
2024-04-11,Fort Worth,140,34.17,70.53,103.78,47.41,2.152,8.17,32.9,28.2
2023-07-31,Dallas,131,27.38,60.62,64.32,39.95,2.12,20.96,5.0,77.3
2024-05-09,Philadelphia,126,30.26,75.76,83.85,39.32,2.642,16.47,25.8,35.9
2024-05-02,Los Angeles,145,28.48,70.04,105.19,,2.123,15.62,35.0,
2024-03-24,Jacksonville,101,,46.83,85.55,35.42,1.95,12.87,,28.7
2024-12-14,San Diego,97,19.25,47.43,56.36,30.12,1.507,10.81,15.6,68.8
2023-11-23,Los Angeles,126,26.81,59.31,54.76,59.67,2.664,16.22,16.5,76.2
2023-11-04,New York,86,22.64,49.26,60.99,41.79,2.004,17.98,0.9,89.9
2024-12-28,Los Angeles,143,35.24,70.88,71.65,50.38,,19.02,20.6,53.9
2023-01-24,Columbus,108,25.93,63.82,50.5,33.15,1.693,11.14,,45.9
2023-12-18,Austin,133,30.91,65.99,53.44,28.96,1.442,13.98,6.1,72.0
2023-04-22,Austin,119,30.02,64.74,56.79,43.78,1.715,11.09,25.9,29.7
2023-06-18,Charlotte,141,32.43,67.12,63.46,37.41,2.131,17.01,17.6,70.2
2023-09-07,Dallas,85,20.05,40.63,55.07,43.68,2.35,8.9,-2.0,90.7
2023-06-28,Dallas,124,28.99,55.79,74.3,40.04,2.174,16.3,12.8,71.8
2023-06-13,Philadelphia,106,22.95,48.35,70.04,42.12,2.482,19.73,27.3,45.6
2024-07-27,San Antonio,109,26.16,69.81,48.47,45.41,2.258,13.59,4.5,92.6
2024-04-18,Houston,140,30.8,75.36,87.72,46.8,2.205,22.74,29.2,26.5
2024-02-19,Austin,105,24.48,45.98,87.7,30.49,1.849,15.19,31.5,27.1
2023-07-08,Chicago,102,23.95,54.87,68.4,55.26,2.088,12.79,11.9,58.4
2024-10-17,Austin,86,21.9,51.21,63.38,33.77,1.594,19.84,-2.4,94.7
2024-03-18,San Antonio,113,27.38,60.5,84.5,34.03,2.083,14.17,27.8,30.3
2023-01-30,Jacksonville,101,29.46,52.93,73.03,36.8,2.157,14.44,24.8,44.1
2024-09-20,Charlotte,73,,31.86,52.18,42.7,2.399,21.64,2.6,78.7
2023-07-22,San Diego,62,17.44,37.22,60.36,34.8,2.015,11.76,12.0,76.4
2024-08-29,San Antonio,82,23.03,46.61,46.09,41.02,1.568,9.27,5.0,93.1
2024-02-03,New York,122,31.18,72.14,76.33,43.18,1.629,16.52,20.1,55.9
2024-12-22,Houston,135,30.75,61.72,66.99,51.03,2.188,21.75,10.8,50.7
2023-07-30,Phoenix,122,30.16,67.9,44.02,50.2,,11.57,10.3,83.5
2024-12-21,Fort Worth,89,20.34,49.99,64.74,38.08,1.794,15.65,17.8,65.3
2023-03-06,San Jose,92,23.43,53.94,60.87,32.17,1.527,14.06,26.8,24.8
2023-04-15,Fort Worth,116,25.33,54.43,85.94,47.2,1.894,9.3,27.3,43.4
2024-07-03,Chicago,108,27.05,51.15,57.03,43.46,2.525,27.68,10.0,69.1
2024-01-10,Philadelphia,123,26.81,65.87,79.23,51.77,1.738,,11.0,50.0
2023-07-21,San Diego,82,17.84,37.5,54.98,37.8,1.183,7.31,17.2,44.2
2023-04-27,Phoenix,145,27.13,71.42,58.08,50.47,2.911,14.39,20.9,39.6
2024-11-17,Columbus,82,18.39,42.04,45.25,39.49,1.798,14.25,6.6,69.3
2024-05-16,Dallas,134,32.11,72.4,86.89,44.39,1.947,17.35,28.1,54.6
2024-10-16,Philadelphia,101,24.0,55.92,54.05,42.01,1.923,12.05,-4.4,69.1
2024-09-03,San Antonio,97,23.9,48.41,56.34,45.45,1.521,13.05,7.6,88.1
2024-09-17,San Antonio,113,28.24,50.57,49.07,40.51,1.77,13.37,2.1,95.4
2024-08-24,Los Angeles,143,27.31,66.28,65.26,49.58,,20.75,-0.4,80.5
2023-12-23,Philadelphia,81,21.99,37.7,61.96,47.78,2.184,13.97,6.5,70.7
2024-04-13,San Jose,103,24.31,48.87,53.01,36.54,2.235,19.68,24.2,31.8
2023-06-26,Columbus,88,22.12,48.69,54.86,36.2,1.826,16.53,14.3,68.8
2024-11-20,Jacksonville,93,21.04,45.43,43.92,29.5,1.586,15.23,6.8,81.1
2023-11-01,Charlotte,110,24.68,48.26,46.44,40.5,2.101,15.1,-8.8,94.5
2024-09-21,San Jose,74,13.88,35.86,42.46,32.01,2.22,,-1.8,88.7
2023-03-28,Austin,115,23.85,49.41,53.55,28.08,1.145,11.17,23.2,33.2
2023-05-18,Philadelphia,125,28.08,60.47,77.03,40.52,2.782,18.03,25.7,34.0
2024-07-05,Phoenix,99,23.3,51.04,63.07,46.06,2.878,12.02,18.5,55.1
2023-05-01,Houston,149,31.16,82.6,87.68,57.73,2.101,16.37,31.4,42.5
2023-11-09,Los Angeles,129,29.92,71.07,,49.88,2.539,23.5,-0.6,77.9
2023-07-28,Philadelphia,135,29.23,70.99,69.4,46.38,2.442,18.8,8.9,71.8
2023-07-07,Philadelphia,114,27.46,55.12,68.41,39.82,2.914,21.75,12.2,69.3
2024-12-11,Chicago,113,25.54,57.16,75.36,47.36,2.297,13.36,11.1,67.1
2024-06-07,San Antonio,93,25.28,56.47,60.19,46.04,1.715,15.26,18.0,79.1
2024-03-04,San Jose,107,25.05,50.57,78.32,40.12,1.733,10.36,25.2,43.6
2023-05-22,San Jose,98,24.63,50.29,76.29,28.12,2.009,17.61,,32.9
2024-01-28,San Antonio,125,27.81,66.29,71.97,37.95,2.663,17.73,21.4,41.9
2023-07-10,San Diego,77,19.84,40.38,54.88,32.0,1.737,11.32,17.2,57.0
2024-10-12,Dallas,120,28.0,60.62,66.85,38.86,2.436,18.36,-3.1,95.3
2024-12-11,Charlotte,117,25.72,54.45,54.84,42.14,1.446,21.63,9.0,61.8
2024-10-22,Charlotte,87,18.32,43.57,50.42,42.3,2.265,17.9,5.4,84.7
2023-06-27,Dallas,127,30.09,62.47,61.04,40.0,2.125,16.69,24.5,55.5
2023-06-20,San Diego,99,20.09,55.27,54.33,35.77,1.063,15.14,17.6,49.9
2023-10-23,Chicago,107,23.53,51.61,62.29,45.15,2.732,11.54,1.2,94.2
2023-07-11,Philadelphia,112,26.03,58.81,61.6,51.49,2.111,15.97,4.5,68.0
2024-04-06,San Jose,,24.69,56.16,82.68,31.27,1.992,6.31,31.6,30.7
2023-02-24,Columbus,122,25.25,57.37,94.95,34.45,2.026,8.79,31.6,33.1
2024-01-03,New York,108,27.97,59.18,63.71,48.55,1.682,15.1,15.4,53.3
2024-05-11,Chicago,131,30.04,66.77,87.43,38.02,2.003,16.04,26.0,48.7
2023-07-19,Columbus,111,21.68,48.94,51.22,38.26,1.767,10.77,5.2,73.3
2024-01-29,Dallas,160,36.8,80.16,69.57,40.28,2.568,16.97,26.6,53.4
2024-06-01,Austin,99,22.4,56.48,60.89,44.29,2.524,14.84,20.8,44.0
2024-05-21,San Antonio,112,25.54,53.26,68.61,43.52,1.805,13.88,28.1,21.0
2024-12-02,San Diego,67,15.84,43.19,45.0,38.05,2.078,17.4,5.2,81.6
2024-03-01,Jacksonville,117,26.31,52.36,64.59,40.27,2.56,7.91,25.4,41.1
2024-03-30,San Diego,117,25.22,52.7,68.94,35.94,1.244,16.61,34.1,26.6
2023-06-21,Los Angeles,136,30.15,73.55,78.22,57.11,2.977,20.95,21.2,43.6
2024-08-01,New York,106,21.48,49.35,64.51,37.98,2.224,20.91,11.2,63.9
2023-08-14,Phoenix,103,26.22,60.58,68.17,45.61,2.079,15.49,3.8,87.3
2023-02-03,Phoenix,149,32.29,75.39,72.76,54.4,2.725,,28.5,54.2
2023-08-19,Dallas,100,25.54,59.63,58.23,41.47,2.421,17.98,2.6,88.8
2023-10-23,Chicago,102,24.71,56.94,69.11,38.15,2.324,17.78,-5.7,97.1
2024-04-13,San Jose,117,24.12,57.42,94.32,40.46,1.664,14.46,34.0,24.5
2024-05-22,Dallas,118,25.51,62.74,66.42,48.03,2.294,18.07,20.3,29.5
2024-06-07,Los Angeles,155,37.99,81.36,71.83,50.21,2.664,15.94,23.3,55.3
2024-08-09,Los Angeles,128,28.54,62.73,53.01,45.3,2.764,20.78,5.9,81.7
2023-10-02,Fort Worth,104,25.26,60.3,45.96,39.37,2.722,13.48,0.4,78.6
2024-07-10,Columbus,87,20.65,48.55,53.93,36.18,2.2,10.96,18.5,59.6
2024-01-11,Dallas,104,24.56,55.15,65.63,46.85,2.457,6.92,22.0,53.3
2023-02-12,Fort Worth,100,25.82,55.14,83.45,33.32,2.027,19.11,26.3,49.1
2024-03-27,Dallas,137,34.4,81.26,91.46,44.5,2.486,20.87,33.0,13.9
2023-08-12,San Antonio,69,17.1,36.75,55.53,37.53,2.221,12.64,,80.1
2023-04-15,Jacksonville,117,26.72,56.79,94.54,38.84,2.135,13.83,34.3,30.5
2024-10-31,Fort Worth,108,24.76,49.19,48.92,37.05,1.771,17.57,-2.1,89.2
2023-09-11,Phoenix,117,25.9,47.5,65.88,52.7,2.169,22.81,-4.9,75.4
2023-02-03,San Diego,87,23.48,53.21,60.16,29.59,1.895,13.14,28.6,48.7
2023-09-27,Philadelphia,95,21.97,48.61,50.44,,2.108,15.47,-5.7,89.2
2023-03-31,San Diego,,20.29,41.59,,36.32,1.564,15.85,28.2,17.9
2023-05-01,Fort Worth,,25.57,70.12,77.14,41.1,2.063,10.33,28.7,47.2
2023-08-31,Houston,94,24.45,57.2,52.11,52.67,2.231,15.28,-2.0,94.5
2024-08-25,Jacksonville,80,18.02,36.17,59.58,39.01,1.894,14.56,7.3,76.7
2023-12-26,Columbus,84,21.82,51.1,65.82,44.77,1.393,18.09,21.5,73.2
2024-12-28,San Jose,66,18.89,38.92,44.51,,2.029,10.88,,56.3
2024-10-09,San Antonio,93,17.41,50.23,55.86,34.31,1.984,17.95,8.3,71.8
2023-06-19,San Jose,113,24.12,52.7,52.49,43.09,1.915,11.16,19.8,39.4
2023-05-23,Fort Worth,106,25.78,51.79,64.63,,1.973,12.62,15.5,35.3
2023-07-31,Columbus,81,20.12,39.5,52.29,40.45,2.096,13.29,18.5,70.3
2023-07-31,Fort Worth,95,22.92,54.36,57.83,43.97,1.91,14.14,2.1,83.1
2023-03-02,San Jose,101,22.77,47.12,78.91,39.67,1.399,15.04,28.1,27.5
2023-12-26,Dallas,115,28.6,61.34,67.71,41.66,2.648,19.42,13.6,69.4
2023-10-15,San Jose,90,21.72,48.85,41.92,38.86,1.11,13.2,-7.5,97.8
2024-07-05,Chicago,117,27.88,62.9,52.77,47.99,2.629,16.57,21.2,55.9
2023-11-28,Jacksonville,93,23.9,48.81,58.21,42.83,,14.66,,79.6
2023-10-27,Phoenix,91,19.02,37.67,47.84,54.19,2.845,15.34,1.8,85.7
2024-08-09,Phoenix,88,23.65,49.28,62.66,45.99,2.507,19.65,13.4,79.2
2024-06-10,Charlotte,112,25.96,57.47,52.7,40.04,2.58,13.77,19.6,50.3
2024-11-26,Columbus,94,,42.33,55.3,37.26,1.923,13.75,9.1,79.7
2023-04-08,Chicago,96,27.24,67.67,93.67,53.1,2.158,15.53,32.9,26.3
2024-02-26,Charlotte,105,25.16,53.46,58.52,37.89,2.032,14.51,20.7,47.3
2023-03-02,Phoenix,128,29.55,69.98,87.65,48.56,2.358,11.22,31.4,39.5
2024-11-02,Chicago,123,29.51,55.93,53.84,34.03,1.961,15.28,-0.4,75.9
2024-12-19,Columbus,91,23.61,51.89,66.5,36.6,1.979,16.27,9.5,91.0
2023-05-16,Houston,152,36.12,70.33,104.83,42.52,2.874,22.08,38.5,34.1
2023-10-27,San Jose,102,23.87,55.28,57.83,40.52,2.427,13.41,0.9,94.4
2023-05-30,Jacksonville,103,25.79,48.31,64.19,39.78,1.597,13.66,23.9,42.9
2023-11-26,Columbus,112,22.0,49.82,50.99,33.38,1.701,8.79,15.5,62.1
2023-09-11,Fort Worth,89,26.03,62.25,56.33,45.89,2.185,15.25,2.5,85.0
2024-11-23,San Antonio,98,24.41,46.37,57.71,41.51,1.943,18.18,9.7,94.4
2024-05-16,Chicago,122,31.45,63.92,64.16,38.84,2.251,13.53,22.0,55.2
2024-08-14,Austin,85,18.75,34.58,49.41,47.96,2.144,17.14,7.8,72.0
2023-10-03,Austin,95,16.18,37.26,43.01,31.63,2.007,13.12,4.5,94.2
2024-02-29,San Antonio,114,29.68,62.26,65.22,32.86,1.734,15.55,22.8,26.4
2024-04-07,Los Angeles,157,37.18,90.86,102.08,49.86,2.93,21.67,32.3,43.5
2024-10-10,Fort Worth,99,24.02,52.15,63.71,33.51,2.102,14.92,6.3,94.8
2023-04-06,San Antonio,137,30.08,74.91,97.25,39.28,2.417,14.41,32.1,32.4
2024-06-11,Jacksonville,141,30.39,61.31,74.09,35.03,2.196,15.82,23.9,63.3
2023-10-12,Jacksonville,70,18.56,42.44,50.2,39.15,,9.96,-0.3,96.0
2024-01-13,San Diego,72,20.46,50.36,55.92,40.78,1.965,19.51,19.3,
2024-05-14,Philadelphia,108,20.55,54.25,88.45,45.23,2.149,14.2,29.6,30.4
2024-08-18,New York,103,26.32,53.02,43.37,39.33,1.954,18.57,8.0,65.8
2023-04-06,Jacksonville,96,23.71,58.45,86.81,40.47,,12.14,31.7,33.8
2024-04-14,Austin,107,17.91,50.96,76.18,29.6,1.669,9.93,32.5,18.1
2024-11-11,Jacksonville,81,18.3,45.54,60.48,40.62,1.615,21.25,10.4,72.5
2024-01-02,Columbus,107,23.51,59.99,59.51,48.85,1.857,15.58,14.7,74.5
2023-03-06,Fort Worth,134,29.21,56.58,89.49,,2.571,17.32,27.5,27.4
2024-07-01,San Antonio,92,22.2,42.88,59.32,41.83,1.819,14.7,7.7,68.3
2023-08-12,San Antonio,92,21.82,43.58,43.09,45.77,1.888,13.05,8.9,81.9
2023-08-05,San Diego,109,26.59,57.34,57.48,39.86,1.878,8.27,6.5,79.5
2023-10-02,Philadelphia,111,24.97,54.37,49.9,39.6,2.22,14.42,-9.5,94.4
2024-09-26,Fort Worth,75,17.55,34.25,41.08,42.18,1.977,16.59,1.0,88.6
2023-10-18,Philadelphia,96,24.56,48.93,72.78,41.0,2.295,18.22,-0.7,79.5
2024-07-14,San Jose,97,23.14,37.85,48.1,37.38,2.314,15.02,13.1,58.6
2023-05-14,San Jose,102,21.95,57.85,53.32,33.88,2.079,23.22,17.4,47.9
2024-05-11,Fort Worth,133,28.85,71.91,80.99,33.4,2.417,13.6,23.8,34.1
2023-12-18,Charlotte,108,28.42,61.8,59.03,34.66,2.32,13.19,4.8,79.5
2024-11-29,Fort Worth,110,23.73,53.37,57.86,42.96,2.011,9.74,14.2,70.0
2023-02-19,New York,126,31.27,64.18,87.29,51.91,2.944,18.03,26.8,40.1
2023-04-12,Austin,116,31.14,64.46,74.98,38.39,1.758,16.49,31.7,22.7
2024-04-15,New York,131,32.15,62.75,77.57,36.53,1.806,13.82,31.1,26.9
2023-05-08,Charlotte,102,24.17,49.41,63.93,37.72,1.796,18.11,29.2,41.8
2023-06-11,San Diego,119,30.72,57.61,64.06,38.68,1.424,11.62,26.8,36.5
2024-04-12,New York,131,32.58,82.57,76.36,47.62,,15.45,26.3,45.9
2024-03-14,Houston,156,37.58,77.5,73.69,55.63,2.255,16.39,25.5,49.6
2024-12-06,Charlotte,83,21.13,44.26,52.63,36.74,2.754,12.93,7.4,84.3
2023-05-16,Charlotte,109,23.65,49.02,61.43,40.32,2.236,11.81,18.4,37.5
2024-10-27,Phoenix,123,28.85,61.94,51.04,44.76,2.153,15.35,-2.1,78.7
2023-06-12,Columbus,124,30.88,63.19,63.08,36.86,1.972,19.63,21.7,58.4
2023-10-08,Los Angeles,114,24.66,44.62,66.7,49.17,3.049,14.86,-0.7,76.8
2024-11-01,Philadelphia,129,23.15,63.93,58.23,40.4,2.318,9.34,1.9,94.6
2023-09-14,Los Angeles,90,23.17,53.13,54.63,49.41,2.878,18.3,9.7,83.7
2024-01-16,Austin,82,21.6,44.11,49.12,40.35,2.158,15.35,19.3,38.7
2024-10-26,Chicago,126,27.66,64.14,49.33,47.78,2.407,4.38,0.5,74.0
2023-02-23,San Antonio,117,30.12,60.78,79.69,41.91,2.121,15.14,18.7,31.7
2024-10-02,Phoenix,102,21.06,43.57,55.79,48.38,2.691,21.15,-0.2,91.5
2024-12-17,Fort Worth,84,18.23,43.52,58.57,44.68,2.317,11.14,14.1,55.9
2023-08-28,San Antonio,94,24.01,57.6,64.0,39.64,1.713,18.08,,79.2
2024-11-02,Los Angeles,135,31.58,68.51,52.78,53.17,2.795,19.27,-1.9,96.8
2024-12-21,Los Angeles,140,25.91,70.72,61.89,62.99,2.853,20.3,17.9,63.5
2023-01-02,Houston,155,34.52,68.06,73.05,43.85,2.148,22.26,18.6,48.6
2024-05-03,Los Angeles,160,39.39,78.8,95.47,49.22,2.484,29.99,30.7,30.1
2023-05-16,San Jose,109,26.03,59.42,74.77,39.97,1.324,14.31,22.9,25.7
2023-08-20,Dallas,106,24.54,60.48,55.39,45.23,2.427,13.33,5.3,67.7
2024-11-27,San Diego,98,21.36,34.85,51.68,30.36,1.449,8.55,14.2,70.3
2023-01-10,New York,132,30.19,60.76,,46.95,2.314,9.92,11.6,41.9
2024-12-13,Philadelphia,102,23.23,55.05,39.87,40.66,2.451,10.78,12.9,53.7
2023-05-04,Columbus,84,23.67,53.47,67.27,43.5,1.584,17.79,26.1,33.8
2024-03-08,Jacksonville,102,21.79,55.29,76.68,37.74,2.065,17.87,27.8,33.6
2023-05-16,San Diego,93,21.83,53.93,67.75,37.4,1.679,17.53,24.3,53.6
2023-03-14,Houston,165,35.87,85.04,112.8,57.23,1.71,21.43,36.9,35.9
2024-01-28,Los Angeles,156,36.7,87.29,76.07,54.73,2.803,,24.4,45.6
2023-04-15,Los Angeles,151,37.96,87.05,115.72,53.88,2.439,18.73,31.0,39.0
2023-11-17,Philadelphia,78,20.09,43.34,60.05,47.41,1.824,10.33,4.0,75.4
2023-11-03,Chicago,109,24.88,53.14,52.01,41.47,3.214,17.78,4.2,94.9
2024-01-27,Fort Worth,102,24.08,61.12,66.41,41.91,1.923,14.55,26.3,24.0
2023-05-17,Austin,78,19.87,49.28,51.76,38.49,1.791,10.43,20.1,43.5
2024-11-24,Chicago,100,20.26,52.95,75.3,38.15,1.997,12.85,10.6,73.4
2023-03-12,Dallas,143,31.98,65.32,,46.61,2.087,16.66,29.2,30.3
2024-07-30,New York,115,24.74,54.05,72.9,50.75,2.242,14.65,10.4,68.6
2024-09-16,Austin,86,21.64,41.91,55.55,33.84,2.205,18.41,-1.1,89.0
2023-06-18,San Diego,89,22.29,36.05,62.41,33.78,1.764,13.48,19.9,59.2
2023-12-26,Jacksonville,93,19.06,34.6,49.61,31.15,1.603,12.27,14.8,48.1
2023-08-07,Austin,95,22.58,54.49,45.79,39.85,1.82,10.99,3.0,74.6
2023-06-05,Charlotte,118,26.31,55.05,,40.98,2.156,14.94,19.2,75.0
2024-02-26,San Jose,105,26.5,62.0,57.7,37.5,1.924,10.27,26.3,59.6
2024-12-04,San Diego,103,20.79,48.36,47.63,24.38,1.812,16.94,12.5,65.1
2023-08-11,Los Angeles,100,23.88,53.75,64.6,57.28,2.769,19.01,10.6,73.5
2023-04-13,Chicago,149,30.85,74.23,97.95,50.72,2.389,15.2,28.0,21.6
2023-05-07,San Jose,100,23.92,61.59,81.5,43.13,2.099,14.43,28.4,30.0
2024-01-29,Philadelphia,129,33.57,71.74,85.13,52.37,2.593,16.1,25.3,47.6
2024-03-15,Philadelphia,,27.4,67.23,115.43,48.54,2.074,15.91,38.4,26.4
2023-05-24,Houston,153,33.22,83.84,79.83,49.38,2.459,21.71,21.3,38.7
2023-10-11,Austin,107,22.41,56.68,55.35,34.84,2.581,12.01,3.5,95.7
2023-03-28,Houston,148,34.89,82.08,106.67,57.68,2.902,22.56,39.9,49.5
2024-07-20,San Jose,90,22.46,53.93,56.04,34.54,2.234,11.3,15.4,80.9
2024-09-06,Jacksonville,88,18.97,39.13,43.97,39.57,2.605,9.01,0.2,89.3
2024-09-14,Phoenix,120,27.57,60.03,54.9,48.81,2.007,13.87,2.8,91.5
2024-12-08,New York,96,24.07,58.07,47.81,44.95,,10.1,9.3,84.1
2024-11-05,Charlotte,93,18.03,38.06,52.25,31.0,2.238,18.64,3.3,75.3
2023-11-05,Houston,132,29.69,60.44,57.71,44.9,2.082,24.25,5.7,88.4
2024-06-14,San Jose,85,23.64,48.94,77.99,34.49,2.089,14.67,18.6,54.6
2024-06-05,Houston,130,33.43,75.38,75.95,46.06,2.866,22.0,21.8,54.9
2024-02-06,Phoenix,142,33.96,68.35,97.23,46.13,2.181,16.7,30.0,54.3
2024-10-23,New York,95,19.35,48.53,59.81,30.11,2.54,15.91,-7.6,84.8
2023-09-03,San Diego,64,10.12,29.37,49.46,37.31,1.486,13.04,-2.5,93.5
2024-01-31,Los Angeles,161,37.78,87.01,84.74,54.96,2.479,18.41,28.2,31.9
2023-09-04,San Diego,99,20.66,47.03,67.73,38.53,1.87,11.49,4.0,86.0
2024-10-15,San Jose,98,22.01,46.49,67.92,28.95,1.77,13.18,2.2,87.3
2023-03-14,Dallas,118,29.77,61.9,87.16,46.11,2.212,10.59,28.5,51.9
2023-01-13,Philadelphia,129,31.66,61.93,62.42,41.29,2.035,20.01,22.9,64.4
2023-11-21,Chicago,120,28.0,50.89,60.4,51.99,2.173,16.93,8.3,
2024-02-01,Columbus,107,23.33,57.64,50.02,36.53,2.045,17.77,17.9,51.3
2024-08-05,San Antonio,104,23.44,48.37,67.56,,2.104,15.14,13.4,84.8
2024-01-10,Dallas,144,30.6,75.94,59.39,42.78,2.978,14.12,20.9,49.8
2024-11-30,Chicago,100,22.61,46.81,53.88,36.61,1.858,19.61,2.2,71.3
2024-04-27,Fort Worth,111,23.71,56.33,86.82,38.9,2.07,12.03,,48.1
2023-03-16,New York,139,32.73,69.67,75.94,42.43,2.513,21.83,24.1,26.5
2024-08-24,Los Angeles,133,30.59,68.47,60.42,54.96,2.707,22.48,,68.6
2023-01-15,Phoenix,143,32.67,66.2,82.65,47.86,2.563,18.66,28.0,67.1
2023-08-09,New York,98,25.24,45.77,43.94,45.53,2.6,22.64,12.8,76.2
2023-03-03,Fort Worth,142,33.22,72.47,77.91,43.92,2.536,7.49,20.7,53.4
2024-02-12,Dallas,123,29.26,68.15,73.89,52.37,2.658,13.35,21.6,30.7
2023-10-21,Austin,92,24.68,52.78,61.27,38.47,2.353,14.83,-8.4,93.3
2024-12-30,Dallas,119,29.66,63.27,63.87,51.86,1.992,17.76,15.7,63.2
2024-03-01,San Antonio,129,29.09,70.88,84.36,42.01,1.556,14.63,30.5,24.9
2024-12-19,San Antonio,106,24.62,53.42,47.85,40.81,1.835,12.54,5.0,78.0
2023-03-26,Austin,131,19.92,53.51,96.41,37.76,1.934,15.76,44.4,11.3
2024-07-03,Dallas,136,31.22,65.76,68.36,42.42,2.215,24.18,18.8,62.1
2024-09-22,Chicago,91,22.1,46.92,68.93,44.74,2.442,20.15,5.0,80.9
2023-10-12,Los Angeles,111,25.91,59.78,57.48,54.33,2.695,15.42,4.6,88.8
2023-11-14,Los Angeles,100,25.65,54.66,59.06,54.5,2.662,13.05,3.8,86.0
2024-06-07,Charlotte,129,,57.24,62.75,41.18,1.718,14.79,16.9,58.0
2023-07-28,Fort Worth,98,25.54,48.71,57.16,44.6,2.512,12.96,12.1,81.2
2023-06-09,Dallas,136,29.59,73.52,73.29,39.22,2.113,20.64,14.4,53.9
2023-12-01,San Antonio,88,23.28,42.27,66.14,43.69,2.258,9.67,5.0,70.1
2024-08-23,Austin,89,21.48,42.83,56.38,33.0,1.432,11.05,7.1,81.4
2024-10-27,Austin,76,18.08,31.48,46.01,43.26,1.841,12.61,3.3,67.6
2024-10-20,Los Angeles,122,27.31,59.76,57.82,57.74,2.293,19.81,-0.5,75.9
2023-11-14,Jacksonville,93,19.53,38.25,56.05,37.66,2.483,16.1,2.9,70.0
2024-03-23,Jacksonville,106,25.02,62.34,81.69,40.93,2.038,13.77,26.6,41.9
2023-09-02,New York,102,26.85,51.55,56.26,46.55,1.942,18.75,7.0,92.0
2023-09-08,Los Angeles,80,21.27,50.05,50.88,57.99,2.856,21.0,6.3,66.0
2024-03-20,Los Angeles,147,38.35,87.81,100.09,55.4,2.771,27.54,29.7,46.3
2024-04-09,San Jose,112,25.91,57.38,62.41,37.5,2.293,16.11,17.3,53.7
2024-09-15,New York,104,26.99,50.41,57.87,42.01,2.243,12.67,-2.9,78.2
2023-11-13,Austin,99,26.51,56.14,57.43,42.05,1.938,10.67,-8.8,95.2
2024-11-04,Jacksonville,97,23.86,47.2,60.47,41.72,2.45,11.58,,82.9
2023-06-29,Los Angeles,108,26.16,64.56,66.44,49.94,2.736,20.25,13.1,79.2
2023-01-13,Jacksonville,82,23.54,47.27,60.84,41.33,1.688,17.47,21.1,56.2
2023-05-21,Jacksonville,112,27.11,49.21,70.37,39.86,1.88,11.29,24.4,38.7
2023-01-12,Chicago,,26.79,52.66,60.64,38.66,2.186,17.44,22.4,48.0
2024-05-23,Philadelphia,116,24.81,50.56,71.34,47.13,2.463,13.26,19.0,35.8
2024-06-19,Dallas,98,24.28,47.72,68.78,44.95,2.44,11.53,7.6,44.2
2023-09-23,Chicago,91,20.09,49.21,58.58,52.72,2.467,24.22,0.3,82.2
2024-01-16,Chicago,130,29.84,79.44,51.3,46.74,1.88,23.98,13.4,57.4
2023-10-03,Jacksonville,84,21.36,50.32,48.81,37.59,1.568,13.33,-2.1,94.1
2023-05-01,Fort Worth,150,30.75,71.8,78.94,43.59,1.716,15.66,28.1,46.7
2023-01-31,Philadelphia,124,29.48,71.44,68.47,52.78,1.936,19.9,19.1,40.9
2024-03-15,Phoenix,137,31.83,74.26,81.71,52.12,2.022,14.21,31.8,19.8
2024-06-20,Los Angeles,121,27.24,61.85,74.29,53.66,2.225,17.61,12.9,44.2
2023-09-27,Jacksonville,79,18.05,38.24,56.91,39.94,2.211,11.71,-2.5,95.6
2024-08-13,Austin,77,20.26,44.23,44.73,31.1,1.946,16.4,6.7,85.8
2023-03-20,San Diego,95,24.23,56.07,84.07,31.39,1.239,14.37,28.4,68.5
2024-04-11,Dallas,137,26.5,70.1,95.5,34.1,2.035,15.41,27.8,32.7
2024-01-04,New York,121,26.6,67.43,50.59,41.66,2.712,28.94,14.3,58.7
2024-05-26,Columbus,117,28.35,55.43,83.76,36.38,2.174,285.21,32.4,50.1
2024-08-03,Chicago,118,28.33,58.15,55.01,40.77,2.217,17.41,6.6,67.7
2024-01-12,Chicago,112,26.47,62.36,66.72,48.37,2.074,11.16,17.5,66.0
2023-09-19,Fort Worth,81,21.77,47.24,60.25,49.3,1.594,20.59,-6.7,85.8
2023-04-16,Charlotte,109,28.59,66.15,89.71,35.29,1.779,11.98,,29.7
2024-08-10,Austin,71,17.67,37.06,29.11,38.36,2.053,18.91,5.6,70.1
2023-04-29,Houston,152,33.27,80.75,72.85,54.43,2.158,24.0,20.5,22.4
2024-06-05,New York,117,27.64,55.76,59.36,47.68,2.109,17.0,19.7,49.4
2023-02-15,Columbus,137,28.57,62.27,53.66,44.14,1.994,14.33,24.8,50.8
2023-01-13,Houston,155,36.13,80.42,66.87,47.38,2.441,16.95,9.9,81.5
2024-05-24,Jacksonville,104,20.94,50.81,62.11,39.09,1.891,13.44,14.4,36.5
2023-02-17,San Diego,100,22.8,52.83,53.23,,1.287,10.79,20.4,60.8
2024-01-08,San Antonio,135,33.17,71.76,78.3,44.97,2.178,15.29,25.0,53.0
2023-06-03,Chicago,114,21.76,48.88,84.84,,1.744,12.94,27.9,61.5
2023-02-06,Dallas,134,32.19,77.33,83.7,42.75,1.988,14.48,21.2,41.0
2024-11-02,San Antonio,110,25.79,41.32,56.93,32.17,2.148,15.82,0.3,68.0
2023-08-18,Philadelphia,116,27.66,52.56,54.94,50.67,2.158,17.06,4.4,74.3
2023-09-12,San Antonio,115,27.87,63.13,49.19,36.65,1.967,15.0,9.3,64.2
2023-11-24,Phoenix,135,26.54,67.26,57.19,43.01,3.036,17.07,-4.8,79.5
2023-03-21,San Jose,101,24.03,46.01,87.11,37.34,1.997,11.34,30.1,33.4
2024-01-17,Los Angeles,135,31.88,72.58,71.93,51.31,2.185,21.21,21.7,60.5
2024-05-29,Austin,157,30.35,57.22,112.92,38.29,2.1,11.81,40.6,66.5
2023-02-23,Chicago,141,34.59,83.54,74.07,48.2,2.319,17.36,25.7,34.8
2023-08-17,Fort Worth,81,18.44,35.99,52.25,44.48,2.213,12.81,7.3,73.1
2024-06-12,New York,106,23.7,48.63,65.41,46.65,1.869,9.89,12.9,49.3
2024-02-15,Los Angeles,128,30.41,70.59,101.28,56.76,2.598,24.94,29.5,39.0
2024-04-21,Columbus,134,27.74,59.75,100.54,39.0,2.262,16.51,31.3,20.5
2023-10-17,Fort Worth,131,31.94,63.95,63.47,42.65,1.919,15.17,-0.4,93.1
2023-11-15,Philadelphia,106,25.08,47.94,68.17,37.62,2.295,16.52,2.0,81.8
2023-03-30,Dallas,144,33.92,70.86,80.19,45.0,1.433,16.6,26.0,50.5
2024-04-12,New York,114,27.05,65.64,87.22,39.59,1.818,20.11,27.7,26.3
2024-01-13,Houston,139,30.23,71.87,60.69,47.82,2.803,22.26,17.2,60.0
2023-10-26,San Jose,87,16.34,44.1,48.87,32.52,2.151,18.99,0.6,88.0
2023-11-08,Jacksonville,86,19.74,48.59,45.86,28.95,2.09,10.07,-0.9,70.2
2024-09-29,Houston,106,26.64,60.18,69.43,50.25,2.656,19.86,-9.4,84.9
2024-04-20,Philadelphia,145,32.21,62.53,98.15,42.29,2.245,15.62,37.6,43.2
2024-08-28,San Diego,100,23.0,46.59,47.68,32.76,2.029,16.41,7.8,73.5
2023-07-20,Jacksonville,82,24.76,46.83,65.38,42.96,2.376,11.5,9.5,73.8
2024-07-13,Fort Worth,113,26.75,65.93,52.72,39.6,2.176,15.66,12.1,79.6
2023-09-09,Chicago,88,24.7,50.06,57.29,43.84,2.681,8.76,-1.8,95.0
2023-01-07,Charlotte,101,26.42,56.1,71.99,38.08,1.909,18.01,25.1,44.6
2024-02-24,New York,119,28.12,61.08,95.55,46.64,2.595,19.6,31.4,26.3
2023-08-27,Dallas,117,25.29,63.05,65.71,47.43,1.978,16.4,1.4,84.8
2023-12-21,Austin,88,23.57,56.81,50.25,,1.352,11.25,,64.7
2024-12-11,Charlotte,95,22.36,48.56,72.14,47.69,2.307,13.01,6.7,72.7
2023-11-11,Chicago,108,24.05,44.04,56.14,49.03,2.324,,9.8,70.6
2023-01-10,Philadelphia,87,22.7,42.62,68.73,,2.421,13.98,16.6,51.5
2023-01-02,Fort Worth,102,26.4,59.24,61.14,40.42,2.061,22.39,12.4,62.4
2024-11-04,San Antonio,90,18.09,48.85,55.13,45.14,2.515,13.87,1.0,73.1
2023-11-11,Los Angeles,138,30.06,56.94,52.18,51.96,2.645,24.65,0.1,81.4
2023-07-30,Dallas,96,25.13,56.89,55.44,49.67,2.172,9.98,19.1,53.5
2023-09-01,San Antonio,95,20.8,48.71,65.16,39.33,1.699,18.01,7.8,79.0
2024-05-18,New York,152,35.04,66.34,76.95,41.28,,14.07,26.2,50.3
2023-05-26,Jacksonville,116,26.32,59.63,72.04,42.36,1.629,12.59,23.6,51.0
2023-10-14,Los Angeles,115,26.41,52.56,59.76,57.05,2.678,23.65,0.5,94.4
2023-02-14,Charlotte,113,28.2,55.65,71.23,44.65,,12.83,23.1,41.8
2023-08-26,Charlotte,114,21.49,50.31,52.84,39.55,1.891,9.09,2.4,
2024-06-16,San Antonio,123,26.44,63.78,55.97,47.54,1.572,16.62,19.7,60.0
2024-12-18,Charlotte,83,21.1,41.07,61.74,46.26,2.686,12.85,21.9,51.5
2024-01-17,San Diego,94,25.15,55.98,52.04,32.32,1.645,12.68,15.7,43.5
2023-03-28,San Jose,137,19.63,43.19,,41.91,2.146,10.25,43.1,47.0
2023-04-08,Dallas,133,29.76,68.62,76.46,53.24,2.194,20.03,30.5,31.4
2023-05-17,Austin,91,22.96,54.61,82.12,35.01,1.874,18.08,31.1,40.5
2024-02-08,Los Angeles,145,35.62,84.33,101.79,44.63,2.706,13.88,31.8,35.6
2024-08-29,San Jose,86,19.5,37.78,64.76,29.38,1.881,16.48,0.0,93.4
2023-03-05,San Antonio,112,21.82,41.08,72.85,47.27,2.533,12.34,27.1,36.9
2024-11-09,Chicago,125,26.14,55.28,51.19,40.66,2.644,13.98,8.2,83.4
2023-08-31,Phoenix,113,26.52,51.08,48.16,53.59,2.123,13.79,4.5,86.9
2024-05-18,Los Angeles,146,34.21,76.32,85.13,57.93,2.264,18.68,26.6,37.3
2023-09-25,Columbus,92,21.46,35.69,52.13,40.47,1.628,17.26,6.1,95.5
2023-11-19,Charlotte,99,25.18,54.02,48.06,36.69,2.565,23.28,9.3,73.0
2024-02-07,Jacksonville,91,24.78,50.93,61.11,34.21,1.11,10.77,19.8,40.6
2023-12-01,Philadelphia,80,21.41,33.38,44.41,47.81,2.263,10.45,2.9,70.0
2024-04-08,Phoenix,149,38.34,77.98,113.68,45.25,2.138,13.84,30.4,
2023-08-28,Los Angeles,127,27.08,48.97,50.53,62.96,2.871,21.7,2.9,87.7
2023-07-27,Chicago,130,29.41,64.19,55.57,40.05,2.113,13.95,7.8,82.1
2024-08-21,Los Angeles,121,29.16,68.5,54.32,47.61,2.715,22.61,4.6,75.4
2023-06-09,Los Angeles,136,33.17,65.43,61.61,49.29,2.56,22.37,19.9,30.4
2023-06-18,San Diego,99,23.13,43.44,36.53,40.77,1.737,11.65,17.7,52.8
2024-04-22,Philadelphia,131,29.41,61.76,83.53,49.78,2.256,22.13,26.8,52.6
2024-02-21,Los Angeles,152,29.67,79.0,59.56,51.6,2.905,13.96,14.9,63.6
2024-07-02,Philadelphia,92,21.47,,56.42,44.26,,21.77,10.1,45.8
2023-08-01,San Diego,76,20.24,42.2,58.83,41.81,1.95,10.77,7.3,62.4
2023-11-12,San Diego,86,19.03,38.55,39.74,24.24,1.723,13.58,11.2,95.8
2023-09-29,Columbus,88,24.69,50.24,62.04,39.48,1.857,16.93,-1.1,81.2
2023-05-03,Los Angeles,149,34.05,79.3,94.34,48.8,,19.01,31.6,26.4
2023-06-11,Fort Worth,112,26.47,54.79,61.82,42.19,2.258,18.8,20.2,44.1
2024-12-03,Phoenix,107,26.02,57.32,57.27,39.22,2.648,15.53,15.5,83.6
2024-12-22,Jacksonville,97,20.27,45.14,50.57,37.44,2.13,10.58,1.9,70.8
2024-09-09,New York,78,19.24,42.32,62.97,44.71,2.474,15.7,1.1,95.7
2023-08-09,Columbus,95,24.74,57.56,49.38,46.0,2.01,11.48,5.4,95.2
2023-12-02,Chicago,99,22.48,51.89,48.06,54.85,2.281,24.34,15.0,60.3
2023-04-04,Jacksonville,114,22.94,55.17,86.32,41.05,1.959,16.02,35.5,27.5
2023-09-12,Philadelphia,121,29.53,61.16,52.61,44.7,1.826,18.85,3.6,94.9
2024-02-10,Dallas,128,26.36,72.41,78.77,48.28,2.354,14.42,21.3,32.2
2023-02-20,Austin,128,26.97,69.62,65.07,35.53,1.685,19.41,26.1,50.5
2023-11-03,Phoenix,110,25.79,57.51,62.84,38.45,2.375,14.32,-3.9,90.4
2023-06-28,New York,100,27.32,62.29,67.15,47.42,2.666,17.05,16.8,87.9
2024-02-19,Columbus,117,29.92,64.19,60.78,,1.791,4.71,21.2,44.5
2024-04-08,Dallas,132,30.35,69.08,88.24,46.13,2.016,17.65,30.4,17.8
2024-07-17,Houston,,31.8,76.25,52.44,46.47,2.468,21.27,5.5,72.4
2023-04-07,San Diego,105,23.08,49.21,81.72,35.46,1.543,9.18,29.3,19.6
2023-04-15,Fort Worth,161,35.03,71.7,78.85,45.11,3.105,13.28,31.9,43.0
2023-05-24,Los Angeles,165,37.44,87.93,74.92,56.0,2.478,16.63,,41.8
2023-01-13,New York,109,23.99,55.62,76.94,45.91,2.065,9.31,19.0,54.1
2023-08-16,Chicago,94,24.96,44.05,78.61,49.32,2.038,17.31,9.6,80.9
2023-07-22,Columbus,81,21.56,44.51,68.22,34.49,2.173,7.73,10.9,51.4
2024-02-15,Philadelphia,113,27.91,67.39,79.38,42.77,1.958,13.16,27.8,28.5
2024-12-03,Austin,90,22.28,49.02,53.46,42.56,,9.51,6.6,87.3
2024-10-22,Los Angeles,137,29.86,67.21,67.56,52.8,2.839,17.91,5.7,79.8
2024-08-19,San Jose,95,23.58,37.71,55.39,31.67,1.826,15.07,7.0,71.0
2023-09-23,Charlotte,88,21.12,34.58,62.59,45.1,2.614,12.72,-1.0,95.9
2023-03-18,New York,134,31.29,67.0,70.34,38.49,,18.95,32.0,41.7
2023-03-08,Houston,157,32.03,75.89,115.32,,2.421,15.21,41.2,27.1
2024-10-23,San Diego,73,15.38,35.16,53.61,33.77,1.837,7.96,-3.0,94.2
2023-05-12,Los Angeles,159,37.23,84.19,97.71,49.94,2.715,21.77,30.0,9.7
2023-12-06,Los Angeles,149,32.41,74.57,70.93,52.82,2.448,16.7,16.2,59.2
2023-02-13,San Diego,116,27.76,52.82,57.53,31.55,1.714,16.4,16.1,
2023-02-21,Chicago,125,29.82,65.64,83.42,57.23,2.846,18.52,27.4,37.6
2024-08-10,San Antonio,94,24.75,40.78,47.9,46.51,2.404,19.14,-0.5,86.9
2024-02-09,San Diego,77,20.85,40.56,61.81,38.74,1.353,12.91,24.1,27.5
2023-01-31,San Antonio,102,24.62,50.54,79.42,50.36,2.539,15.26,25.9,50.9
2024-11-30,San Antonio,114,21.19,53.58,53.44,35.75,2.06,15.97,8.4,68.4
2023-06-26,Philadelphia,81,21.71,46.1,58.64,51.42,2.189,12.55,15.2,74.0
2023-08-08,Charlotte,99,20.23,44.59,59.11,45.77,1.838,11.54,3.9,79.7
2023-07-11,Phoenix,147,26.48,67.03,59.39,47.53,2.835,16.08,14.7,51.3
2023-10-14,San Diego,89,19.38,35.86,66.24,35.28,1.147,12.31,7.5,84.2
2023-06-02,New York,123,31.21,71.31,77.62,35.9,2.243,16.5,21.5,57.3
2024-09-20,San Jose,81,17.58,30.38,46.02,42.6,1.91,16.39,9.0,73.9
2024-09-23,Houston,111,26.68,57.42,54.85,57.74,2.579,19.83,-3.6,88.7
2024-10-24,Phoenix,122,28.48,61.87,56.91,49.48,2.156,15.52,0.6,84.0
2024-05-25,San Antonio,116,26.23,,73.06,42.57,1.867,21.69,27.7,45.3
2024-07-17,San Diego,95,23.77,43.8,47.98,36.26,1.55,23.22,10.4,64.0
2023-03-04,Los Angeles,145,37.26,79.76,74.66,52.24,2.632,22.62,16.9,36.6
2023-10-14,San Antonio,,24.52,55.34,61.73,49.64,2.254,18.37,-1.9,95.2
2023-05-21,San Antonio,118,26.12,57.92,90.54,36.01,2.055,17.1,28.0,44.3
2023-07-24,Austin,107,27.33,49.78,48.4,32.6,2.52,11.93,,67.4
2024-06-22,Houston,104,22.57,49.82,48.89,40.34,2.732,23.07,19.8,46.9
2024-10-07,Fort Worth,89,19.19,40.54,48.78,40.08,1.985,17.42,-6.6,96.7
2024-07-10,Fort Worth,101,,53.27,57.29,41.38,1.904,8.31,18.4,67.1
2023-01-20,San Antonio,112,27.5,48.95,68.34,40.1,1.928,11.21,25.4,50.5
2024-01-03,San Diego,99,23.17,54.48,71.22,33.32,1.978,15.02,11.8,70.0
2024-07-11,Fort Worth,92,22.28,44.51,41.03,37.51,1.997,20.09,11.0,57.0
2024-05-11,Philadelphia,132,32.41,75.57,83.76,44.61,2.478,19.51,26.0,55.0
2024-08-02,Dallas,123,26.04,66.91,63.03,45.43,2.599,12.09,12.4,77.5
2023-11-26,San Antonio,103,24.28,45.7,52.22,41.81,1.755,15.41,8.0,87.4
2023-10-04,Chicago,112,25.13,57.63,,39.12,2.612,14.75,-8.2,69.2
2023-01-27,Philadelphia,149,28.82,71.83,84.44,48.83,2.676,9.63,29.2,53.9
2024-09-03,Houston,148,33.19,68.31,65.64,47.81,3.262,13.77,1.3,95.6
2023-01-31,Charlotte,119,26.39,61.0,85.45,49.05,1.342,19.25,28.4,44.7
2023-10-15,New York,101,26.45,61.32,53.68,51.14,2.044,20.52,-4.3,92.5
2024-04-28,Dallas,128,30.01,70.32,83.73,43.07,2.051,11.34,29.3,41.5
2024-01-02,Fort Worth,130,28.48,63.14,59.22,44.56,2.691,13.16,11.5,47.3
2024-08-21,Houston,87,24.88,54.2,61.25,46.55,2.494,16.78,-0.7,81.0
2023-06-13,Los Angeles,135,34.16,80.08,70.49,46.49,2.717,20.61,17.4,52.4
2023-09-11,Austin,82,24.27,51.65,42.94,35.48,1.686,13.16,8.7,93.2
2023-09-04,Phoenix,112,29.42,55.53,61.43,45.88,2.96,14.67,8.1,86.0
2024-06-30,Columbus,102,20.68,51.0,62.78,45.02,1.772,14.97,18.0,60.6
2023-02-27,Fort Worth,,28.04,59.68,81.93,36.24,2.306,14.7,27.9,34.4
2023-08-13,San Jose,79,22.42,50.16,55.07,31.99,1.894,10.27,5.5,80.3
2024-02-02,Philadelphia,108,25.35,60.96,69.66,49.01,2.069,15.06,20.7,41.7
2023-06-27,Chicago,100,21.67,56.1,53.74,44.08,1.997,12.6,15.9,55.3
2023-08-31,San Jose,73,22.81,42.1,56.8,30.38,1.907,9.46,4.1,82.8
2023-11-22,Fort Worth,115,25.95,54.35,51.46,40.59,1.831,14.34,2.5,77.5
2024-12-15,Philadelphia,131,29.07,52.43,57.2,43.7,2.334,15.48,-1.7,70.8
2024-08-28,New York,58,17.2,35.91,48.41,46.79,2.867,14.23,9.5,66.5
2024-12-21,Jacksonville,71,22.37,46.65,60.41,42.31,1.972,20.02,19.8,75.5
2023-12-27,San Jose,128,27.92,58.19,58.94,38.38,1.635,8.36,15.3,39.9
2024-07-31,Chicago,125,31.56,64.73,51.63,44.26,2.518,16.68,13.1,89.7
2024-07-30,Houston,130,32.62,73.41,51.29,63.16,2.276,17.44,12.3,64.2
2024-05-19,Dallas,128,27.54,65.16,82.33,42.82,2.78,20.84,27.2,49.7
2023-11-13,Chicago,104,23.35,48.97,64.0,45.94,2.186,17.68,7.1,62.8
2024-05-17,New York,124,23.9,64.14,102.9,49.96,2.258,15.31,36.3,43.1
2023-04-03,New York,125,28.6,55.75,89.49,42.83,2.965,12.35,29.1,28.3
2023-08-27,San Jose,99,24.07,42.42,56.0,38.98,1.625,15.45,3.5,75.3
2023-08-13,New York,125,29.25,59.39,50.49,47.9,1.745,19.68,-1.1,73.7
2024-06-23,San Diego,102,23.55,58.85,66.46,42.73,1.624,12.4,11.8,37.9
2023-01-01,Philadelphia,92,24.33,54.83,58.24,45.45,2.412,13.86,16.6,59.7
2024-09-20,Houston,122,24.93,61.79,62.69,,2.192,16.63,5.7,83.1
2023-05-14,Philadelphia,129,30.87,71.25,86.89,38.22,1.775,15.08,28.7,38.9
2023-07-01,Charlotte,77,19.56,48.25,60.84,38.92,2.287,14.68,22.2,74.1
2023-11-28,New York,116,,60.9,43.44,47.38,1.634,9.53,7.4,61.3
2023-01-23,Chicago,139,32.26,59.26,66.6,47.41,2.833,12.8,20.7,45.6
2024-08-23,Jacksonville,99,23.31,47.61,47.38,47.6,2.069,11.96,7.7,82.6
2023-05-26,Fort Worth,107,23.59,59.9,72.74,39.57,2.056,8.77,25.6,42.7
2023-04-24,Columbus,117,28.12,55.68,76.0,38.47,2.005,18.64,27.0,44.2
2024-04-09,San Antonio,114,25.64,66.83,68.02,46.05,2.018,17.25,23.6,52.1
2024-06-22,Columbus,87,23.11,48.89,63.36,44.59,2.7,16.57,16.5,55.7
2024-01-09,Los Angeles,115,28.3,64.58,74.57,52.95,3.014,14.03,22.2,71.5
2024-01-18,Jacksonville,74,16.83,37.46,58.9,41.56,1.555,13.26,23.6,44.2
2024-11-09,San Antonio,102,24.78,55.19,49.05,32.05,2.18,13.77,,82.8
2024-08-23,Los Angeles,108,25.5,56.71,61.27,48.48,2.831,21.34,2.1,65.0
2023-12-11,Phoenix,127,30.91,63.8,74.85,43.42,2.666,21.47,8.6,77.6
2023-11-27,Chicago,106,24.42,55.21,68.37,53.22,2.113,25.22,0.5,69.0
2023-06-11,Jacksonville,100,24.7,57.86,68.0,39.87,1.773,,20.8,61.6
2024-03-23,Fort Worth,119,22.15,54.35,96.65,37.61,2.5,14.94,33.8,22.7
2023-11-15,Jacksonville,94,24.15,46.78,58.16,35.54,2.151,14.7,7.5,86.9
2024-10-16,San Diego,98,26.3,55.71,41.75,27.71,1.666,9.89,-13.4,95.1
2024-10-26,Philadelphia,98,24.91,53.79,47.71,40.58,2.496,15.17,-4.7,85.1
2023-06-28,Jacksonville,99,24.86,46.14,58.2,44.01,0.922,15.8,17.5,59.1
2024-07-29,Jacksonville,93,22.63,40.75,42.37,38.25,1.939,14.99,3.6,71.2
2024-09-20,Fort Worth,90,24.19,47.85,52.89,41.73,2.074,14.05,-1.6,77.8
2024-01-01,Houston,138,31.66,73.1,68.62,48.73,2.281,24.77,18.6,61.8
2024-11-12,San Jose,73,18.7,37.2,45.66,33.83,1.497,12.27,-1.3,89.3
2023-06-29,San Antonio,106,29.67,66.37,61.04,37.46,1.765,18.02,12.5,63.2
2023-11-11,Jacksonville,111,24.82,57.88,50.46,37.47,2.288,15.35,-0.7,88.6
2024-12-06,Phoenix,106,24.05,52.22,59.52,44.9,2.17,20.64,9.7,80.5
2023-05-11,Chicago,136,32.11,67.4,84.96,40.76,2.393,21.06,26.5,46.8
2023-01-02,Jacksonville,128,27.82,61.71,55.08,41.11,2.388,14.98,14.9,55.5
2024-08-09,San Antonio,113,27.95,53.17,49.15,46.18,2.175,15.88,5.5,86.0
2024-08-04,New York,101,20.37,46.78,64.86,51.85,2.167,15.41,-5.9,88.2
2023-07-06,San Jose,77,17.14,41.38,56.87,37.55,1.983,13.92,12.3,46.3
2023-11-22,Charlotte,98,22.0,40.9,47.95,32.44,1.837,12.51,-0.0,87.6
2024-09-18,Houston,128,27.94,62.43,79.25,46.15,3.066,15.52,-7.8,96.2
2024-10-16,San Jose,87,16.34,49.16,52.66,36.26,1.39,10.09,-1.8,80.7
2023-04-17,Charlotte,135,27.33,53.68,81.56,26.94,1.875,11.99,32.7,46.8
2024-05-23,Chicago,104,25.19,59.73,81.74,41.86,2.129,15.67,30.2,52.0
2023-12-06,Jacksonville,129,28.37,61.41,51.46,41.47,1.63,12.35,16.3,81.4
2023-03-21,Houston,159,37.79,83.94,92.1,50.75,2.142,22.48,31.6,49.3
2023-12-22,Philadelphia,116,,56.57,52.13,45.74,2.587,18.71,15.7,73.6
2023-06-21,Austin,124,25.0,45.49,50.97,42.64,1.86,20.08,,64.6
2023-04-01,Columbus,112,20.96,50.49,86.55,49.51,1.928,18.83,30.7,36.7
2024-12-26,Austin,87,17.73,40.33,67.89,34.49,1.321,16.19,18.3,53.0
2024-10-16,Jacksonville,90,22.5,48.12,62.51,35.1,1.825,16.8,-2.4,80.9
2023-12-10,San Diego,80,19.18,47.16,51.84,34.16,1.625,16.59,8.6,79.2
2023-01-12,Phoenix,120,31.12,74.63,74.36,50.98,2.231,13.66,18.1,31.8
2023-08-03,Houston,122,29.04,66.62,39.65,54.33,2.144,,-4.4,82.6
2024-12-10,Los Angeles,114,27.69,53.87,61.59,47.35,2.999,20.82,0.5,65.3
2023-12-25,Phoenix,120,30.14,64.11,51.11,47.37,2.608,19.94,,72.3
2023-04-21,Jacksonville,112,23.42,53.42,85.75,41.33,2.11,10.0,30.2,35.8
2023-01-02,New York,113,26.35,69.25,67.75,49.74,2.717,15.45,12.6,57.4
2024-01-31,San Diego,105,26.22,48.26,77.03,42.38,2.046,5.84,24.6,44.3
2024-03-05,Chicago,134,31.3,62.8,66.23,45.36,1.531,13.93,26.0,42.5
2024-02-28,San Diego,,24.07,57.32,80.98,35.59,1.981,10.34,31.6,38.2
2024-01-23,Philadelphia,120,29.74,59.03,84.33,48.33,2.205,23.85,29.8,39.9
2024-07-13,San Antonio,100,25.86,54.61,60.78,52.88,2.289,19.77,16.9,76.1
2023-04-14,Columbus,113,26.96,56.95,69.2,43.09,2.361,17.79,24.9,34.9
2024-05-05,Fort Worth,144,36.13,80.45,89.29,40.59,1.949,22.77,29.9,46.1
2024-08-14,Austin,114,26.73,55.89,56.79,34.49,2.208,11.28,4.4,84.7
2024-12-04,Houston,90,24.59,55.08,69.79,42.47,2.816,16.71,1.8,92.8
2023-06-16,San Diego,94,19.3,44.25,68.53,28.04,1.776,14.35,21.6,71.9
2023-03-17,Fort Worth,128,27.2,70.39,94.46,41.25,1.643,13.98,32.6,30.1
2023-02-04,Phoenix,120,28.07,66.07,67.29,46.47,2.47,17.65,19.4,48.7
2023-01-21,Philadelphia,114,27.23,60.45,79.15,43.61,1.868,12.16,17.7,63.0
2023-09-25,Los Angeles,140,30.11,71.58,56.35,54.75,3.76,22.96,10.5,94.7
2023-03-17,Philadelphia,133,30.08,57.35,102.16,43.64,1.911,24.94,34.2,27.3
2023-06-24,Charlotte,109,24.21,46.94,69.37,48.11,2.224,12.22,26.0,41.9
2024-01-20,Chicago,111,27.99,57.76,62.82,38.47,2.475,19.84,13.7,75.4
2023-03-18,Dallas,139,30.95,63.81,88.07,41.68,1.996,18.52,27.9,27.1
2023-04-06,Philadelphia,144,28.16,68.0,116.78,44.15,2.367,17.97,42.3,27.6
2024-08-31,San Jose,71,16.8,37.94,61.96,39.33,1.575,13.93,8.3,84.5
2024-05-09,Jacksonville,115,,52.91,83.89,41.13,1.848,12.55,30.2,42.5
2023-02-01,San Antonio,89,22.99,56.67,,42.96,1.698,16.65,24.7,62.8
2024-10-31,Chicago,107,23.54,64.06,53.57,48.19,2.59,14.56,6.0,91.5
2024-09-13,Charlotte,107,23.18,48.52,39.71,40.99,1.733,12.16,1.2,96.8
2024-03-20,Chicago,114,25.7,61.43,87.19,51.86,2.388,15.2,29.7,9.7
2023-02-24,Los Angeles,169,40.6,83.17,111.04,46.55,2.736,18.61,34.8,36.4
2023-12-06,Houston,86,22.34,57.37,76.81,51.07,2.243,11.55,14.0,78.9
2023-07-14,San Antonio,139,30.4,63.84,42.85,45.86,1.993,14.29,19.2,59.1
2024-12-14,Dallas,127,30.96,67.19,53.6,38.08,2.157,15.56,11.7,72.5
2024-07-07,Phoenix,122,27.4,63.32,61.49,43.77,2.49,14.95,11.0,70.9
2024-11-07,Phoenix,116,26.9,56.87,60.98,44.96,2.887,21.53,2.3,95.8
2023-11-01,Houston,95,,54.83,72.73,51.57,2.583,13.74,6.9,92.3
2023-04-09,New York,125,30.12,73.87,91.29,45.43,1.693,11.59,34.7,27.3
2024-02-07,San Jose,103,22.49,52.17,67.51,36.46,1.844,11.11,23.5,
2024-07-16,Columbus,119,22.36,59.99,75.57,41.8,2.127,,24.6,
2024-05-17,Chicago,124,30.52,66.86,76.55,47.43,2.281,16.21,28.3,40.6
2023-02-25,Philadelphia,145,30.36,71.81,91.4,43.46,2.22,18.47,29.4,52.0
2023-01-04,San Antonio,107,28.19,68.68,52.91,33.78,2.349,11.42,15.6,53.2
2023-03-31,Phoenix,156,39.65,84.49,81.21,51.23,2.574,14.9,30.4,36.8
2024-11-08,Austin,95,20.39,40.74,46.26,43.93,2.217,17.6,-1.9,89.6
2024-09-06,San Diego,64,13.97,26.52,48.92,35.19,1.546,6.12,-1.0,71.4
2023-07-24,Los Angeles,132,25.51,71.01,65.09,52.71,2.94,20.68,7.7,74.0
2023-01-27,Houston,132,30.55,68.86,75.52,,2.53,13.59,27.4,50.4
2023-06-24,Austin,90,21.66,43.68,58.99,35.5,1.929,17.64,14.9,64.6
2023-10-26,Los Angeles,127,29.01,67.83,58.61,51.55,2.538,20.98,-1.1,84.7
2024-04-29,Columbus,126,30.83,51.38,66.04,37.95,2.249,14.14,-19.7,27.8
2023-04-29,Phoenix,140,28.41,67.23,78.92,50.26,2.436,14.58,25.1,23.8
2024-02-12,San Diego,91,20.81,49.22,65.69,30.53,1.921,4.14,26.4,33.3
2024-05-15,Charlotte,106,23.14,43.27,79.61,36.61,1.814,15.47,27.4,33.8
2024-11-07,Phoenix,109,26.0,62.6,54.76,52.05,,15.99,5.3,83.7
2023-04-04,Austin,,33.7,63.64,96.12,32.21,1.634,16.92,33.1,18.4
2024-07-11,San Antonio,117,25.61,58.06,47.31,43.65,2.377,16.51,13.7,76.4
2023-07-09,Philadelphia,103,25.9,61.07,59.66,39.25,2.471,12.87,10.3,65.0
2024-01-26,Philadelphia,120,32.3,66.7,44.47,45.47,2.73,16.95,23.9,38.3
2023-07-11,San Diego,94,23.92,51.09,40.97,39.4,1.634,11.68,15.2,56.1
2023-02-15,Phoenix,154,36.24,78.55,69.73,47.49,2.93,16.8,13.1,40.7
2024-03-26,San Diego,100,26.4,55.22,62.24,34.26,1.34,17.32,24.0,39.1
2023-09-27,Houston,113,24.97,63.51,54.02,45.41,1.983,22.21,6.7,93.1
2023-10-03,San Jose,91,18.55,44.41,59.63,34.68,1.723,9.66,-3.1,88.9
2023-03-05,Chicago,134,30.31,71.05,77.08,42.31,1.83,14.59,28.4,
2024-12-14,Austin,73,21.37,44.4,63.43,39.77,1.685,11.71,11.0,68.3
2023-04-10,Los Angeles,153,35.47,81.93,87.38,55.68,2.484,20.4,33.4,14.9
2024-11-15,Philadelphia,97,25.41,60.29,55.69,53.54,2.585,19.29,4.4,76.2
2024-07-08,San Antonio,88,24.16,55.72,66.49,40.13,,11.27,11.3,61.9
2024-08-26,Houston,129,,57.74,68.6,46.08,2.554,17.59,3.1,80.4
2024-07-20,New York,119,28.62,71.79,71.03,46.84,1.772,10.35,5.1,87.4
2024-02-01,Columbus,117,25.52,53.76,87.65,37.13,2.199,12.73,30.1,40.0
2024-06-19,San Antonio,108,25.56,49.65,62.56,46.94,2.33,12.86,19.4,45.3
2024-07-02,Austin,106,23.07,55.31,52.43,37.89,2.142,14.45,14.8,61.0
2024-05-01,San Jose,,19.51,42.47,77.22,45.66,1.413,11.37,28.4,45.5
2023-08-30,San Diego,69,17.55,32.98,52.4,34.97,1.502,11.35,6.5,63.3
2023-11-03,Los Angeles,125,28.84,64.25,60.81,55.27,2.243,17.35,-4.5,70.0
2024-02-09,Charlotte,138,34.72,63.39,58.36,48.06,2.058,17.05,27.0,48.0
2023-02-05,Dallas,,36.32,88.97,80.39,47.22,2.573,13.2,24.3,65.3
2024-08-07,Charlotte,92,25.45,47.59,50.97,44.02,1.883,17.1,4.3,90.3
2024-06-13,Fort Worth,114,32.13,69.22,62.29,,2.006,12.37,21.7,
2024-08-08,Austin,115,24.72,53.48,58.61,36.94,1.681,8.13,0.5,87.3
2024-09-27,Chicago,123,,58.75,55.75,45.68,1.903,14.77,1.6,68.9
2023-05-04,Fort Worth,121,28.46,60.66,77.08,45.74,2.484,8.55,29.0,40.5
2024-04-04,Chicago,115,27.63,,86.67,41.67,1.831,19.28,,22.7
2023-06-21,Houston,121,32.67,67.01,74.78,49.13,2.703,14.68,15.6,66.2
2023-07-17,Chicago,106,25.78,54.55,61.98,53.49,2.116,11.58,14.2,74.7
2023-02-13,San Antonio,112,24.73,65.31,66.29,48.27,2.334,20.44,20.2,43.8
2023-03-22,Austin,112,24.46,59.11,65.66,54.91,1.797,17.97,26.1,
2024-03-21,Houston,134,32.02,68.14,94.58,47.66,2.311,15.97,34.0,9.9
2024-10-04,Chicago,109,27.62,56.0,54.66,40.18,2.783,15.39,-3.3,94.3
2024-09-01,Phoenix,112,23.61,61.45,46.28,45.02,2.021,19.1,,80.9
2023-11-24,Charlotte,103,24.95,50.48,49.73,43.75,2.175,13.27,-3.1,78.9
2023-03-10,Los Angeles,157,36.18,86.38,82.09,54.45,2.794,11.15,25.9,29.0
2024-02-02,Dallas,110,25.91,58.72,52.76,42.75,2.09,16.11,19.7,37.4
2024-02-11,Dallas,105,26.24,55.1,63.96,48.15,2.07,15.91,21.5,43.1
2023-11-30,Columbus,65,14.9,37.06,40.23,41.32,1.952,16.04,15.7,68.5
2023-10-10,Dallas,90,20.04,42.27,45.91,44.83,2.658,12.56,-0.9,88.4
2024-04-14,Charlotte,108,23.49,59.1,,31.74,2.444,13.81,26.8,28.5
2023-01-13,Fort Worth,123,29.38,68.65,70.15,41.81,2.389,12.8,13.9,37.4
2024-12-18,San Jose,97,23.81,49.43,59.31,36.71,1.717,8.21,11.1,63.3
2024-08-24,Dallas,90,17.98,44.72,55.02,42.48,1.854,16.15,-8.6,84.9
2024-03-05,Los Angeles,147,38.19,81.01,93.64,49.42,2.879,17.08,28.5,29.1
2024-02-29,Chicago,127,33.19,67.63,90.47,44.07,2.125,9.87,24.9,28.6
2023-06-01,San Jose,79,16.79,35.59,58.42,36.57,2.117,16.91,17.5,45.9
2024-08-25,San Jose,80,18.17,36.11,58.38,38.41,1.944,12.99,5.8,74.8
2023-04-13,Charlotte,132,30.04,59.09,87.92,32.42,2.342,19.47,33.6,19.6
2023-04-19,San Jose,112,19.0,46.59,78.52,32.13,1.781,14.37,26.9,37.2
2023-04-14,Fort Worth,151,34.73,77.38,73.2,42.17,2.358,11.39,26.4,43.9
2023-10-20,Columbus,74,19.38,39.08,40.94,40.31,1.896,13.72,4.0,73.6
2024-07-02,Charlotte,108,25.3,59.05,49.46,36.75,2.017,17.27,10.3,83.9
2023-12-19,Charlotte,93,20.79,54.56,63.64,44.05,2.103,12.97,5.9,73.7
2024-02-25,Phoenix,137,31.66,73.37,79.14,38.04,2.678,11.3,26.7,33.8
2024-01-28,Austin,103,19.27,39.13,77.86,38.67,1.64,,26.6,20.4
2024-05-12,San Jose,104,21.47,48.69,81.44,34.57,2.06,13.0,27.0,34.7
2024-09-15,San Diego,79,23.64,,63.02,39.37,1.849,12.61,7.0,96.6
2023-02-08,Chicago,129,29.97,66.63,58.59,41.56,2.748,17.71,24.2,48.9
2023-10-10,San Antonio,105,21.31,43.75,54.34,36.81,2.035,11.56,1.4,85.3
2023-05-28,San Jose,71,19.52,34.78,56.57,33.66,2.073,12.22,23.8,53.3
2024-09-15,Austin,91,22.34,38.08,70.09,35.02,1.656,14.84,3.6,95.7
2024-12-11,San Antonio,104,19.17,38.81,54.12,41.27,2.381,11.6,-0.3,82.5
2023-02-09,San Antonio,131,29.2,64.51,81.31,48.03,2.42,16.56,32.4,29.5
2023-12-06,Jacksonville,96,24.16,,70.13,36.03,1.743,17.1,6.2,67.8
2023-09-01,New York,106,24.42,46.73,64.4,48.62,2.03,18.82,4.9,75.7
2024-05-01,Charlotte,117,27.57,55.59,61.77,40.41,1.757,17.09,24.9,44.2
2023-10-03,Charlotte,97,21.92,42.89,65.71,39.45,1.732,9.49,6.7,75.7
2024-01-17,New York,151,33.28,68.5,69.62,40.52,2.179,16.92,17.4,42.5
2023-12-12,Columbus,105,25.18,55.59,65.26,40.55,2.006,16.48,15.9,46.3
2023-11-07,Phoenix,114,26.22,59.48,59.41,53.38,2.274,11.1,2.7,88.4
2023-10-15,Columbus,64,11.49,34.95,55.04,41.87,1.091,17.57,9.2,54.0
2024-05-18,Columbus,108,24.04,52.35,55.74,32.78,1.692,14.62,18.3,41.6
2024-12-13,Austin,99,22.18,41.76,45.31,32.8,,12.06,11.9,76.7
2023-04-11,Columbus,106,22.96,52.4,83.6,44.57,1.711,20.32,36.6,10.9
2023-08-22,Chicago,121,27.62,58.5,40.14,36.87,2.167,15.18,1.2,94.3
2023-11-04,Jacksonville,62,17.44,37.45,44.95,42.68,2.09,,2.5,84.7
2024-03-29,Fort Worth,105,24.72,62.26,69.79,42.62,2.083,20.34,28.1,21.1
2023-11-25,Phoenix,116,27.98,61.4,49.86,51.42,2.34,18.95,5.9,81.0
2024-03-02,San Jose,131,23.84,55.27,103.26,36.84,1.352,12.54,32.6,32.2
2024-10-23,Los Angeles,118,24.54,61.24,55.38,48.94,2.833,,-2.6,85.2
2023-07-12,San Diego,102,26.8,51.33,65.18,33.37,1.457,12.01,19.3,72.8
2023-08-05,Charlotte,105,23.45,46.48,70.89,40.24,1.983,18.58,5.1,81.9
2024-02-21,Jacksonville,142,24.21,56.66,100.55,46.33,2.4,13.35,31.4,41.5
2024-05-11,Fort Worth,,29.59,70.73,72.1,45.74,2.334,15.33,24.5,44.1
2024-06-12,Columbus,97,21.04,49.4,79.28,35.91,1.905,16.08,27.1,32.9
2024-01-18,Columbus,114,31.08,77.51,52.64,44.58,1.821,13.41,13.1,79.6
2023-02-27,Dallas,126,32.02,73.76,79.4,43.75,2.693,14.68,25.1,34.3
2023-06-12,Los Angeles,164,34.86,69.67,64.14,48.24,2.762,22.04,17.3,60.2
2023-11-15,Jacksonville,115,25.12,63.17,49.47,41.31,1.743,11.63,5.5,95.1
2024-06-02,San Antonio,79,23.61,43.92,53.03,40.14,1.817,14.92,19.7,50.0
2023-05-19,Fort Worth,132,28.31,65.28,77.8,42.63,1.559,15.92,22.7,
2024-06-20,Charlotte,110,26.73,44.89,79.08,46.25,1.524,9.32,26.0,44.2
2024-08-05,New York,79,19.19,51.92,60.83,43.99,,13.37,5.0,76.2
2023-06-27,Houston,127,28.96,66.53,66.25,44.92,2.574,16.25,15.6,58.8
2023-07-25,Columbus,96,26.05,52.87,46.79,41.34,2.18,19.17,16.1,54.8
2023-03-01,Houston,,32.37,71.94,83.19,46.38,2.582,20.34,30.7,37.6
2023-02-03,San Diego,97,24.72,50.5,55.92,32.2,2.188,12.41,22.2,37.0
2023-02-21,Charlotte,129,29.53,59.19,62.64,48.65,2.13,21.04,18.7,38.2
2024-01-05,Jacksonville,114,26.02,47.25,58.73,43.1,2.236,8.95,14.6,62.4
2023-07-23,Phoenix,111,25.0,57.37,62.0,51.34,2.175,19.68,9.7,75.3
2024-01-13,Columbus,134,31.72,69.39,67.55,45.08,1.866,23.41,13.5,72.7
2024-04-20,Dallas,112,26.19,59.82,76.06,44.77,2.64,9.79,29.3,13.6
2024-02-11,Austin,98,23.4,48.01,61.49,35.72,1.578,8.16,21.1,54.5
2023-05-07,Austin,117,27.4,61.26,75.08,26.42,1.994,16.28,31.2,44.0
2023-02-01,Houston,,26.51,65.7,81.71,52.57,2.45,20.13,25.2,37.8
2024-01-17,San Diego,112,22.59,40.08,87.23,41.82,2.351,13.0,32.1,48.3
2024-08-31,San Diego,82,19.09,39.27,55.89,35.14,2.087,16.68,-0.7,79.6
2023-07-01,Columbus,95,21.83,43.38,64.19,46.07,1.601,12.97,1.5,58.2
2024-04-30,San Jose,114,21.29,50.72,90.16,39.69,2.04,10.53,27.5,54.8
2024-07-18,Philadelphia,114,23.27,57.76,58.33,43.44,2.059,19.51,3.0,72.6
2023-12-19,Chicago,102,26.46,60.95,61.62,39.35,1.798,17.54,18.5,61.2
2023-09-22,Jacksonville,77,22.77,49.91,38.39,40.65,1.666,12.7,-7.4,85.6
2024-12-06,Los Angeles,128,30.51,71.32,71.61,46.51,3.219,19.5,4.9,65.0
2023-10-19,New York,119,30.61,64.78,45.01,49.91,1.33,15.29,-2.8,85.5
2024-01-31,New York,100,24.19,57.08,59.02,49.31,2.112,15.22,20.4,38.4
2023-06-16,Columbus,117,27.17,53.76,62.3,35.98,1.902,14.49,9.9,58.1
2024-08-08,Fort Worth,76,22.03,47.16,53.38,38.46,,15.27,9.8,72.5
2023-08-08,Columbus,102,26.91,59.39,54.18,38.62,1.859,15.89,1.5,79.3
2023-08-15,Austin,93,22.81,52.67,75.9,36.8,2.438,12.08,8.5,68.5
2023-08-19,Austin,100,23.11,55.94,39.43,46.52,1.831,12.38,10.2,79.5
2023-07-31,Phoenix,127,27.07,59.14,69.72,54.2,3.1,11.49,9.9,66.7
2024-10-29,San Antonio,99,21.9,44.62,49.26,41.52,2.267,17.72,-1.4,77.6
2024-06-09,New York,90,23.73,52.68,64.78,47.21,1.559,8.21,16.5,40.5
2024-11-29,New York,124,30.29,56.78,65.28,43.08,1.829,19.2,,71.5
2024-04-30,Charlotte,113,26.63,63.35,71.95,35.67,2.073,9.66,22.7,49.2
2023-05-16,Austin,110,24.53,38.23,,37.07,1.429,11.48,26.6,24.0
2023-06-27,San Jose,98,23.59,58.62,62.52,37.72,1.797,14.0,12.2,59.6
2023-01-09,Houston,117,24.3,65.35,64.69,51.52,2.246,20.34,13.3,66.8
2023-09-16,San Jose,97,22.42,47.38,48.43,31.52,1.58,9.84,-4.0,97.1
2023-11-09,Jacksonville,110,25.5,55.08,44.26,37.45,1.529,16.04,0.8,93.5
2024-12-27,Austin,111,28.54,63.42,46.33,31.89,1.751,14.55,,82.9
2023-10-09,San Antonio,107,23.26,58.93,55.15,44.48,2.047,11.39,-4.9,93.6
2024-01-21,Columbus,129,32.2,67.82,65.55,42.9,1.602,14.76,16.5,55.4
2023-12-24,San Diego,102,22.75,40.56,59.51,,2.01,16.95,18.2,61.6
2023-09-16,Houston,102,20.62,43.22,74.86,51.7,2.17,18.73,-0.2,94.0
2024-04-22,Phoenix,130,30.01,73.05,80.77,55.06,2.613,12.86,26.3,35.8
2024-11-24,Dallas,121,26.71,55.63,56.4,39.79,2.365,28.22,3.3,83.3
2024-09-30,San Antonio,108,22.85,56.51,55.4,35.51,2.037,17.18,-2.9,93.6
2024-08-21,Los Angeles,105,26.43,58.42,62.37,56.69,2.542,19.63,4.9,76.0
2023-01-08,Dallas,122,26.74,67.15,54.01,47.49,2.05,17.26,11.8,74.8
2024-11-09,Columbus,91,22.79,51.91,57.87,39.71,2.114,10.79,4.6,76.1
2024-01-19,Dallas,106,26.42,60.46,76.48,49.48,2.501,16.87,23.6,46.8
2024-10-24,San Jose,80,16.39,31.43,54.86,34.41,1.698,14.7,-2.7,95.5
2024-09-15,Phoenix,101,23.29,52.63,63.57,55.44,2.28,12.16,-0.8,94.8
2023-11-02,Austin,86,21.5,42.33,46.53,43.8,1.957,13.44,6.6,61.0
2023-04-21,San Diego,133,22.44,54.57,97.86,39.4,1.965,13.4,34.2,24.3
2023-03-07,Philadelphia,119,28.31,58.62,54.93,42.79,2.374,14.5,19.9,39.7
2023-10-11,Austin,87,20.52,41.11,,47.4,1.636,17.05,-1.9,95.6
2023-11-29,Columbus,81,21.91,42.36,52.11,39.53,2.143,15.01,2.8,72.4
2023-10-11,Phoenix,136,31.46,66.48,55.06,50.22,2.277,16.13,-6.9,94.7
2024-11-02,Jacksonville,90,22.06,48.67,,44.16,1.963,12.28,4.1,81.4
2024-10-29,Phoenix,83,21.49,43.11,59.26,46.98,2.571,16.22,2.2,76.1
2023-07-12,Chicago,107,28.21,57.38,64.27,50.71,2.184,24.52,16.7,62.5
2024-06-13,Fort Worth,114,26.78,56.72,54.86,43.11,2.715,23.16,24.0,59.3
2023-09-04,Charlotte,84,22.17,47.18,50.35,36.82,1.818,20.98,-1.0,76.8
2023-02-28,Fort Worth,122,30.44,63.05,72.55,42.16,2.143,16.07,30.0,45.5
2024-09-06,San Antonio,110,26.93,59.2,51.64,41.36,1.835,19.49,2.0,78.7
2024-11-07,Philadelphia,141,31.88,74.66,59.62,35.07,2.158,14.83,3.4,88.1
2024-11-28,Chicago,127,30.0,62.12,49.91,41.88,2.252,14.64,1.5,44.0
2023-01-27,Austin,97,25.56,51.94,71.43,44.2,1.784,9.19,20.2,57.7
2024-05-24,Phoenix,147,34.16,77.79,64.14,,2.856,20.57,18.2,56.2
2023-09-23,Charlotte,75,22.45,45.79,52.42,32.58,1.868,13.03,3.7,60.1
2024-03-04,San Antonio,115,27.61,65.12,82.8,47.86,2.667,11.4,,49.7
2024-02-02,Jacksonville,121,25.68,58.9,79.34,32.6,2.629,14.52,29.2,25.9
2023-02-06,San Jose,119,22.57,58.12,66.98,34.92,1.745,8.62,22.1,52.6
2024-12-26,San Jose,116,26.93,60.78,56.42,34.06,1.705,5.9,10.7,63.1
2023-07-14,Philadelphia,87,21.67,49.71,51.67,38.16,2.833,18.73,13.6,70.2
2023-08-16,Austin,91,22.04,52.81,53.9,37.29,1.59,14.84,3.8,90.4
2024-07-01,Austin,106,24.73,39.81,38.98,31.59,1.762,8.4,16.7,65.6
2024-05-02,Charlotte,145,28.09,53.73,105.66,35.52,2.147,16.97,30.7,39.0
2024-11-18,Philadelphia,103,25.58,53.3,61.05,35.9,2.238,16.16,8.9,68.5
2024-06-03,Phoenix,113,28.66,55.82,77.71,45.96,2.465,8.89,29.6,43.3
2023-06-24,Columbus,98,25.35,63.65,52.52,32.67,,19.54,15.8,46.9
2024-11-04,Charlotte,92,19.23,46.79,59.11,39.25,1.496,16.32,6.3,87.8
2024-07-25,Chicago,95,22.03,51.07,40.89,53.0,2.031,18.66,1.1,61.2
2023-10-28,Los Angeles,123,29.58,64.37,62.76,53.85,2.089,13.9,-6.3,94.4
2024-04-27,Chicago,137,32.96,59.61,77.43,43.56,2.488,13.25,28.1,25.6
2023-09-22,Jacksonville,62,10.8,25.93,52.47,38.45,2.285,19.93,3.1,81.9
2024-07-26,Fort Worth,123,28.53,55.93,60.63,44.97,1.958,17.9,4.5,69.8
2023-07-07,Austin,91,21.95,41.88,51.18,40.62,1.581,10.64,12.0,58.5
2023-12-10,Austin,78,19.88,37.79,49.33,44.7,1.866,9.4,7.4,84.2
2023-04-02,Houston,148,34.71,79.55,,52.41,2.773,22.75,35.2,13.0
2023-06-25,Austin,91,21.62,47.45,69.23,47.81,1.605,15.09,8.9,58.2
2023-12-30,Houston,127,30.31,64.86,64.23,49.77,2.926,19.01,14.3,49.7
2023-11-11,San Antonio,111,27.27,45.89,39.57,37.1,1.866,16.73,10.9,87.5
2023-12-06,Philadelphia,95,23.02,53.99,51.01,39.71,1.976,13.82,10.3,72.4
2024-05-14,Houston,119,28.19,56.71,102.93,52.83,2.716,15.12,35.3,28.0
2023-09-24,San Jose,81,20.42,41.04,56.53,35.99,1.823,17.11,-6.7,82.8
2023-10-29,San Diego,105,21.66,36.71,63.01,40.82,1.529,13.1,1.2,81.7
2023-05-01,San Diego,108,22.74,49.73,76.64,34.78,1.874,16.16,28.7,35.2
2023-02-24,Columbus,118,24.36,49.4,85.34,51.72,2.426,14.55,26.9,29.0
2024-10-11,San Jose,98,19.21,38.81,40.19,31.16,1.856,14.83,4.0,95.9
2024-08-17,San Jose,105,23.91,,,38.37,2.068,10.42,3.6,90.6
2023-03-14,San Diego,94,15.63,33.65,69.62,30.9,1.642,7.68,23.7,36.7
2023-07-19,Dallas,128,32.15,74.77,65.06,54.52,2.478,11.26,4.2,62.5
2023-05-03,Columbus,127,18.97,44.99,97.95,43.35,1.592,19.35,30.9,53.8
2024-11-28,San Antonio,81,15.74,34.19,64.5,29.01,2.458,21.03,3.2,79.6
2024-06-26,Phoenix,130,30.8,61.38,65.09,50.7,2.238,14.23,19.4,63.0
2024-02-28,New York,117,27.26,67.9,84.61,40.18,2.299,18.1,26.1,39.0
2023-06-04,Chicago,124,29.49,64.49,72.71,41.74,2.321,17.6,21.6,
2023-07-25,Philadelphia,117,24.99,57.79,52.82,48.19,2.425,15.87,20.3,58.2
2024-02-24,San Jose,92,23.24,49.53,62.47,35.31,2.156,12.36,23.5,33.8
2024-04-13,Chicago,133,30.8,73.61,80.44,36.92,1.919,15.5,28.8,38.4
2023-11-20,Columbus,85,20.43,42.96,47.45,44.63,2.728,10.72,2.2,72.2
2023-07-04,Fort Worth,110,25.55,52.51,75.25,42.06,1.454,20.07,16.2,75.8
2023-03-24,San Diego,115,22.05,47.06,82.94,40.21,1.724,7.6,28.4,26.6
2023-12-07,Austin,88,19.18,51.06,52.66,38.09,1.64,16.74,8.2,75.9
2023-07-01,Philadelphia,119,28.09,56.26,56.3,40.92,2.249,15.3,6.9,56.3
2024-10-11,New York,113,26.49,46.43,61.14,46.45,1.899,14.1,-2.3,92.8
2023-01-05,San Diego,101,21.74,52.75,53.0,39.81,1.581,16.9,15.8,52.7
2023-10-08,Houston,138,28.09,53.65,66.83,46.86,2.393,24.15,-3.6,88.1
2023-06-22,San Jose,95,20.96,47.14,74.4,41.16,1.94,18.45,15.6,45.2
2023-06-12,San Diego,91,22.98,52.05,46.01,46.0,1.423,16.36,,44.7
2023-04-01,Chicago,144,,82.16,104.94,41.14,2.237,20.87,37.9,23.1
2024-09-21,San Antonio,88,21.5,52.03,53.75,39.18,1.87,19.68,-3.4,86.3
2024-10-10,San Antonio,92,23.57,51.23,39.76,35.79,1.719,11.64,6.9,96.5
2024-02-18,San Antonio,142,31.77,78.94,51.96,30.29,2.313,,21.8,23.4
2024-05-03,San Antonio,123,31.32,74.76,76.45,43.01,2.119,14.43,25.5,58.4
2023-01-05,New York,100,21.72,49.79,61.55,,2.112,17.02,15.9,59.5
2024-06-30,Houston,138,32.5,63.4,66.67,49.05,2.883,11.05,6.6,54.8
2024-01-18,New York,113,25.8,57.25,59.46,45.49,1.933,,20.7,61.8
2023-11-26,Fort Worth,128,31.07,59.74,60.7,44.61,2.371,17.67,4.3,
2024-06-27,Houston,121,29.71,55.58,70.02,62.93,3.107,18.48,21.7,39.2
2023-01-19,Austin,122,25.21,59.34,66.21,28.82,1.691,14.82,20.7,65.5
2023-01-05,Austin,103,26.28,62.52,62.28,39.96,2.112,14.04,19.9,71.6
2023-09-12,Houston,109,23.4,56.12,56.05,50.01,,20.62,5.4,
2024-12-11,Charlotte,105,24.19,55.47,63.05,29.82,1.836,12.62,8.2,72.2
2023-12-19,Phoenix,107,23.24,55.0,67.55,50.79,2.504,18.83,16.8,73.9
2023-05-13,Los Angeles,127,30.82,74.2,99.16,61.1,2.842,20.07,36.2,24.2
2024-01-28,Dallas,115,27.61,61.98,72.09,45.65,2.352,20.0,19.9,51.5
2024-08-25,Phoenix,106,24.15,54.67,53.01,52.79,2.631,19.67,7.0,87.5
2023-06-21,Los Angeles,131,33.0,69.72,69.99,46.46,2.544,19.51,20.3,49.3
2023-02-16,Phoenix,137,28.34,72.38,97.39,45.17,3.024,16.51,30.6,51.5
2023-10-25,San Diego,102,24.26,52.74,54.8,34.05,2.004,8.72,13.9,
2024-06-16,San Jose,99,23.45,50.65,58.07,40.86,2.2,10.02,18.0,57.7
2024-06-20,Philadelphia,108,26.64,56.16,53.8,41.76,2.119,14.67,16.4,62.6
2024-03-20,Charlotte,128,30.32,62.15,86.44,38.62,2.075,14.17,29.2,28.1
2024-12-04,Chicago,115,30.01,65.52,84.43,40.0,1.642,20.62,15.1,74.4
2023-12-17,Charlotte,67,16.93,37.96,54.9,44.02,2.131,10.32,16.3,71.1
2024-05-16,Philadelphia,119,27.68,56.65,71.53,44.63,2.657,11.16,14.7,41.9
2023-07-12,Chicago,122,27.99,62.7,55.95,54.74,2.128,,8.7,72.6
2024-02-18,New York,137,33.31,77.09,48.7,38.79,2.06,15.42,19.6,42.7
2023-08-22,Houston,93,24.97,44.97,52.4,60.09,2.102,23.76,-2.6,80.1
2023-05-15,Houston,120,28.05,65.75,69.96,50.66,3.034,,17.1,49.4
2023-01-23,San Jose,101,26.99,56.65,72.19,37.64,1.471,10.71,17.3,43.5
2024-05-31,Chicago,135,30.59,68.96,63.45,40.2,2.209,10.03,25.1,53.4
2023-05-07,Philadelphia,121,25.55,64.21,101.8,43.71,2.327,18.87,33.3,16.7
2024-12-29,Austin,119,20.84,59.69,51.06,39.18,1.608,10.66,17.2,52.4
2023-02-08,San Antonio,130,25.01,56.07,98.1,41.12,1.441,15.82,35.0,36.2
2024-10-17,Phoenix,103,24.61,53.61,44.62,55.65,2.576,21.17,-0.2,81.7
2024-07-01,San Jose,98,20.63,44.43,50.34,32.97,1.534,14.92,16.8,59.9
2023-02-19,San Jose,116,22.96,46.26,62.9,42.22,2.069,15.04,24.3,44.6
2023-02-19,Austin,110,24.12,55.85,77.7,38.52,1.757,10.91,28.6,42.2
2023-04-21,Austin,118,27.93,66.87,66.49,41.15,1.585,10.31,26.3,23.5
2023-01-21,New York,127,28.56,69.33,61.3,44.83,2.175,14.33,23.2,42.5
2024-12-07,Los Angeles,132,29.92,67.56,61.49,48.56,2.784,17.7,4.2,75.8
2024-03-02,San Diego,110,21.82,45.93,79.76,38.28,1.734,12.3,28.2,20.4
2024-01-25,Los Angeles,147,37.47,80.79,77.28,55.63,2.812,15.62,21.1,35.0
2024-07-14,Phoenix,110,24.9,60.78,59.11,44.37,2.342,18.65,19.7,50.0
2024-04-30,Jacksonville,144,28.6,68.85,91.44,46.16,2.001,19.76,30.4,42.5
2023-06-06,Houston,111,26.62,56.48,70.86,52.6,,21.2,19.4,48.0
2024-12-12,Austin,98,23.67,47.28,49.47,33.33,1.608,15.44,8.1,69.5
2024-10-07,New York,112,22.98,58.84,44.97,29.82,2.143,15.76,1.9,
2023-11-05,San Antonio,86,19.43,40.1,63.28,40.87,1.799,11.94,11.0,75.9
2024-11-08,Los Angeles,124,28.9,60.11,53.8,54.57,2.393,20.68,1.1,96.2
2024-11-09,Dallas,113,25.64,60.67,49.66,43.87,2.174,12.47,4.3,83.5
2023-10-04,San Jose,72,15.9,27.76,35.91,43.19,,13.16,-0.2,69.1
2024-09-12,Jacksonville,109,25.75,64.74,62.08,36.81,2.105,15.44,-5.0,93.6
2023-05-21,San Antonio,,25.57,62.34,66.6,42.14,1.952,13.46,21.7,57.1
2023-04-18,Dallas,141,31.35,81.28,82.84,45.78,,17.58,27.0,19.1
2024-09-24,Los Angeles,110,25.46,54.25,71.12,51.83,2.5,17.91,8.8,84.8
2023-10-17,Los Angeles,101,24.19,55.18,53.23,58.21,2.779,14.57,-3.9,70.9
2023-04-19,San Diego,108,21.87,50.25,83.6,31.36,1.662,13.43,32.6,24.2
2023-07-23,San Jose,93,23.21,42.33,46.63,36.73,1.802,16.91,7.9,63.4
2023-07-24,Fort Worth,91,22.37,38.95,69.47,32.34,1.985,15.74,14.6,51.6
2023-09-27,Columbus,99,22.56,47.29,38.53,35.86,2.091,15.37,3.9,89.9
2024-06-19,Houston,109,30.75,64.41,78.33,53.0,2.49,13.15,24.0,42.0
2024-01-02,Jacksonville,124,28.54,62.3,60.18,29.66,1.797,,20.5,64.0
2024-02-24,Phoenix,133,32.6,77.55,104.55,45.19,2.851,15.18,36.4,46.2
2023-06-14,New York,116,26.81,60.76,68.6,46.94,2.469,20.02,19.6,50.8
2024-07-15,San Diego,108,25.59,63.04,43.93,35.03,0.984,13.79,15.8,55.7
2023-08-01,Jacksonville,85,20.69,38.45,64.16,36.69,2.079,16.02,2.6,79.0
2024-05-07,Philadelphia,125,30.25,67.48,86.43,46.59,2.906,19.21,29.3,33.6
2023-08-29,New York,96,20.41,46.63,49.69,49.98,1.894,13.23,,82.9
2023-01-14,Austin,119,26.14,60.54,66.44,27.71,1.712,12.66,22.7,67.4
2023-04-02,Charlotte,99,26.73,59.18,79.52,39.84,1.793,10.12,29.9,37.4
2023-04-24,Columbus,126,30.36,62.33,86.55,33.85,1.636,12.64,31.5,51.2
2024-08-10,Austin,75,20.69,43.4,59.71,42.48,1.509,14.68,2.8,73.4
2024-05-20,Chicago,133,30.28,73.95,67.33,38.78,2.349,16.2,22.6,44.7
2023-04-03,Fort Worth,126,31.59,69.5,91.41,37.13,1.852,17.12,36.3,28.2
2024-06-07,Los Angeles,174,37.97,85.66,70.2,50.47,2.572,22.36,22.3,48.1
2023-04-14,Charlotte,119,20.8,46.06,94.01,35.63,1.963,15.72,35.8,37.8
2023-09-20,Austin,93,21.72,42.41,51.36,30.78,1.48,13.54,-4.4,93.7
2023-08-25,San Diego,77,17.27,40.16,57.09,36.66,1.771,9.2,1.0,76.9
2023-10-31,Phoenix,114,26.9,61.5,60.7,57.4,2.705,166.26,1.0,72.5
2024-04-20,New York,153,30.55,,85.07,37.16,2.413,18.81,25.4,28.0
2023-04-13,Columbus,128,29.23,66.08,79.44,38.75,1.652,10.1,28.7,38.7
2023-06-28,Columbus,101,21.91,49.62,61.96,37.33,2.06,10.2,16.3,50.2
2023-02-10,Columbus,102,25.3,57.08,59.51,39.54,2.436,19.86,26.4,54.8
2023-10-25,Philadelphia,,24.3,56.83,56.43,37.94,2.084,19.64,-3.3,87.2
2024-11-24,Philadelphia,100,22.03,52.79,71.14,42.74,2.659,17.87,,58.6
2024-03-12,Jacksonville,128,23.48,54.12,89.19,38.74,2.347,14.3,33.2,27.9
2023-04-29,Los Angeles,169,38.54,93.44,69.0,54.55,2.854,17.23,18.6,34.8
2023-02-16,New York,128,29.68,67.17,73.49,45.81,2.28,18.64,22.7,46.5
2023-05-22,Austin,112,,54.67,78.93,40.53,1.514,18.38,19.3,56.1
2024-10-24,Chicago,135,29.01,,43.3,50.46,2.336,19.98,5.4,77.5
2023-12-03,Philadelphia,94,19.69,49.63,64.01,47.21,2.63,14.46,9.6,53.7
2024-03-24,San Jose,118,26.2,67.4,77.93,38.99,1.597,9.24,31.1,41.6
2023-10-02,Charlotte,89,22.89,44.08,46.49,41.85,2.081,20.29,8.4,77.7
2023-04-06,Philadelphia,143,31.87,60.32,95.62,37.55,2.308,14.84,30.4,39.5
2023-12-17,Chicago,109,21.43,55.84,68.35,46.41,2.706,,14.3,55.2
2023-04-27,San Antonio,157,25.53,60.78,110.81,41.64,2.062,10.57,,
2024-02-14,San Diego,106,22.1,41.84,,40.07,1.959,16.52,28.0,37.8
2023-10-06,Columbus,88,18.42,50.56,57.97,48.78,2.157,13.9,2.1,94.6
2024-01-30,Jacksonville,95,21.14,39.52,55.15,36.08,2.31,11.05,23.1,58.9
2024-05-04,Fort Worth,117,26.9,65.03,96.26,52.17,2.135,14.68,38.0,22.6
2024-03-07,Austin,101,23.94,52.53,64.11,33.76,1.8,14.4,18.0,43.2
2023-06-20,Los Angeles,156,36.4,82.41,63.08,59.29,2.836,16.97,12.0,53.7
2023-05-16,Jacksonville,109,21.7,52.99,61.34,37.54,1.563,15.92,24.1,
2023-03-02,Columbus,,21.68,45.38,94.35,35.29,,14.05,31.1,25.1
2023-06-13,Los Angeles,132,32.07,70.8,65.02,44.26,2.469,16.52,17.4,50.7
2024-03-02,Charlotte,112,22.39,53.76,87.08,39.13,1.859,10.6,33.7,41.9
2024-08-27,San Diego,62,20.38,46.26,40.46,33.97,2.327,10.89,-2.2,86.6
2024-08-05,Austin,97,24.56,40.1,47.33,38.95,1.692,9.91,-0.1,95.3
2024-03-24,Chicago,,27.62,56.88,87.83,42.43,2.015,11.27,29.0,35.5
2023-06-02,Charlotte,122,27.76,58.13,75.47,46.25,1.855,12.72,23.5,38.1
2024-09-17,San Antonio,102,24.58,51.23,57.86,41.98,2.104,,2.8,95.3
2024-01-03,San Jose,109,24.62,51.99,53.83,,1.695,10.05,9.9,58.5
2023-01-30,Columbus,102,24.47,43.92,64.33,33.74,2.225,16.14,22.7,33.2
2024-12-01,Charlotte,95,21.19,57.28,62.13,40.2,1.721,18.97,7.7,83.1
2023-05-14,San Diego,113,29.24,58.47,64.75,36.44,1.65,10.47,28.4,33.3
2024-05-14,Los Angeles,162,38.95,77.78,80.4,54.91,2.519,24.95,30.3,28.1
2024-02-26,San Diego,109,27.2,67.39,78.34,33.21,2.075,14.95,34.9,34.8
2023-02-17,Los Angeles,137,33.28,80.63,74.87,49.24,3.124,20.92,21.3,37.1
2023-09-25,Austin,76,24.05,52.07,45.79,47.48,1.508,15.19,6.1,95.4
2023-11-18,New York,106,25.01,53.48,68.02,,2.925,13.96,7.7,74.6
2024-12-22,Columbus,104,25.3,60.06,61.69,30.8,1.705,16.73,23.2,48.4
2024-11-25,Dallas,85,18.79,39.19,51.56,48.46,2.191,22.78,8.1,40.5
2024-08-13,Jacksonville,115,25.69,45.65,58.95,36.39,1.457,,9.6,95.3
2024-08-01,Houston,136,26.6,57.93,61.95,47.09,2.304,19.15,8.7,44.3
2024-11-16,Columbus,96,24.28,51.74,43.13,35.38,1.933,10.94,7.7,88.5
2023-12-13,Dallas,118,28.8,53.02,60.52,44.24,2.235,18.69,8.3,71.2
2024-06-19,Jacksonville,115,25.01,50.38,66.73,38.75,1.278,16.13,13.0,60.7
2024-12-18,San Jose,114,25.8,42.02,50.61,30.11,1.989,14.75,1.1,65.6
2023-04-08,San Antonio,95,25.97,67.39,88.78,39.25,2.079,20.56,25.4,49.8
2024-11-08,Jacksonville,91,21.7,50.12,57.58,38.25,1.776,,8.9,86.3
2023-09-12,San Diego,89,22.82,47.86,42.37,37.21,1.856,12.91,4.4,82.3
2023-12-21,Austin,109,26.84,59.58,47.52,43.51,2.075,14.56,11.5,67.5
2024-11-23,Austin,,26.47,60.51,59.91,36.58,1.398,18.77,1.4,87.1
2024-01-30,Chicago,150,31.41,72.06,63.34,50.36,2.541,15.4,16.4,69.0
2024-07-25,Charlotte,91,22.77,47.72,69.7,49.57,2.241,11.7,8.5,77.1
2024-09-19,New York,105,28.09,54.66,50.08,44.23,2.16,14.89,-3.1,70.1
2023-01-12,Austin,86,20.94,43.73,58.02,43.06,1.529,13.9,12.2,50.1
2023-06-10,Dallas,100,25.57,50.0,57.72,48.14,2.573,14.06,21.5,44.3
2024-04-25,Columbus,134,31.35,64.52,77.93,43.2,2.207,15.36,19.9,59.3
2024-05-22,Columbus,118,28.85,70.15,70.01,40.22,2.419,8.75,23.4,58.3
2023-06-19,Los Angeles,134,31.12,65.58,85.92,54.25,2.474,19.26,27.4,44.7
2024-05-18,Philadelphia,,28.54,65.54,97.52,47.81,2.053,14.76,29.0,66.2
2023-09-04,Philadelphia,110,21.98,53.17,72.08,48.79,1.858,10.6,-0.8,94.9
2023-10-12,New York,132,29.05,53.02,51.06,46.38,2.23,13.49,3.3,79.0
2024-06-03,Houston,98,28.15,56.66,83.65,57.85,2.765,16.5,27.9,39.1
2024-07-17,Austin,89,23.26,46.84,63.65,37.29,2.015,15.88,7.1,74.6
2024-01-23,San Antonio,109,22.46,38.91,69.98,47.78,2.688,23.34,31.2,45.4
2023-08-29,Los Angeles,87,22.4,46.17,62.41,51.43,2.957,16.22,-1.7,86.2
2024-04-15,San Diego,99,22.07,44.93,70.42,30.65,1.982,14.34,27.3,34.5
2024-08-09,San Diego,87,18.93,44.13,46.69,36.84,1.595,6.09,5.8,76.0
2023-04-01,Columbus,128,28.31,61.86,95.86,34.81,1.727,15.55,34.7,32.5
2024-05-25,San Diego,103,24.83,50.06,56.36,30.2,2.126,21.13,21.7,47.8
2023-11-20,Los Angeles,103,25.67,52.92,74.47,53.31,2.564,20.07,-2.1,
2024-05-24,Jacksonville,104,20.94,50.81,62.11,39.09,1.891,13.44,14.4,36.5
2024-10-31,New York,88,24.3,46.22,55.37,42.95,1.737,12.88,-2.0,89.9
2023-04-16,San Antonio,112,25.34,61.46,104.09,44.21,2.684,23.49,39.1,24.1
2024-02-27,New York,137,35.32,76.3,97.57,42.36,2.479,14.3,33.2,49.5
2024-07-24,Dallas,130,28.58,46.07,54.08,48.91,1.92,12.66,15.6,65.6
2023-01-01,Columbus,67,18.09,37.76,62.37,36.93,1.951,13.03,13.3,59.2
2023-04-04,Fort Worth,132,28.06,68.85,87.88,38.24,2.218,16.22,33.0,39.5
2024-09-10,San Jose,100,25.73,43.04,62.18,38.11,1.691,14.36,2.5,95.0
2024-10-14,Phoenix,127,29.16,58.19,59.75,39.32,2.573,15.84,-3.7,86.4
2024-06-04,Dallas,115,27.81,57.11,62.81,47.36,2.126,18.89,23.3,52.2
2023-07-31,Austin,97,22.84,49.55,54.84,32.43,1.342,16.39,-0.4,81.8
2024-11-18,San Diego,72,16.29,34.22,48.23,25.43,1.784,14.59,3.4,70.0
2023-12-16,Philadelphia,119,28.34,64.6,60.39,44.4,2.08,10.71,14.1,56.2
2023-02-25,Columbus,148,34.3,68.67,72.33,33.96,2.034,16.24,20.6,44.9
2023-08-17,Columbus,121,30.23,54.59,50.73,48.99,1.521,13.89,3.3,77.0
2024-04-10,Philadelphia,134,34.14,75.22,80.46,39.44,2.17,14.91,25.5,49.3
2024-07-27,Fort Worth,103,26.53,,47.56,36.69,2.038,15.29,10.6,76.6
2024-09-26,San Jose,75,16.21,40.12,52.69,35.75,1.812,13.52,-6.3,94.1
2024-04-29,Jacksonville,79,20.67,34.08,62.56,38.32,1.752,20.43,25.4,34.7
2024-11-03,Philadelphia,108,26.69,53.41,58.81,54.67,2.412,20.97,-6.3,93.5
2024-04-08,Los Angeles,137,33.79,70.45,111.07,45.18,2.687,25.15,33.1,35.7
2023-04-10,Fort Worth,117,29.58,62.92,70.2,53.68,1.786,16.9,21.4,21.8
2024-11-05,Houston,103,26.34,42.17,63.59,51.46,3.22,16.05,6.5,68.3
2023-01-03,Philadelphia,84,20.2,40.2,63.34,43.9,1.845,19.15,16.3,40.7
2023-12-30,Columbus,111,26.07,53.92,74.88,40.5,1.939,9.69,19.1,50.0
2024-10-10,Fort Worth,95,21.74,43.21,60.65,39.87,1.679,15.62,-0.2,94.7
2023-10-26,Dallas,115,27.65,51.83,67.28,34.84,2.363,22.92,3.2,97.1
2024-06-18,Philadelphia,123,29.04,62.16,62.04,50.36,2.435,13.27,23.7,71.3
2024-12-19,Los Angeles,140,33.55,66.98,58.98,52.41,3.002,21.89,12.5,69.2
2023-02-16,Charlotte,136,,68.2,63.69,40.16,2.592,11.34,16.8,32.9
2023-06-18,San Diego,86,18.58,45.08,58.71,36.06,1.475,17.67,17.9,58.4
2023-05-24,Columbus,108,25.93,62.47,71.89,40.63,2.077,13.85,27.7,31.1
2024-02-24,Los Angeles,157,34.68,85.38,78.26,56.36,3.034,13.5,22.7,42.8
2023-09-18,San Jose,129,28.0,52.43,36.22,41.59,1.702,12.04,2.7,85.6
2023-07-20,Houston,152,34.39,61.61,62.5,44.57,2.642,14.09,5.8,72.7
2023-05-04,Charlotte,115,25.87,62.5,77.53,48.28,1.994,12.78,24.0,39.4
2024-02-07,Houston,146,30.74,72.59,83.19,46.77,2.391,19.52,29.8,46.0
2024-04-13,Columbus,130,27.72,60.5,106.56,38.8,1.073,24.28,33.7,29.5
2023-07-15,Jacksonville,84,20.85,38.8,46.71,,1.866,18.41,15.8,72.3
2023-12-13,Los Angeles,133,30.93,71.46,67.01,58.49,2.887,22.94,12.0,61.0
2024-02-29,New York,130,32.63,75.68,88.8,46.16,2.586,19.49,,26.8
2024-10-10,Columbus,97,19.02,37.47,56.78,41.31,1.826,14.1,1.5,93.8
2024-11-19,San Jose,84,20.86,40.67,50.79,34.61,2.173,20.21,4.7,71.5
2023-05-07,Fort Worth,127,25.38,69.3,68.72,43.01,1.817,15.25,20.4,42.6
2024-04-06,San Diego,106,23.58,51.31,91.23,31.1,2.169,16.71,35.9,12.1
2024-11-05,San Jose,116,28.15,44.54,53.9,45.42,1.96,23.03,-2.0,89.1
2024-05-31,Chicago,125,31.76,69.92,67.52,46.24,2.171,13.19,10.1,35.4
2024-05-25,New York,124,26.25,57.36,77.37,47.03,2.382,16.65,21.4,56.0
2024-06-27,Jacksonville,104,27.71,54.04,58.22,40.2,1.807,11.84,7.8,65.2
2023-02-19,Dallas,144,32.12,69.81,84.76,39.16,2.71,11.79,26.3,28.7
2023-10-13,Dallas,124,26.08,50.61,46.94,52.98,2.307,14.3,-3.0,92.3
2024-03-19,Columbus,105,25.21,55.38,76.19,38.67,2.189,10.05,28.9,25.1
2024-08-22,San Diego,70,16.9,31.63,57.99,36.78,,13.42,8.6,67.6
2024-06-04,Fort Worth,84,21.65,53.51,69.14,44.21,2.493,15.86,9.0,43.5
2023-07-01,Jacksonville,100,23.71,54.86,67.06,50.06,1.292,13.21,16.2,51.6
2024-08-15,Chicago,111,24.4,51.5,60.56,42.84,2.037,18.61,3.2,94.5
2023-05-12,Los Angeles,143,37.84,81.08,94.63,52.24,2.662,26.04,23.5,45.5
2024-02-01,Austin,96,22.16,52.31,54.23,40.95,1.432,12.62,17.6,58.6
2024-09-06,San Jose,96,20.16,46.24,42.15,37.68,1.982,13.51,11.6,76.5
2023-11-26,Dallas,104,21.65,52.57,54.91,44.13,3.373,17.27,4.8,79.0
2024-01-29,San Antonio,98,25.07,53.26,73.7,37.49,2.225,11.24,22.8,42.3
2024-09-15,Charlotte,122,23.94,50.42,56.72,34.85,1.804,13.58,2.5,86.7
2024-12-10,Fort Worth,121,30.35,56.62,57.02,45.76,1.729,16.04,6.3,75.1
2023-09-12,Phoenix,113,26.1,55.98,51.97,49.44,2.485,22.42,-4.2,89.3
2024-02-12,Philadelphia,118,,46.39,86.52,61.39,1.768,12.46,19.0,39.4
2023-10-29,San Diego,79,20.07,36.74,47.39,36.15,1.846,10.25,-7.7,82.2
2023-05-17,Chicago,141,34.33,70.18,105.2,57.26,2.557,12.18,32.3,
2024-02-27,San Jose,111,26.34,61.86,82.0,37.11,0.985,11.0,29.3,41.1
2024-12-17,Charlotte,122,28.24,63.31,54.94,38.39,2.201,16.86,6.2,73.8
2024-06-08,Phoenix,146,33.73,71.48,59.74,52.15,2.205,19.45,18.6,36.8
2024-12-19,Dallas,166,34.66,78.95,57.96,41.81,2.558,17.8,13.4,66.0
2023-11-18,Jacksonville,452,20.24,37.97,62.77,43.76,1.523,21.82,15.0,77.7
2024-07-20,Austin,94,23.27,55.34,42.47,31.84,2.243,,9.4,49.5
2023-08-11,Houston,137,30.52,65.52,63.57,54.31,2.457,17.82,9.5,82.5
2023-08-03,San Jose,113,26.05,58.66,53.73,41.44,2.181,9.91,8.1,87.3
2023-10-25,Austin,93,18.73,46.0,48.87,44.82,1.478,11.66,4.4,70.3
2023-12-20,Charlotte,83,14.88,35.07,72.89,37.59,2.181,14.35,22.6,62.2
2024-11-19,Chicago,100,26.42,58.59,59.62,50.23,2.366,21.57,6.9,77.8
2024-12-28,Austin,111,27.14,60.83,59.75,36.66,1.788,14.95,16.4,56.8
2023-07-02,Dallas,114,28.77,68.11,64.17,52.44,2.486,17.59,17.0,58.2
2024-07-09,Jacksonville,118,23.95,57.61,41.84,35.87,1.936,14.1,11.9,59.3
2024-10-14,Philadelphia,133,29.1,57.65,67.64,45.84,2.344,13.78,13.7,73.7
2024-12-28,Los Angeles,164,38.04,87.89,75.95,55.21,2.492,18.53,27.1,64.2
2023-12-27,Dallas,118,28.97,62.89,62.05,41.73,2.23,15.72,4.4,53.6
2024-05-06,San Jose,102,23.34,56.75,69.3,33.99,1.931,11.75,28.6,35.2
2024-08-07,Austin,92,23.15,49.09,51.81,39.14,1.878,14.96,6.3,93.5
2024-12-28,San Antonio,105,23.31,49.12,68.35,43.97,1.833,20.43,21.8,49.3
2024-11-21,Jacksonville,81,16.75,36.03,65.09,35.0,2.105,15.44,3.2,77.2
2024-06-30,Phoenix,110,26.02,53.2,62.79,50.01,2.63,16.99,20.8,49.9
2024-03-08,Fort Worth,122,20.59,57.49,98.1,50.6,2.326,15.72,30.7,28.3
2023-01-14,Dallas,116,28.05,65.14,83.3,53.61,1.995,12.62,16.8,66.8
2023-04-20,New York,141,32.48,71.39,86.24,44.04,1.648,,30.3,30.0
2024-01-26,Chicago,117,28.29,74.37,78.81,37.84,,,17.8,51.3
2023-02-24,Austin,101,22.8,48.67,76.88,37.96,,18.35,27.1,33.8
2023-02-27,Houston,154,32.79,81.29,85.82,49.07,2.591,23.73,31.5,50.2
2023-10-01,Fort Worth,105,22.24,42.32,63.17,51.92,2.286,19.18,-1.6,84.5
2023-06-14,Phoenix,128,28.89,66.99,69.36,45.46,2.863,16.48,19.7,70.8
2024-11-30,Phoenix,124,27.85,60.0,43.87,43.67,1.653,15.98,13.8,67.3
2023-05-30,Columbus,133,31.85,71.14,75.45,40.22,2.245,20.4,23.2,51.6
2023-03-05,Jacksonville,126,25.79,51.64,98.65,39.0,2.236,9.49,37.2,32.1
2023-10-30,Houston,100,25.61,55.75,45.0,272.87,2.582,20.15,-2.4,75.8
2024-07-08,New York,96,23.05,45.94,60.94,33.83,1.895,16.52,13.4,62.0
2024-01-03,Columbus,114,26.12,48.94,56.51,42.02,2.365,18.7,,72.7
2024-04-08,Los Angeles,141,33.88,76.08,109.75,44.74,2.609,23.53,32.1,20.1
2024-09-22,Columbus,78,19.02,45.08,50.13,38.01,1.83,9.48,3.9,94.8
2024-11-22,Jacksonville,101,24.93,46.83,45.1,38.52,2.543,12.87,3.2,67.9
2024-07-29,Columbus,95,24.94,53.1,47.64,42.77,1.891,15.47,3.5,89.2
2023-08-18,Jacksonville,80,18.89,48.87,64.53,45.12,2.107,14.25,-0.2,84.9
2024-10-24,Dallas,95,19.97,35.19,53.59,41.93,3.04,19.47,8.0,64.8
2024-02-03,Houston,123,26.6,62.8,90.02,59.4,2.532,18.4,,42.4
2024-06-07,Fort Worth,109,26.07,51.89,59.38,43.22,2.247,9.87,18.6,45.4
2024-12-13,Phoenix,120,24.96,52.27,62.98,48.93,2.698,16.97,5.3,62.4
2024-12-10,Austin,98,26.56,60.06,44.94,42.4,2.177,14.26,7.8,
2023-02-18,Charlotte,111,29.08,66.86,85.22,33.51,1.881,15.21,32.6,36.9
2024-01-26,San Antonio,142,23.91,53.02,91.1,47.64,2.076,11.51,31.4,55.3
2024-03-02,Fort Worth,,28.88,70.24,50.26,40.72,2.349,13.78,22.7,43.1
2024-12-02,Philadelphia,109,24.04,54.34,62.75,47.21,2.434,18.25,2.9,62.0
2024-07-19,New York,85,21.41,46.5,55.11,41.61,2.085,18.16,8.4,84.3
2023-01-14,Jacksonville,103,21.94,59.63,50.41,39.31,1.899,17.11,14.4,65.9
2023-09-15,Houston,104,27.02,63.02,47.7,47.41,2.156,12.79,-0.4,82.3
2024-09-27,Columbus,85,,41.05,41.08,45.69,2.231,15.12,-0.4,74.3
2024-03-29,Columbus,101,25.47,48.26,68.95,39.55,2.219,15.67,31.0,37.3
2023-08-19,Charlotte,91,25.29,51.97,56.69,38.54,,12.0,4.6,82.0
2024-10-10,Jacksonville,101,23.24,419.76,53.67,41.82,1.82,18.54,-1.2,78.3
2024-12-27,Austin,,24.23,51.68,62.92,33.72,2.031,13.33,19.2,54.9
2024-01-12,Fort Worth,135,30.55,76.16,60.91,51.02,1.959,18.65,16.7,61.7
2024-08-25,Dallas,103,23.04,54.4,45.13,42.84,2.514,16.06,8.8,85.6
2024-09-09,Houston,111,22.38,58.78,68.71,52.63,3.556,16.25,3.8,80.5
2023-07-18,Phoenix,93,21.45,47.94,68.39,42.05,2.971,19.24,13.4,71.1
2024-04-04,Chicago,136,29.44,55.99,101.25,41.66,2.225,13.68,34.6,24.0
2024-11-30,Los Angeles,128,31.84,67.26,72.72,53.76,3.255,16.82,7.1,67.1
2023-07-11,Chicago,113,27.49,59.14,58.32,37.72,2.268,21.98,6.2,65.2
2024-06-10,Los Angeles,136,31.01,78.76,72.89,51.89,3.009,17.08,20.6,35.9
2024-01-22,New York,117,27.18,54.87,66.97,46.5,2.453,,22.1,39.2
2024-03-14,Phoenix,146,34.09,80.92,103.96,47.91,,20.03,29.5,47.8
2024-07-23,Phoenix,121,22.69,57.87,64.96,47.02,1.956,14.45,11.1,76.6
2023-05-14,Chicago,117,29.97,62.76,76.22,47.98,1.887,16.63,25.4,37.3
2024-08-21,Columbus,91,21.04,44.31,49.72,47.93,1.884,19.89,3.5,59.6
2023-09-19,New York,97,24.68,45.65,59.05,40.99,1.758,19.58,3.5,80.3
2023-12-05,San Diego,78,18.49,35.47,62.8,36.49,1.885,18.39,2.6,68.9
2024-12-27,Charlotte,84,23.29,44.6,71.72,45.41,1.828,13.03,19.1,76.6
2023-06-08,New York,138,32.11,68.65,69.93,45.27,2.106,20.31,22.4,48.7
2023-06-07,Charlotte,127,29.81,72.58,50.31,39.87,2.238,21.69,17.6,49.4
2023-11-27,San Jose,98,25.24,49.45,47.89,34.89,1.81,11.24,5.8,84.4
2023-02-22,Fort Worth,120,27.47,61.95,89.1,44.89,2.127,12.1,26.7,42.4
2024-10-02,San Jose,77,14.02,29.3,53.96,34.42,1.306,12.94,12.8,76.9
2024-11-08,Phoenix,100,26.57,56.65,48.36,43.05,2.786,21.29,-3.0,73.7
2024-05-17,Fort Worth,116,29.31,62.81,77.44,41.67,2.202,16.89,23.7,49.1
2024-08-09,Dallas,120,29.73,66.15,62.13,45.99,2.544,12.89,-2.5,90.9
2024-01-02,Los Angeles,130,30.13,68.79,75.53,52.05,2.475,19.42,16.1,52.1
2024-12-25,Philadelphia,125,28.53,41.51,71.88,41.76,1.807,12.04,17.8,70.4
2024-06-22,Houston,125,29.98,73.68,64.93,49.0,3.041,18.38,14.7,73.4
2023-07-08,Dallas,109,24.82,53.22,62.08,41.69,1.532,13.85,11.1,65.1
2023-03-11,Fort Worth,140,28.9,74.74,72.74,36.98,1.814,18.14,24.8,27.3
2024-06-01,Chicago,145,35.87,79.42,60.44,52.14,2.437,12.41,21.3,53.1
2024-03-01,Dallas,125,31.92,63.68,91.92,48.2,2.276,17.11,31.0,39.3
2024-07-03,San Antonio,95,21.51,46.3,47.24,40.67,1.889,14.09,10.4,62.4
2023-04-05,Philadelphia,127,27.63,61.48,99.64,45.57,2.415,10.01,36.2,41.2
2023-08-15,Charlotte,81,19.42,42.08,62.5,46.6,2.009,16.2,2.8,61.8
2023-08-07,Austin,65,15.75,32.06,39.54,40.75,1.961,13.63,3.5,76.9
2023-12-06,Philadelphia,107,26.03,58.57,55.47,40.21,2.318,16.6,15.0,70.6
2024-01-05,Phoenix,143,29.53,72.57,67.67,52.0,2.556,17.71,14.2,59.3
2023-08-12,Fort Worth,104,25.6,50.69,55.31,46.84,2.694,20.23,18.1,70.3
2024-09-25,Dallas,103,23.17,58.54,59.39,35.96,2.215,18.53,-3.9,73.2
2024-05-01,Dallas,119,31.08,63.6,87.07,42.03,2.104,13.94,30.9,33.8
2024-10-26,New York,109,24.97,51.74,56.81,49.75,2.478,15.64,5.1,61.0
2023-04-28,Austin,97,26.02,57.7,71.21,39.65,1.128,18.66,29.3,27.6
2023-12-21,San Diego,81,17.97,33.66,49.02,34.18,1.415,11.55,5.8,69.5
2023-09-04,Charlotte,100,24.2,57.98,56.26,43.0,2.032,11.13,2.2,94.8
2024-10-19,San Jose,74,17.26,27.73,44.05,34.42,2.075,15.01,3.2,93.9
2024-09-28,Houston,89,21.54,49.07,49.29,55.93,2.503,18.03,-3.4,68.8
2023-02-10,Austin,103,25.45,60.06,61.86,45.11,1.325,15.28,,40.1
2024-04-16,Columbus,115,23.95,55.9,78.25,40.07,1.793,13.5,36.5,32.0
2023-11-25,San Antonio,116,28.2,63.84,52.68,33.0,2.245,15.6,-6.5,86.0
2023-04-27,San Antonio,122,29.36,62.64,96.05,40.29,2.789,16.43,33.3,34.1
2023-09-20,Dallas,122,28.2,62.91,52.49,40.66,2.488,20.24,-5.4,95.9
2023-10-17,New York,103,26.63,51.59,53.37,42.9,1.913,13.96,-0.9,96.3
2024-06-13,Columbus,100,20.16,46.27,44.93,34.33,1.757,13.1,20.2,55.6
2024-01-19,Dallas,128,30.66,65.54,62.84,44.62,2.373,16.91,26.1,57.4
2024-06-04,San Diego,109,20.12,47.14,57.92,40.68,1.526,14.86,22.3,50.3
2024-05-13,New York,138,34.14,79.2,98.68,50.08,1.935,13.79,28.0,50.9
2023-10-31,Charlotte,75,19.95,46.4,33.37,38.88,1.358,14.74,-2.9,91.5
2024-10-29,Houston,96,20.08,55.63,55.44,47.12,1.959,14.27,2.5,73.4
2023-11-25,Dallas,111,29.33,62.21,55.34,43.56,1.813,,13.7,91.7
2023-03-26,Los Angeles,152,36.05,79.37,114.99,53.18,3.563,21.42,32.2,35.3
2023-06-21,Fort Worth,132,30.81,64.1,54.5,44.44,1.954,13.35,14.5,68.4
2024-07-04,Dallas,149,30.45,64.45,49.37,42.31,2.307,15.07,18.6,66.3
2023-01-08,Austin,92,,51.21,33.34,33.47,2.431,10.47,4.7,48.8
2023-03-09,Houston,139,33.78,70.73,89.11,49.04,2.773,17.92,31.5,29.8
2024-11-17,Austin,142,,73.56,44.92,35.35,1.86,16.05,8.9,82.3
2023-08-07,Columbus,112,25.13,53.56,61.55,35.57,1.953,11.2,,62.5
2024-12-02,San Antonio,123,28.57,56.78,65.09,42.44,1.674,17.77,13.8,66.8
2023-04-17,Houston,153,39.07,81.62,105.48,47.3,2.089,13.1,33.2,41.5
2024-07-04,Columbus,93,20.41,49.81,72.98,42.04,2.012,16.05,16.0,64.8
2024-12-20,Charlotte,116,25.79,54.96,66.57,44.63,2.458,13.91,10.7,69.0
2024-03-21,Austin,120,25.6,64.42,85.72,34.0,1.913,13.37,32.8,34.0
2023-03-15,Jacksonville,98,21.76,42.91,65.84,38.3,,10.96,24.7,20.2
2024-12-03,Chicago,103,24.89,60.24,58.88,37.61,2.546,13.62,-2.1,79.5
2023-01-25,San Diego,89,22.59,39.08,70.84,34.85,2.052,10.7,17.8,53.1
2023-12-06,New York,106,24.11,58.15,57.46,44.22,2.337,16.16,4.6,68.0
2023-03-31,Los Angeles,159,37.28,85.87,107.38,48.65,2.308,23.74,36.5,34.9
2023-02-25,Chicago,134,25.02,70.46,98.49,41.41,2.77,15.59,28.1,59.5
2023-09-15,Dallas,106,24.55,39.62,45.72,50.21,2.594,20.87,-7.3,90.3
2023-03-14,San Jose,104,23.7,60.44,69.29,32.14,1.736,7.63,24.0,49.7
2023-08-22,Charlotte,96,23.37,53.82,71.81,39.47,2.596,21.55,5.3,93.0
2023-09-22,San Antonio,79,,42.84,53.8,40.96,1.865,10.88,0.7,84.2
2024-02-02,San Diego,115,27.95,59.54,51.31,32.5,1.173,12.51,19.1,54.4
2024-10-07,San Antonio,80,22.75,49.99,50.91,46.95,1.57,12.82,8.3,83.3
2024-03-19,Philadelphia,129,32.27,71.57,83.92,42.45,1.881,15.49,30.4,25.3
2023-01-18,San Antonio,119,27.4,52.68,52.73,40.78,2.218,18.98,23.4,57.1
2024-11-20,Los Angeles,120,31.46,65.02,68.26,56.21,2.709,23.82,2.3,77.7
2024-07-01,New York,116,29.37,50.25,57.08,44.73,2.312,19.6,15.0,62.3
2024-10-18,Jacksonville,,23.29,50.39,56.27,39.87,1.906,7.47,,94.3
2024-09-25,Los Angeles,99,24.26,60.79,52.06,59.43,2.772,21.8,0.3,90.0
2024-08-22,New York,99,23.58,40.72,44.72,44.07,2.259,13.94,-1.4,94.5
2024-12-18,Columbus,83,20.15,41.26,62.7,31.12,1.653,17.15,9.9,68.7
2023-03-16,Philadelphia,119,26.26,60.72,93.87,44.21,1.849,19.08,33.5,16.1
2024-05-29,Los Angeles,,27.99,74.52,83.35,50.34,2.416,17.86,21.5,58.5
2023-10-24,Fort Worth,90,22.88,54.68,52.75,49.61,2.709,15.39,6.0,73.2
2024-12-03,Phoenix,85,24.21,51.19,61.19,51.32,2.378,22.81,6.1,63.6
2024-09-13,Los Angeles,123,31.25,66.73,78.77,,3.078,19.92,-5.3,96.5
2023-10-16,Fort Worth,102,22.76,48.98,49.6,42.76,1.86,17.71,-1.9,93.2
2024-03-24,San Antonio,102,24.99,49.21,80.16,44.17,2.339,19.52,29.2,40.4
2024-02-09,Columbus,107,24.42,58.82,84.26,34.53,1.927,12.88,25.9,52.3
2024-11-07,New York,82,21.5,55.06,59.8,44.97,2.397,15.72,,59.4
2024-04-30,Chicago,115,28.53,61.21,79.89,46.01,2.55,16.35,26.5,30.7
2024-06-30,Houston,150,34.99,71.3,60.71,52.62,3.401,14.99,,57.5
2023-05-20,Jacksonville,116,19.01,40.08,90.63,36.89,2.165,15.37,,28.1
2024-02-05,Fort Worth,134,28.69,72.84,70.24,30.07,2.411,10.55,27.0,30.9
2024-07-12,Phoenix,104,,56.59,81.05,54.43,2.18,20.91,12.4,53.7
2024-10-11,Chicago,124,28.72,62.6,57.11,55.49,2.254,16.04,-0.4,92.9
2023-11-02,Austin,105,22.61,42.52,41.64,40.72,1.549,15.8,2.0,
2024-10-25,Philadelphia,112,23.97,56.61,51.32,40.04,1.916,15.38,0.9,93.9
2023-01-12,Dallas,105,28.64,60.28,71.37,56.62,1.704,12.51,22.0,61.2
2024-07-22,Chicago,102,27.06,49.42,60.61,40.04,2.661,11.69,11.4,81.2
2023-05-07,New York,118,27.14,67.36,77.5,36.79,2.333,14.38,30.0,20.8
2023-01-06,San Jose,117,25.77,45.94,61.72,35.9,2.212,13.8,15.0,51.8
2024-09-02,San Antonio,95,20.06,46.99,54.43,46.66,1.726,19.27,-2.4,62.7
2024-07-04,Dallas,143,33.04,74.28,,53.57,1.616,16.21,19.0,67.8
2023-03-29,Phoenix,128,29.83,58.89,93.33,46.32,2.653,14.38,27.9,34.9
2023-08-04,Jacksonville,90,25.58,50.47,56.3,29.83,1.968,19.18,-0.7,92.8
2023-12-19,Houston,109,32.68,71.98,72.79,57.5,2.216,,8.3,69.4
2024-02-27,Charlotte,113,28.97,63.07,68.66,30.71,1.457,10.05,30.9,30.2
2024-10-23,Columbus,99,23.62,34.5,48.79,38.93,1.822,18.44,6.2,72.2
2024-06-08,Chicago,118,25.64,50.22,69.39,47.67,2.01,15.5,22.3,48.9
2023-06-14,Chicago,103,24.38,55.31,40.76,57.99,,15.16,16.1,68.5
2023-08-15,San Jose,127,27.63,61.91,54.76,38.7,1.654,9.75,7.2,86.9
2023-09-16,Houston,123,28.54,59.16,52.12,47.87,2.778,14.42,-0.6,94.2
2023-04-28,Chicago,129,31.29,72.78,76.5,46.8,2.311,12.97,21.7,57.1
2024-11-18,Fort Worth,102,23.41,57.84,49.61,45.51,2.499,18.41,1.3,76.8
2024-08-03,Columbus,115,23.42,49.4,50.29,44.16,2.039,13.08,4.8,63.1
2023-02-25,Columbus,110,25.57,64.44,75.92,40.5,2.254,13.65,,55.3
2024-07-16,San Diego,71,12.5,,48.66,38.67,1.966,21.57,13.4,72.4
2024-10-22,Dallas,96,21.95,45.99,58.01,45.62,,12.9,5.0,80.1
2023-03-16,Phoenix,155,34.57,83.02,82.45,40.8,2.538,18.68,23.9,59.3
2024-11-18,Los Angeles,119,,69.62,56.16,57.73,2.946,20.36,2.4,59.0
2023-09-14,Los Angeles,114,26.54,59.62,68.57,47.11,2.797,17.9,5.4,95.1
2023-07-22,Jacksonville,94,24.72,49.87,55.21,44.41,2.137,10.39,13.8,68.9
2024-08-17,San Diego,78,18.89,41.54,41.46,24.88,1.806,11.5,7.6,56.4
2023-12-05,Philadelphia,106,23.84,46.16,55.99,48.49,2.11,19.51,0.2,69.3
2023-05-12,Austin,91,24.64,55.95,69.4,40.67,2.337,10.5,,38.6
2024-11-02,Houston,121,27.08,61.26,56.67,51.57,2.623,23.8,7.1,91.8
2023-04-13,Phoenix,118,30.15,66.79,96.5,45.16,2.592,15.92,27.4,42.3
2024-09-26,Los Angeles,135,28.01,77.57,56.02,51.97,2.676,20.66,-3.9,94.0
2023-07-18,Philadelphia,95,22.99,45.14,63.86,47.11,2.082,20.25,13.3,79.4
2024-09-18,San Jose,97,24.01,57.73,58.17,31.16,2.372,11.61,3.9,92.6
2024-05-12,San Diego,107,21.96,53.6,95.09,35.26,2.433,11.9,34.0,10.0
2023-12-03,San Jose,113,29.11,58.46,37.99,41.13,1.63,17.75,,75.0
2024-11-06,Phoenix,102,23.39,47.95,56.93,43.91,2.17,12.32,3.3,78.7
2024-12-11,San Jose,112,25.43,53.45,57.61,22.39,1.251,11.17,17.2,61.4
2023-06-06,San Jose,107,25.22,50.11,64.25,40.54,1.589,16.66,25.6,52.2
2024-08-03,Philadelphia,84,25.05,46.47,47.68,38.02,1.927,13.63,15.3,65.4
2023-11-20,San Antonio,104,16.65,27.31,68.49,38.37,1.987,15.3,1.3,96.2
2023-06-22,New York,114,29.57,59.33,56.91,40.66,2.006,13.89,22.2,59.3
2023-11-17,Houston,115,24.08,59.86,64.28,48.39,2.895,13.53,2.8,93.6
2023-08-15,Jacksonville,81,20.16,47.35,56.19,38.25,2.017,7.75,2.6,73.6
2024-10-18,San Antonio,105,20.28,57.33,48.36,39.89,2.115,15.76,-2.6,94.7
2023-10-11,Columbus,87,21.0,47.26,63.93,,2.175,16.75,5.2,83.3
2024-01-04,Chicago,103,27.2,56.97,58.07,44.39,2.411,16.61,18.3,44.2
2024-11-26,Jacksonville,60,18.69,36.17,56.46,30.57,2.287,19.51,12.8,53.2
2023-12-06,Charlotte,108,25.52,51.15,48.54,34.03,2.39,10.44,4.7,81.4
2024-05-06,San Diego,97,21.84,52.98,73.26,31.47,1.549,14.68,33.4,34.2
2024-04-01,Philadelphia,112,27.82,58.44,68.68,44.41,2.043,13.31,21.2,33.9
2023-11-09,San Diego,105,24.57,46.77,36.75,32.25,2.004,18.21,-0.2,94.4
2024-07-18,Los Angeles,131,32.19,68.74,48.85,49.91,2.833,20.49,8.7,82.3
2023-06-29,Austin,109,23.33,50.72,63.29,49.2,1.455,10.11,22.8,47.9
2024-09-13,Los Angeles,132,28.4,56.51,48.17,57.12,2.692,20.5,5.0,
2023-10-15,Columbus,96,23.96,36.58,66.87,43.23,2.046,,7.8,87.0
2023-05-24,Charlotte,107,29.31,63.05,69.13,38.69,2.329,14.51,23.9,51.3
2024-07-05,Houston,140,27.52,69.19,73.03,50.06,2.838,21.57,22.8,53.4
2023-09-27,Jacksonville,99,24.32,48.57,51.58,31.4,2.191,11.45,-7.3,91.6
2024-10-03,Los Angeles,87,22.44,56.67,48.76,55.14,3.037,21.1,8.2,95.1
2023-03-19,Charlotte,127,31.3,67.93,,36.98,2.145,14.58,34.9,53.2
2023-01-20,Columbus,107,26.85,58.53,65.04,41.22,1.548,17.84,19.5,56.8
2024-06-03,Austin,80,15.8,40.17,55.99,30.81,1.731,6.1,22.5,42.4
2023-02-01,Columbus,120,28.16,62.38,76.63,39.65,2.157,18.61,,57.6
2024-08-18,San Jose,87,24.12,40.34,52.11,42.97,2.567,11.73,-2.2,66.6
2024-02-19,Fort Worth,148,33.15,73.59,65.68,46.66,2.943,16.33,23.2,45.4
2024-08-27,Houston,114,29.57,58.95,49.22,55.13,2.588,19.65,-0.7,76.9
2023-02-07,Dallas,138,30.46,67.95,79.08,46.61,2.241,17.58,26.3,22.7
2023-09-24,Dallas,88,20.11,32.45,63.15,46.13,2.829,16.77,6.2,89.5
2024-07-06,San Diego,97,22.54,40.29,61.76,39.11,1.516,12.72,3.3,76.8
2024-10-31,Fort Worth,108,22.58,41.82,47.78,46.11,2.1,13.0,-3.5,93.6
2023-06-02,Philadelphia,109,23.62,54.0,86.45,45.31,2.861,20.42,34.1,54.7
2024-02-06,Houston,153,37.14,72.68,78.59,46.09,2.862,18.2,25.0,50.9
2024-08-26,Jacksonville,105,27.39,54.72,42.72,44.97,1.649,12.45,5.1,96.0
2023-10-25,Chicago,84,21.83,43.74,67.51,46.27,2.293,16.79,0.7,86.1
2024-04-20,Dallas,127,33.14,75.79,84.64,51.81,2.486,17.16,29.5,36.9
2024-06-06,Los Angeles,147,33.61,76.36,79.04,55.37,3.141,,22.8,67.9
2024-02-11,Philadelphia,109,25.83,59.17,87.01,45.95,1.636,16.38,20.1,44.2
2024-05-29,New York,90,19.94,39.94,82.93,58.33,2.077,21.3,20.8,35.9
2024-11-09,Houston,101,25.3,56.96,63.46,49.3,2.679,17.88,5.9,75.2
2024-09-20,Austin,93,19.16,43.86,45.95,38.02,1.919,15.44,-1.0,95.2
2023-06-19,Fort Worth,140,29.74,62.64,51.02,40.42,2.348,15.61,14.7,70.1
2024-06-10,Chicago,114,29.75,66.96,56.85,44.75,2.256,17.62,10.2,56.8
2024-04-01,Chicago,138,29.03,62.78,80.96,52.04,2.199,15.57,30.2,40.2
2023-07-03,San Jose,100,20.31,49.24,56.84,38.62,2.035,11.29,10.7,69.4
2024-08-02,Austin,124,26.33,55.51,54.77,,1.409,10.79,-4.5,72.0
2023-05-30,Jacksonville,132,30.38,65.2,68.71,34.15,1.692,15.39,26.6,45.5
2024-05-10,Philadelphia,135,31.16,71.84,78.26,44.08,2.077,13.22,23.5,20.5
2023-02-11,Houston,141,35.63,76.96,98.96,46.02,2.248,19.73,36.0,37.1
2024-05-14,Houston,149,35.61,85.06,112.45,53.84,2.777,23.75,37.2,42.1
2023-03-06,Phoenix,153,33.17,79.56,78.27,50.86,2.418,19.11,24.9,35.7
2024-01-14,Houston,135,30.25,59.69,52.33,56.77,2.514,21.35,16.9,50.7
2023-10-11,New York,95,23.7,54.21,56.06,43.85,2.094,14.66,-7.0,96.4
2023-02-13,Austin,89,21.66,48.79,68.78,44.34,1.518,11.85,25.6,38.1
2023-07-31,Dallas,112,24.66,55.02,69.58,43.33,2.642,20.31,8.3,87.7
2024-01-05,San Antonio,121,24.92,56.34,72.39,36.89,2.251,8.74,6.0,60.6
2024-04-25,Charlotte,132,26.03,63.94,99.44,38.71,2.086,18.92,35.1,41.8
2024-04-10,Charlotte,141,32.75,72.04,75.3,38.03,1.962,14.16,25.5,
2023-02-17,New York,120,28.87,64.65,92.8,49.58,2.202,13.2,31.9,34.8
2024-10-26,Philadelphia,128,24.54,56.78,55.23,42.7,2.692,18.06,-0.2,96.0
2023-04-16,Jacksonville,123,25.52,62.73,81.39,44.12,,11.64,27.2,26.0
2024-06-17,Austin,125,31.04,72.51,56.96,39.67,2.141,13.35,21.3,65.5
2023-10-08,Columbus,85,22.72,52.03,51.29,44.5,2.585,20.19,-2.5,91.5
2023-09-27,San Jose,86,22.45,47.99,55.58,36.75,1.588,0.0,-7.7,88.7
2024-07-11,San Jose,79,20.27,,45.26,44.79,1.944,18.08,8.1,83.4
2023-06-28,San Antonio,101,26.04,52.34,56.58,45.49,1.864,13.73,16.5,69.3
2024-10-31,San Antonio,85,21.87,48.76,41.37,41.35,1.915,15.09,-0.6,69.3
2024-01-10,San Jose,123,24.21,61.72,56.95,39.68,1.342,14.65,15.1,51.4
2024-10-31,Charlotte,108,22.01,51.53,71.21,46.89,2.341,13.3,9.8,74.3
2023-03-21,Dallas,139,35.54,76.38,84.29,51.45,2.303,19.0,28.4,24.9
2023-09-15,San Antonio,117,23.66,50.42,66.05,47.78,1.901,14.98,8.0,92.7
2023-08-17,Dallas,130,28.38,50.17,55.76,38.66,2.151,16.28,,85.3
2024-02-20,Philadelphia,106,25.45,54.54,69.22,43.17,2.277,16.95,21.3,30.4
2023-12-20,San Diego,103,25.14,52.82,50.2,37.89,1.666,12.81,11.6,63.3
2024-05-08,Charlotte,149,34.87,85.85,88.78,39.76,2.185,19.16,29.2,39.0
2024-09-10,New York,138,31.65,67.41,58.84,45.72,2.224,16.06,3.4,92.3
2024-05-28,Charlotte,116,28.22,61.94,84.85,51.57,1.89,12.51,25.5,33.7
2023-05-23,San Diego,100,25.49,51.86,57.13,29.01,1.945,17.12,22.0,52.4
2023-06-19,Houston,108,25.88,56.08,82.88,51.02,2.752,21.42,24.7,64.6
2023-03-20,Dallas,143,30.54,61.52,67.45,46.17,2.617,18.53,26.5,47.4
2024-10-20,Phoenix,93,20.2,39.89,76.9,48.75,2.479,16.29,3.9,72.3
2023-08-05,Chicago,104,25.12,51.04,54.41,40.28,2.18,14.85,9.1,65.2
2023-07-11,Chicago,155,34.98,75.37,60.99,48.27,2.331,13.42,11.4,80.2
2024-01-06,San Jose,114,24.71,50.13,49.75,31.58,1.354,8.32,18.7,53.4
2023-05-02,Austin,102,26.07,62.82,79.45,37.36,1.534,7.76,30.1,28.2
2023-08-24,San Antonio,82,22.75,49.11,65.01,38.33,1.995,20.4,9.5,79.4
2023-12-05,Jacksonville,,23.06,52.9,,41.14,1.614,17.3,-1.8,72.0
2023-04-27,San Diego,78,21.24,32.85,68.07,31.64,1.859,10.33,33.5,34.8
2024-11-22,San Diego,87,20.66,45.92,62.67,33.66,1.712,11.61,14.4,70.7
2024-05-05,Houston,156,37.75,84.5,89.25,54.41,3.386,18.73,26.6,58.5
2024-08-27,Chicago,135,31.25,64.22,77.38,45.58,2.412,16.29,-1.1,80.7
2024-10-24,Columbus,75,20.45,37.34,46.27,39.3,2.005,13.35,-4.9,94.4
2024-02-25,New York,124,27.61,67.59,101.1,35.85,2.033,17.7,32.6,
2023-09-07,New York,87,22.81,51.74,76.76,48.09,2.841,18.49,1.4,84.7
2023-05-11,San Jose,98,23.2,49.09,69.91,26.52,1.632,10.08,24.0,
2024-08-29,Chicago,128,28.07,58.15,59.97,48.66,2.485,15.51,6.9,69.5
2023-05-18,Austin,123,21.66,42.48,89.45,33.17,2.236,13.41,28.9,52.1
2024-06-08,New York,121,21.72,57.42,58.22,41.82,2.441,18.32,16.8,56.2
2024-08-09,Chicago,122,28.52,67.88,65.46,52.15,1.92,19.96,17.0,75.8
2023-02-27,Chicago,124,26.87,60.39,61.04,45.32,2.327,15.39,21.6,43.3
2023-09-22,Charlotte,107,24.44,47.08,52.12,40.35,1.754,17.09,-7.3,83.1
2023-07-04,Dallas,371,25.78,57.31,74.59,45.81,2.012,19.16,17.2,77.6
2024-02-20,San Jose,111,28.26,58.54,70.01,38.98,,15.88,25.0,52.3
2024-07-31,Austin,93,22.67,48.52,52.65,40.97,1.818,8.16,9.1,74.1
2023-01-20,Charlotte,114,28.22,51.39,45.44,38.34,2.296,13.04,10.9,52.7
2024-11-08,Columbus,112,25.99,50.31,65.86,39.48,1.985,19.85,0.2,71.5
2023-10-18,Los Angeles,100,23.61,55.11,54.33,51.65,3.191,27.1,6.1,76.3
2023-08-10,San Diego,59,15.35,35.02,41.76,39.37,1.734,18.23,16.6,81.2
2024-09-13,San Diego,100,22.06,48.86,56.24,35.98,1.558,8.85,-11.8,94.4
2024-05-08,Chicago,127,29.02,71.5,96.42,48.14,,17.71,34.0,44.3
2023-08-13,Columbus,97,22.36,35.31,55.86,31.71,2.286,18.64,6.3,94.0
2024-02-25,San Jose,120,24.62,50.46,82.54,38.78,1.628,11.7,28.9,33.0
2023-05-27,Fort Worth,102,23.48,50.87,64.42,41.82,2.159,15.93,23.0,36.2
2024-08-19,Columbus,,21.44,46.06,50.39,45.22,2.139,12.56,7.2,96.2
2023-10-09,San Jose,101,23.64,53.29,60.98,46.34,1.846,10.23,4.9,85.4
2023-07-06,San Jose,103,23.65,39.84,57.67,32.39,1.608,13.48,14.0,53.6
2024-11-06,Dallas,84,20.72,44.05,65.08,46.9,2.052,11.7,-0.8,94.9
2023-09-28,Chicago,94,26.15,48.97,47.65,52.54,2.113,20.89,-1.3,86.3
2024-12-03,Philadelphia,105,24.89,46.27,69.04,38.47,2.207,14.36,14.0,67.3
2024-01-07,Phoenix,155,33.29,71.77,70.18,40.34,2.506,21.09,20.6,37.5
2024-04-09,San Jose,112,24.59,47.87,82.44,38.3,1.617,7.5,29.8,45.1
2024-08-27,Los Angeles,98,24.2,56.26,49.02,48.43,3.413,18.49,3.2,75.6
2023-08-24,San Antonio,63,13.65,27.27,46.09,36.55,2.104,10.79,4.7,65.8
2024-01-30,Chicago,140,31.28,62.12,69.68,54.59,2.164,13.56,13.8,53.7
2023-04-22,New York,141,31.06,72.01,105.68,39.21,2.212,14.1,39.0,44.1
2023-07-27,Dallas,113,29.36,65.36,72.12,50.77,2.146,16.69,11.7,72.5
2024-05-31,Austin,99,24.69,49.33,47.76,44.48,1.722,15.62,16.5,44.1
2024-03-05,Columbus,131,26.45,60.35,95.36,40.62,1.584,16.66,30.5,36.1
2023-06-03,San Jose,116,,55.2,89.34,37.86,2.178,19.11,39.3,38.3
2023-04-09,Chicago,142,28.86,60.04,108.83,216.19,2.055,20.88,35.8,23.8
2024-05-02,Charlotte,97,24.69,46.63,78.36,39.72,1.61,20.07,32.3,36.2
2024-09-21,San Jose,83,16.04,37.35,69.85,32.61,1.856,13.59,-1.9,80.6
2023-02-09,Charlotte,113,28.65,61.1,78.42,,2.091,14.04,25.7,47.1
2024-06-28,Dallas,101,22.92,,72.53,51.49,2.218,22.54,9.7,69.0
2023-05-01,Los Angeles,156,33.2,77.54,79.26,48.55,3.132,16.18,23.9,55.2
2024-05-08,Austin,106,25.45,49.04,67.62,38.97,1.79,21.54,20.7,27.7
2023-05-14,Charlotte,128,23.67,52.93,94.89,34.17,2.167,20.58,34.8,31.9
2024-09-09,Dallas,99,23.56,57.66,59.13,40.24,2.886,16.44,,78.3
2023-01-02,Charlotte,86,22.04,45.09,52.67,40.94,,17.4,16.4,51.5
2024-11-25,Austin,123,28.77,57.82,45.53,39.81,2.664,11.8,9.7,50.6
2024-03-17,Dallas,124,30.63,72.98,84.75,49.08,3.157,15.41,25.7,21.8
2024-03-06,Philadelphia,132,31.73,72.26,65.39,46.27,2.224,13.97,20.2,34.4
2023-02-14,Jacksonville,119,30.52,60.04,65.87,41.78,2.051,12.69,17.9,48.9
2023-06-19,Houston,108,25.88,56.08,82.88,51.02,2.752,21.42,24.7,64.6
2024-06-26,San Antonio,72,19.36,45.18,56.08,49.82,2.218,6.73,17.8,45.0
2023-08-23,Fort Worth,108,21.64,39.35,45.25,38.92,2.299,15.49,2.7,90.6
2024-05-08,Fort Worth,135,29.57,68.62,82.1,39.94,2.214,16.66,29.0,39.7
2024-01-26,Philadelphia,107,25.98,51.12,81.82,37.6,2.44,10.89,25.6,57.5
2024-08-26,Fort Worth,104,24.34,47.83,51.13,50.27,2.487,17.45,11.7,86.4
2024-12-14,San Jose,90,21.32,45.0,44.17,37.17,1.334,17.88,3.1,70.7
2023-04-11,San Antonio,125,30.08,75.67,91.91,32.16,2.105,18.85,29.2,50.9
2023-05-18,Phoenix,134,29.65,68.33,70.34,40.0,2.281,16.32,21.9,
2024-05-03,Fort Worth,114,24.21,61.66,75.49,40.17,1.81,13.17,21.7,10.2
2023-08-27,Charlotte,76,17.97,45.55,59.28,41.28,1.907,10.42,6.2,75.2
2023-03-27,Phoenix,138,31.91,68.8,86.0,42.03,2.401,15.94,30.5,35.7
2024-09-04,Charlotte,79,22.36,49.59,63.85,39.92,1.629,11.17,0.2,80.8
2024-07-10,San Antonio,103,27.73,60.44,63.32,40.14,2.199,12.35,17.3,74.1
2023-09-21,Houston,99,22.93,45.08,61.91,49.52,2.64,15.77,4.9,71.1
2023-01-06,Jacksonville,96,22.79,54.48,55.29,40.46,1.572,9.83,14.9,60.7
2023-01-08,San Jose,90,19.85,51.97,65.13,36.83,2.002,7.59,20.0,62.4
2024-06-19,Los Angeles,139,34.18,70.86,63.5,54.42,2.257,16.19,23.1,50.7
2024-06-16,New York,127,30.28,66.88,70.11,46.79,2.334,23.98,25.2,63.4
2024-01-20,Austin,80,22.19,37.5,65.56,35.02,2.758,11.16,21.5,54.0
2023-07-30,Jacksonville,133,30.3,57.74,58.63,37.82,2.441,16.07,0.9,85.1
2023-11-20,San Antonio,86,21.98,46.24,60.35,39.2,2.016,12.16,11.1,84.4
2024-01-06,Los Angeles,149,35.13,74.73,79.51,45.44,3.006,20.87,26.6,73.7
2023-06-08,San Antonio,86,22.8,56.66,68.62,38.91,1.883,11.15,27.2,50.5
2024-10-29,San Jose,71,20.42,50.25,53.92,34.29,1.912,14.91,4.8,77.8
2023-09-17,Phoenix,124,24.62,68.3,46.69,44.89,2.759,19.56,1.7,82.1
2024-07-02,San Antonio,87,24.72,56.7,58.73,41.72,2.089,15.4,15.5,64.2
2024-08-01,Philadelphia,119,24.43,44.5,62.37,41.22,1.909,21.06,7.7,76.5
2024-09-18,Phoenix,114,24.42,58.54,51.93,56.01,2.559,18.32,2.0,90.1
2024-11-27,San Antonio,109,26.89,55.74,68.34,41.43,1.891,11.58,7.7,73.8
2023-07-28,San Antonio,111,25.74,51.59,62.94,39.44,2.203,18.9,4.0,77.3
2024-07-19,Fort Worth,91,23.82,49.38,51.61,43.76,1.963,,6.0,89.2
2024-07-24,San Diego,94,24.18,43.66,60.14,31.18,1.566,15.01,11.2,79.3
2023-07-03,Philadelphia,83,21.86,54.15,50.4,50.87,2.446,8.22,8.1,69.7
2024-07-26,Dallas,113,25.87,62.21,63.38,45.62,1.652,24.19,11.4,77.3
2024-05-10,Phoenix,152,35.31,75.68,66.65,49.65,2.278,12.82,26.2,56.5
2023-11-11,San Jose,96,25.32,49.89,45.01,39.28,1.603,15.25,,79.1
2023-12-19,Fort Worth,99,24.23,47.5,63.03,46.12,2.495,8.81,13.4,64.2
2024-12-23,San Antonio,120,27.65,67.37,61.16,42.65,2.171,13.11,6.9,64.5
2023-05-22,Columbus,128,23.8,49.71,110.8,44.11,2.903,15.03,33.8,54.2
2024-11-06,Los Angeles,104,27.3,56.83,66.67,60.11,2.387,19.78,7.7,58.0
2023-08-24,San Diego,92,22.4,50.04,44.11,37.3,1.468,17.56,-1.7,77.9
2024-12-17,Chicago,,26.82,56.49,38.04,46.21,2.296,,17.6,73.4
2023-04-13,Houston,147,37.11,88.44,,43.88,2.164,20.61,28.3,43.8
2024-06-04,San Antonio,96,19.78,46.7,76.15,39.7,2.075,16.79,28.4,27.2
2023-12-13,Fort Worth,,26.47,50.03,38.37,35.08,1.999,18.11,7.9,75.1
2024-07-17,San Jose,104,24.06,44.44,38.58,38.58,1.678,15.3,18.8,64.7
2024-12-14,Austin,104,24.19,43.4,63.73,36.76,2.13,11.99,14.7,82.0
2024-12-24,New York,123,30.13,56.77,43.46,48.11,1.992,15.05,14.2,74.7
2023-06-14,San Antonio,104,22.01,53.66,66.97,34.46,1.977,13.86,23.5,46.6
2024-10-13,New York,108,27.1,53.58,32.94,45.56,2.39,12.35,1.4,86.4
2023-04-04,Columbus,97,,43.4,76.35,38.21,1.565,15.42,32.3,39.7
2023-05-29,San Diego,101,21.33,51.83,77.84,33.76,1.48,14.26,29.2,54.3
2024-09-06,San Antonio,93,19.22,49.58,75.43,42.69,1.522,12.88,-8.8,65.9
2023-04-01,Los Angeles,159,35.43,87.76,81.3,58.31,2.517,15.2,28.4,59.2
2023-09-27,Houston,105,24.81,50.53,61.41,52.46,2.575,21.2,-4.8,95.1
2024-01-15,Los Angeles,129,30.08,74.47,65.11,54.87,3.242,20.6,15.7,
2024-09-15,New York,121,24.11,50.3,57.14,48.5,2.456,18.85,5.7,86.8
2024-01-29,Charlotte,98,21.91,50.27,75.14,39.6,2.025,13.86,22.9,37.5
2024-02-15,San Jose,102,22.02,54.97,59.53,32.38,1.666,9.9,20.9,43.5
2024-11-02,Dallas,112,24.82,56.45,53.59,46.72,2.264,14.92,8.5,
2023-10-21,Jacksonville,,23.96,43.23,52.6,36.15,2.178,18.65,-1.1,80.1
2024-09-03,New York,130,25.41,54.39,51.07,46.36,1.92,17.56,9.6,89.5
2023-06-29,Austin,95,21.34,42.42,63.94,37.65,2.135,15.29,16.0,52.4
2024-05-21,San Diego,114,28.55,59.82,61.93,34.69,1.725,10.69,18.9,59.5
2023-01-11,Houston,,28.23,57.46,57.27,52.77,3.048,24.96,5.1,39.2
2024-11-03,Charlotte,85,20.54,38.22,53.87,40.28,2.246,14.01,4.3,96.0
2024-06-14,Phoenix,130,27.37,66.9,61.89,39.8,2.676,14.15,18.4,47.2
2023-07-19,New York,120,27.15,61.63,60.84,42.15,2.189,17.81,6.0,76.2
2024-09-05,Dallas,78,19.31,42.67,55.4,49.83,2.164,17.22,-5.8,77.5
2024-06-12,Jacksonville,117,26.27,52.82,48.2,39.84,2.194,17.38,19.7,52.3
2023-08-26,San Jose,119,26.24,40.69,42.28,38.03,2.068,14.11,-0.1,93.4
2023-06-23,Austin,111,24.62,55.25,45.08,37.49,1.164,9.65,19.7,49.2
2023-02-06,Philadelphia,130,29.71,66.68,99.99,40.09,2.013,14.81,37.6,36.4
2023-09-02,Austin,66,18.83,39.56,58.79,40.65,2.029,9.24,6.4,71.0
2023-01-01,Chicago,100,24.13,54.8,61.12,42.25,2.287,12.84,16.8,
2023-03-30,Phoenix,178,40.9,90.91,87.77,56.78,3.104,18.23,26.4,47.2
2024-02-14,Philadelphia,141,29.16,63.09,83.81,35.3,2.4,18.45,32.2,40.1
2024-11-16,San Antonio,97,22.88,35.99,53.99,41.97,2.488,16.15,5.6,79.8
2024-02-20,San Jose,111,25.77,53.69,84.75,33.05,1.559,10.2,26.1,48.2
2023-07-25,Dallas,107,25.2,58.61,60.65,45.51,2.007,15.77,15.9,72.8
2023-01-16,Jacksonville,95,23.34,47.33,56.15,32.3,1.23,15.06,26.9,57.3
2024-12-21,Los Angeles,131,30.45,71.96,66.36,45.55,3.046,22.07,17.8,59.5
2023-04-03,Dallas,138,32.25,72.76,88.61,43.83,2.41,20.91,34.5,23.7
2023-10-19,Jacksonville,71,21.9,44.22,62.73,,1.744,11.77,1.6,81.9
2024-07-26,Charlotte,91,22.45,50.05,74.23,43.13,,9.53,13.3,72.0
2024-08-19,Philadelphia,102,24.35,40.86,56.97,,2.133,17.66,5.8,88.3
2023-12-22,Columbus,98,21.18,50.53,53.64,38.3,2.142,19.16,10.7,59.4
2023-10-11,Houston,115,23.2,42.42,,47.5,3.015,14.82,1.0,84.5
2024-09-12,Houston,115,26.71,48.48,70.51,43.82,2.443,15.53,-3.3,95.8
2024-04-10,Charlotte,119,30.95,68.81,97.96,,2.018,12.4,34.8,45.4
2024-02-18,San Jose,102,25.01,53.93,72.22,30.71,1.408,15.78,30.4,36.6
2023-01-05,Phoenix,138,32.5,66.29,70.81,40.46,2.426,18.32,18.7,55.8
2023-06-29,San Antonio,143,30.3,65.03,52.19,39.23,1.835,10.75,11.6,72.1
2024-06-02,Los Angeles,130,29.7,67.35,70.03,53.0,2.313,17.56,23.0,40.4
2024-07-26,Los Angeles,143,35.0,75.38,70.4,41.41,2.955,19.67,12.4,70.7
2024-05-30,Phoenix,143,31.53,70.85,74.36,51.57,2.294,21.01,14.4,49.0
2023-10-31,Charlotte,75,19.95,46.4,33.37,38.88,1.358,14.74,-2.9,91.5
2023-12-15,Los Angeles,136,32.25,67.71,80.74,52.51,2.347,18.0,14.7,67.5
2024-06-09,Phoenix,130,29.37,54.89,67.51,45.57,2.308,14.18,20.2,54.9
2024-07-04,Columbus,120,,65.51,55.4,42.84,2.364,14.69,22.0,39.2
2024-08-11,Phoenix,110,23.94,54.34,61.66,45.48,2.274,13.87,4.4,76.9
2024-12-11,San Diego,96,23.34,51.21,71.13,36.96,1.303,10.59,3.1,86.1
2024-01-22,San Jose,106,23.75,50.65,57.94,28.06,2.195,7.67,,29.6
2024-05-10,Fort Worth,140,32.87,74.48,77.14,36.57,2.19,11.29,28.4,34.7
2023-09-07,Fort Worth,103,25.25,58.69,56.71,49.67,2.183,14.28,-3.9,91.0
2023-12-14,Fort Worth,,23.9,53.18,56.26,40.01,2.449,15.09,5.1,82.8
2024-04-14,Austin,114,19.96,50.17,91.51,45.08,2.297,7.36,27.1,26.2
2024-04-16,Charlotte,104,25.38,,83.48,38.1,2.123,10.96,28.6,33.0
2024-08-23,Columbus,74,19.3,38.72,59.25,45.32,1.791,10.58,4.6,86.7
2023-01-29,San Diego,101,22.48,44.2,56.9,43.98,1.554,14.02,20.0,34.2
2023-04-30,Phoenix,125,31.99,69.88,56.32,50.18,3.243,17.37,16.1,42.2
2023-03-11,San Antonio,126,28.94,65.51,67.52,40.34,1.79,15.48,14.9,35.6
2023-11-17,San Antonio,100,22.92,42.53,64.53,37.54,2.651,16.36,-5.4,92.6
2024-10-10,Fort Worth,87,20.18,34.07,62.65,39.41,1.942,14.11,6.6,53.8
2023-08-14,Austin,71,20.44,43.62,57.52,32.48,1.321,12.18,6.4,74.6
2024-12-19,Houston,118,29.79,67.84,62.64,56.03,2.094,22.63,2.1,75.7
2023-11-20,San Antonio,94,22.7,48.25,44.68,39.48,2.045,15.78,8.5,71.5
2023-12-28,Dallas,116,27.65,53.27,49.88,50.51,2.074,17.83,8.0,57.1
2024-07-02,New York,87,21.54,53.56,56.84,42.53,2.257,17.39,13.0,80.0
2024-12-18,Columbus,100,24.35,52.65,66.1,41.19,2.467,10.35,5.0,69.9
2023-09-27,Houston,119,25.85,57.44,60.31,55.97,2.857,,2.2,80.2
2023-10-22,Los Angeles,106,28.4,61.22,55.33,46.62,2.488,20.55,-0.1,82.3
2024-02-13,Austin,92,24.43,47.42,80.33,38.17,1.413,17.24,28.2,61.3
2023-12-17,Los Angeles,124,30.45,71.05,55.39,54.6,2.798,21.96,8.0,89.0
2024-07-21,Charlotte,111,26.59,63.04,53.3,42.86,2.223,10.33,8.3,70.1
2023-07-02,San Diego,89,21.23,51.78,55.25,42.08,1.778,7.6,17.9,50.5
2023-11-18,Philadelphia,99,23.69,56.0,72.98,39.17,1.861,15.76,5.3,92.2
2023-08-12,Charlotte,90,20.53,43.06,62.99,31.17,1.678,10.37,5.2,79.5
2024-08-10,Phoenix,105,,56.76,69.04,44.44,2.237,21.87,5.6,82.1
2023-07-07,Jacksonville,106,26.83,58.92,53.7,40.04,1.882,11.76,12.4,61.5
2024-11-30,Charlotte,104,24.93,51.04,62.14,35.12,2.222,14.86,13.6,70.1
2023-07-14,San Diego,87,18.16,39.65,50.42,34.43,1.578,13.8,9.6,52.2
2023-07-24,Houston,131,27.34,64.86,79.52,43.91,2.469,19.13,9.7,73.9
2023-09-05,Columbus,112,26.74,61.35,69.25,34.08,1.931,17.33,4.1,87.4
2023-09-29,Houston,93,21.03,54.77,,55.72,2.249,19.41,11.6,79.1
2023-08-23,Houston,124,30.09,68.21,56.78,51.37,2.779,15.43,1.0,75.7
2023-09-13,Columbus,104,24.75,45.06,50.92,41.78,2.317,13.65,3.7,81.8
2024-09-25,Philadelphia,108,27.63,55.61,58.07,39.6,,11.68,-1.2,83.7
2023-06-09,Fort Worth,111,29.61,66.55,60.91,42.72,2.68,16.0,16.2,51.8
2023-04-20,Los Angeles,,34.72,80.23,97.62,52.78,2.94,25.41,32.8,32.2
2023-03-22,Austin,102,24.06,62.86,83.62,40.71,1.897,14.0,22.6,19.0
2024-11-10,San Diego,94,24.43,50.71,73.54,39.46,1.448,11.63,5.2,85.8
2024-09-20,New York,122,24.8,61.89,47.45,47.18,2.242,17.72,-4.6,88.1
2024-07-08,New York,125,29.74,70.78,71.51,42.01,2.096,18.12,8.0,78.8
2024-05-08,Philadelphia,125,28.41,63.6,71.09,39.99,2.23,12.47,31.7,42.0
2024-09-27,Philadelphia,86,18.43,44.35,62.29,47.02,2.027,19.22,6.9,64.5
2024-05-19,Charlotte,111,25.22,56.05,58.45,41.72,2.028,14.1,19.4,28.4
2024-08-11,Columbus,98,22.25,48.21,49.88,38.22,2.235,13.12,4.9,61.8
2023-10-09,San Diego,86,18.85,41.82,47.48,33.44,1.696,12.74,0.7,93.3
2023-07-07,Fort Worth,105,17.27,39.37,74.69,43.32,2.053,12.26,9.7,45.5
2024-06-07,Phoenix,150,31.84,64.02,79.85,53.88,2.402,12.95,19.7,47.4
2024-02-12,Houston,157,35.99,84.07,92.62,44.64,2.927,23.25,34.1,43.9
2024-08-13,Chicago,,27.05,53.59,,50.42,2.255,12.01,1.3,91.7
2023-02-25,Dallas,133,25.95,63.32,81.16,50.12,1.765,16.15,30.4,26.3
2024-03-09,San Diego,145,19.18,40.21,108.41,35.75,2.003,9.07,36.0,17.1
2024-07-07,New York,110,22.95,52.72,78.59,42.49,2.449,10.27,4.2,79.0
2024-05-29,Philadelphia,109,27.37,58.96,61.58,42.42,2.676,20.14,20.0,55.9
2024-02-08,Columbus,99,23.73,52.06,55.76,41.88,1.888,21.23,17.1,36.6
2024-12-03,Fort Worth,,23.63,40.21,62.51,49.19,2.075,10.92,5.9,80.0
2023-06-28,San Diego,116,27.72,59.06,56.25,37.43,1.478,16.23,16.7,68.1
2023-05-04,Jacksonville,107,25.58,52.73,79.39,37.34,1.913,14.74,32.6,33.9
2024-06-14,San Diego,97,23.79,49.88,50.64,33.49,1.501,10.71,26.1,41.2
2023-11-20,Jacksonville,92,23.64,48.71,69.78,43.47,2.305,10.99,2.7,58.3
2023-01-09,New York,133,32.35,65.08,56.0,44.03,2.316,18.45,14.6,49.7
2024-11-21,Houston,121,28.81,57.59,70.58,50.06,2.464,19.35,6.8,86.8
2024-01-24,San Jose,102,20.75,53.71,63.25,37.24,1.831,13.11,16.9,42.8
2023-04-14,Philadelphia,148,34.53,75.49,108.91,47.77,1.931,13.09,31.5,19.4
2024-01-06,San Jose,99,22.79,51.5,63.11,37.0,42.792,15.71,17.9,75.6
2023-09-23,Chicago,115,,49.65,57.88,46.98,2.698,11.77,-0.7,97.3
2024-07-15,Phoenix,113,25.31,58.23,56.38,44.96,2.583,18.01,14.0,66.1
2023-08-31,Phoenix,92,20.13,48.46,51.46,53.22,2.79,17.66,9.0,89.0
2024-04-27,San Jose,119,24.49,49.14,88.99,39.0,2.256,12.26,36.2,33.3
2023-12-18,Philadelphia,96,24.86,41.44,59.0,45.36,2.123,18.9,20.4,62.7
2023-07-08,San Diego,59,12.42,,44.36,39.74,1.684,10.42,11.9,54.6
2024-03-10,Houston,164,36.41,93.49,98.85,46.59,2.498,14.3,32.5,
2024-03-05,Jacksonville,104,27.78,60.62,75.06,46.65,1.71,17.16,28.5,29.5
2024-01-17,Philadelphia,134,29.73,68.12,56.39,49.92,1.958,16.02,22.4,51.9
2024-02-15,Phoenix,135,28.65,68.09,93.66,44.2,2.505,17.16,29.0,42.4
2024-04-06,Chicago,148,34.25,78.39,75.74,41.72,2.258,15.88,29.1,35.8
2024-08-08,Chicago,98,24.8,63.87,43.62,43.51,2.642,17.3,1.2,88.5
2024-08-12,Austin,128,26.48,52.42,58.55,36.51,1.597,19.98,6.4,75.5
2023-08-23,Columbus,105,25.09,42.32,50.84,23.9,2.152,13.87,-0.0,71.8
2023-04-13,Jacksonville,113,25.85,61.15,76.75,35.82,1.98,,26.1,41.7
2023-10-04,Fort Worth,128,25.08,58.81,45.97,44.36,2.238,15.84,7.8,89.6
2023-08-30,Dallas,112,24.7,51.19,59.98,42.31,2.513,14.92,11.5,55.9
2024-03-18,Columbus,118,24.67,59.96,70.19,42.7,1.666,11.62,26.5,53.9
2024-01-26,Houston,137,31.01,68.39,73.27,46.04,2.577,22.6,23.8,
2023-05-30,Fort Worth,,30.34,72.75,63.57,37.11,2.126,17.39,18.4,59.5
2023-06-03,San Diego,90,22.39,54.78,43.86,32.89,1.444,13.03,21.0,31.1
2023-01-10,Chicago,131,30.68,69.21,50.86,45.68,2.303,17.52,10.0,63.2
2024-03-07,San Diego,122,24.86,49.35,64.8,33.79,1.844,14.63,22.0,34.2
2023-05-18,Charlotte,116,28.12,63.82,74.41,36.14,2.005,8.46,28.5,56.1
2024-10-07,Dallas,94,22.9,52.33,68.58,57.05,1.728,15.62,-5.7,95.6
2024-06-30,Jacksonville,112,21.97,59.79,60.99,46.13,1.606,17.06,10.5,61.0
2023-11-20,Fort Worth,122,23.81,62.26,58.18,45.15,,12.78,0.3,93.1
2024-05-13,Phoenix,153,35.42,87.77,69.07,43.78,1.914,18.29,21.9,44.0
2023-09-14,Dallas,102,21.07,40.87,62.79,50.23,2.339,22.1,-4.9,89.5
2024-08-04,New York,117,31.88,68.69,60.79,45.36,2.347,7.93,8.9,74.3
2024-02-12,Los Angeles,147,34.5,76.71,73.14,50.99,2.171,25.72,20.2,39.3
2024-12-08,Chicago,100,23.53,52.65,41.09,50.26,2.287,18.84,9.7,76.8
2023-03-03,Houston,134,33.0,82.83,69.68,58.05,2.744,20.04,27.3,35.5
2023-09-18,San Diego,78,22.27,37.9,39.48,36.94,2.06,,-10.9,95.2
2024-10-06,Los Angeles,118,31.29,69.74,62.22,46.23,3.142,17.98,2.5,90.2
2024-04-05,Jacksonville,150,29.18,72.24,72.46,34.63,2.156,17.47,36.4,13.0
2023-12-09,Phoenix,110,29.16,62.62,66.37,43.71,2.134,19.82,16.5,65.7
2024-01-05,Philadelphia,128,31.13,71.09,57.43,46.69,2.321,21.13,11.2,62.2
2024-07-27,Dallas,104,19.92,44.09,67.96,53.4,2.44,14.02,6.1,67.8
2023-09-21,Philadelphia,,26.67,61.65,48.67,44.49,2.115,13.48,-1.6,82.8
2023-01-21,San Antonio,121,28.16,,58.51,52.45,2.116,15.12,17.8,53.6
2023-05-05,Philadelphia,123,29.93,56.88,63.98,49.5,2.665,15.74,21.9,25.5
2024-11-26,San Jose,60,16.52,32.37,49.89,39.26,34.367,,1.4,65.6
2023-07-23,San Jose,87,22.88,40.04,55.53,41.67,1.843,16.15,24.2,87.0
2024-08-12,Austin,105,23.79,50.54,58.89,37.11,2.0,11.92,6.3,80.7
2024-10-26,Dallas,94,24.6,53.21,56.0,43.6,2.216,23.18,3.7,83.1
2023-06-28,Fort Worth,114,23.7,52.74,59.82,45.73,2.737,13.49,9.3,65.4
2023-10-19,Philadelphia,93,21.98,45.67,51.82,35.7,2.076,23.29,-2.3,87.6
2023-11-29,Austin,,20.32,47.45,54.94,27.35,2.056,15.54,-2.3,84.2
2024-06-06,San Diego,101,28.07,55.32,46.47,39.45,1.824,14.74,17.4,67.9
2024-04-02,Charlotte,122,26.68,58.49,80.71,37.43,1.924,17.84,23.7,20.7
2023-03-22,San Antonio,129,31.14,71.91,98.98,39.27,2.071,19.13,29.8,42.5
2024-09-20,Phoenix,109,25.31,59.13,65.7,45.12,2.819,18.98,-6.1,79.3
2024-04-19,Austin,118,,55.71,65.04,36.35,1.892,11.81,29.9,26.9
2023-05-29,Columbus,107,20.23,49.41,79.65,37.45,2.142,13.01,26.8,27.7
2023-06-21,Austin,92,23.91,47.64,60.24,33.2,1.34,16.41,13.6,52.3
2023-12-12,San Antonio,111,24.4,50.32,71.86,,,16.78,6.8,67.1
2024-10-08,San Jose,65,14.49,32.34,57.94,34.91,1.37,9.68,-7.7,93.6
2024-08-08,San Antonio,88,23.78,56.24,45.6,42.48,2.167,14.44,4.2,78.0
2023-03-15,Los Angeles,150,37.23,78.92,92.59,49.15,2.534,20.53,28.6,27.2
2023-06-15,Philadelphia,112,28.71,68.09,57.28,42.38,2.453,9.91,19.2,50.1
2023-08-22,Philadelphia,98,22.09,36.3,49.01,40.16,2.364,11.25,15.8,92.8
2023-11-21,Austin,79,15.81,38.05,49.9,30.47,1.859,11.12,13.1,77.8
2023-10-26,Jacksonville,127,30.91,65.32,50.09,41.51,1.467,13.74,4.8,82.6
2023-10-01,San Jose,83,21.05,41.96,46.45,30.9,2.217,18.25,-0.7,95.9
2024-10-22,San Antonio,93,,47.24,64.88,52.0,2.207,16.56,0.5,88.7
2023-10-05,Charlotte,90,22.66,41.55,51.89,34.6,1.89,8.89,,88.6
2024-03-31,Fort Worth,109,25.9,56.84,87.95,43.28,1.987,12.11,31.9,32.4
2024-01-07,Jacksonville,120,27.56,50.69,44.01,41.0,2.0,16.76,15.8,51.3
2024-08-24,Dallas,100,23.44,45.63,46.7,49.71,2.437,14.48,4.5,77.3
2024-04-06,San Antonio,136,30.6,73.0,91.64,39.12,1.886,20.26,30.4,41.1
2023-06-21,Chicago,101,25.73,56.34,69.55,43.62,2.135,21.19,18.2,72.6
2023-01-24,Chicago,153,,76.23,72.32,48.11,2.237,22.2,26.5,
2023-08-29,Austin,75,19.02,34.77,44.61,37.22,1.256,13.01,7.3,70.6
2023-09-15,Jacksonville,99,24.06,51.14,56.19,32.06,2.023,5.27,-0.6,89.6
2024-12-18,Jacksonville,98,20.49,53.56,68.08,34.63,1.684,13.07,,48.6
2023-03-23,Houston,166,36.71,87.46,77.26,49.72,2.569,22.83,29.2,35.7
2023-06-20,San Antonio,129,28.91,60.55,64.33,45.81,2.278,13.68,18.2,50.5
2023-04-16,Los Angeles,153,36.75,89.62,110.91,56.69,2.669,14.12,35.9,40.7
2023-03-07,Charlotte,118,26.11,57.58,78.17,39.88,2.076,16.98,28.3,19.0
2024-04-29,Dallas,133,31.2,75.14,62.5,50.02,2.072,14.38,22.8,39.9
2023-02-25,New York,126,25.4,64.36,90.91,47.54,1.835,19.18,31.8,26.8
2024-02-11,Dallas,104,27.11,48.85,65.59,46.56,2.253,15.31,18.3,25.6
2023-03-27,Los Angeles,128,32.57,76.42,89.35,53.71,,17.95,34.2,16.0
2023-09-26,San Jose,79,19.68,45.91,53.75,42.42,1.504,12.2,5.1,87.8
2023-06-09,Los Angeles,136,28.23,68.05,93.58,50.98,3.13,17.14,26.4,48.1
2024-11-01,Charlotte,65,18.32,45.92,51.03,44.28,1.472,19.59,-2.5,84.5
2024-02-04,Phoenix,141,31.42,70.86,104.52,54.23,2.164,15.73,32.8,48.5
2023-08-23,Houston,83,21.76,49.06,59.66,44.38,3.001,14.12,3.7,80.4
2023-10-18,San Diego,91,19.33,48.05,47.07,39.68,1.636,13.59,1.6,94.9
2024-10-03,Chicago,100,25.72,41.69,46.44,47.96,1.889,10.83,7.9,83.8
2023-05-15,Dallas,126,29.23,65.73,90.16,44.25,2.414,17.57,28.3,23.2
2023-06-24,New York,130,27.44,58.38,64.92,40.14,1.718,,16.1,55.8
2023-02-05,Austin,114,25.83,49.9,74.74,39.53,1.862,16.57,25.3,53.0
2024-01-01,Columbus,132,28.82,60.22,55.74,37.49,1.956,14.14,14.0,51.7
2023-11-30,Columbus,107,29.42,56.17,58.54,46.88,1.984,15.77,4.6,75.6
2024-05-02,San Diego,62,15.3,38.2,45.23,35.49,1.203,10.09,17.4,53.3
2024-07-07,Charlotte,,20.6,37.62,59.13,47.16,1.666,13.2,16.8,
2023-10-06,Dallas,81,19.97,42.84,58.26,48.62,2.66,11.85,-3.4,86.5
2024-03-31,Chicago,145,30.11,77.55,82.81,40.42,2.281,19.0,24.7,23.7
2024-12-15,Dallas,134,29.7,72.0,70.14,45.08,1.952,16.78,10.2,67.8
2023-07-01,San Jose,103,23.32,55.32,63.07,36.51,2.019,15.21,28.7,31.4
2024-09-03,San Diego,87,14.55,37.54,60.63,33.12,1.142,16.93,-2.6,76.2
2024-10-08,Jacksonville,74,18.99,45.49,45.07,31.52,1.97,16.78,,84.7
2024-10-13,Charlotte,113,24.38,43.71,47.2,40.95,1.879,14.3,1.7,81.1
2024-07-31,San Antonio,129,25.87,60.51,66.3,39.44,2.123,14.37,3.7,83.0
2024-06-20,Austin,106,25.82,50.89,57.21,39.09,2.146,9.45,13.9,32.1
2024-10-16,Dallas,55,15.79,37.16,52.84,44.44,2.38,21.8,-1.9,81.6
2023-11-14,Charlotte,92,20.6,45.02,46.52,40.95,2.269,19.28,10.9,79.2
2023-12-22,San Diego,107,21.1,49.92,49.38,32.96,1.842,10.49,13.8,74.4
2024-07-06,Houston,114,29.64,60.82,52.1,53.26,2.65,16.47,16.1,49.7
2023-04-02,San Diego,98,24.92,49.65,54.8,38.6,2.043,13.0,24.9,21.1
2023-11-12,Philadelphia,91,23.25,55.31,57.37,34.95,2.252,15.2,2.6,95.8
2024-02-27,Phoenix,137,31.11,78.08,102.44,51.8,2.438,16.02,29.8,33.0
2023-06-09,Phoenix,111,30.22,73.32,85.31,51.49,2.738,18.32,23.6,67.5
2023-01-11,New York,102,27.46,56.3,77.84,47.14,2.124,24.15,25.6,54.9
2024-06-19,Columbus,107,28.17,58.53,63.11,37.57,1.773,19.14,22.6,66.7
2023-05-20,Philadelphia,114,25.99,65.22,74.44,51.39,2.316,15.46,25.1,31.2
2023-10-21,San Diego,83,15.68,32.74,57.56,38.76,1.158,14.9,0.3,79.8
2024-07-01,New York,94,21.93,50.37,77.63,44.24,2.348,22.42,18.2,48.7
2024-12-05,Charlotte,115,28.12,58.19,50.48,41.9,1.731,15.93,6.9,81.9
2024-05-18,Fort Worth,103,19.68,42.86,52.08,47.21,2.457,14.04,15.4,35.8
2024-05-03,Phoenix,148,35.72,73.06,65.46,48.71,2.145,20.48,26.0,42.6
2023-01-10,Fort Worth,93,22.95,51.16,63.08,,,21.43,18.8,62.4
2024-03-16,Fort Worth,151,33.42,72.15,85.74,47.17,2.047,15.73,28.5,64.0
2023-10-27,San Jose,102,23.87,55.28,57.83,40.52,2.427,13.41,0.9,94.4
2023-08-25,Fort Worth,111,26.25,51.83,50.32,38.9,2.107,11.44,8.6,85.7
2023-01-08,Dallas,123,28.3,56.41,50.85,41.63,2.213,14.99,21.4,62.3
2024-01-18,Houston,126,30.72,70.5,84.98,49.06,,17.48,,52.4
2024-02-26,Charlotte,99,20.61,56.72,81.68,43.37,2.288,15.76,26.8,16.6
2024-07-28,San Antonio,112,28.61,57.51,72.02,41.46,1.401,17.92,0.1,68.8
2024-02-09,Houston,153,37.56,75.86,59.66,43.45,3.351,18.96,20.0,46.6
2023-06-17,Jacksonville,108,18.81,35.26,80.06,40.79,2.225,14.88,21.8,54.5
2024-10-23,San Antonio,107,23.63,41.49,58.48,40.1,2.18,14.93,8.8,73.0
2024-08-03,Charlotte,123,30.24,65.36,58.08,34.35,1.684,15.83,1.8,78.6
2024-01-23,Houston,166,33.68,79.62,83.96,50.05,2.451,22.84,24.0,64.7
2023-09-27,Los Angeles,85,23.75,47.77,59.68,50.99,2.926,17.57,2.7,79.6
2024-03-08,Austin,92,22.63,53.72,65.68,40.74,1.821,17.09,27.0,20.5
2023-09-03,Dallas,88,23.9,44.14,52.95,42.4,2.413,22.62,0.7,65.4
2024-09-19,Fort Worth,99,24.22,56.04,68.74,42.33,1.943,20.19,,87.2
2024-12-11,Austin,137,31.94,62.7,60.81,43.7,1.468,14.47,6.6,72.5
2023-10-06,Phoenix,,26.05,63.06,68.36,51.42,2.651,15.42,7.2,83.0
2024-10-26,Jacksonville,72,18.03,35.1,56.96,30.38,2.207,16.2,-2.3,93.0
2023-12-13,Houston,139,32.8,73.9,55.32,38.58,2.377,19.78,17.6,74.3
2024-06-28,Fort Worth,93,23.34,51.03,72.05,49.47,2.237,17.84,22.4,45.9
2023-10-03,San Antonio,85,21.66,45.07,58.51,43.07,1.688,15.08,5.5,87.4
2023-07-12,Columbus,112,25.06,56.01,60.57,37.84,2.357,16.29,14.0,33.3
2023-03-12,Chicago,135,30.41,72.74,98.73,49.39,2.246,16.04,32.6,34.9
2023-05-20,Phoenix,128,27.84,64.66,106.57,43.8,2.491,11.32,31.4,41.2
2023-04-24,Austin,95,18.87,44.11,75.87,35.38,1.703,14.22,31.5,33.1
2024-06-10,Chicago,114,29.75,66.96,56.85,44.75,2.256,17.62,10.2,56.8
2024-04-11,San Jose,96,24.64,49.09,59.16,36.07,1.946,13.2,21.5,25.7
2024-04-08,Phoenix,143,32.58,74.94,95.47,45.81,2.803,15.8,31.6,35.3
2024-12-18,San Jose,113,21.21,44.26,63.89,34.91,2.057,14.29,9.6,71.6
2024-05-18,Houston,143,34.93,73.75,95.98,47.72,2.532,16.1,32.9,50.8
2023-11-25,New York,96,22.7,52.92,78.42,46.08,2.521,13.32,5.3,66.1
2023-06-05,New York,108,27.91,64.56,69.99,46.6,2.342,20.14,25.9,29.9
2024-07-01,New York,111,23.77,63.09,63.07,47.44,2.27,14.25,21.0,45.8
2023-07-10,Los Angeles,100,25.58,48.03,60.56,54.65,2.897,,17.6,49.0
2023-10-16,Phoenix,96,24.66,49.62,65.09,42.18,1.976,18.23,-4.3,74.0
2023-05-09,Jacksonville,126,24.62,42.97,101.56,35.34,2.069,13.25,29.2,50.7
2024-03-24,Jacksonville,331,27.22,66.52,81.0,32.91,2.258,14.28,29.4,31.9
2023-01-09,Houston,150,35.95,80.2,54.28,49.49,2.694,14.53,18.6,65.5
2023-04-03,Chicago,140,32.43,66.2,83.82,41.0,2.348,14.78,30.4,25.9
2023-01-16,San Diego,98,18.18,50.21,37.23,37.48,1.916,12.85,16.5,41.3
2023-08-11,Philadelphia,111,25.56,54.45,69.88,42.81,1.619,18.6,8.3,92.1
2024-03-06,Phoenix,149,31.33,73.28,83.41,45.84,2.546,17.04,27.9,47.8
2024-05-25,Philadelphia,117,29.69,69.19,72.87,48.76,1.998,21.19,16.9,45.5
2024-04-19,Jacksonville,107,27.25,52.52,,40.38,1.758,14.38,31.3,36.4
2023-02-02,Philadelphia,131,31.02,68.22,76.85,42.72,1.829,16.78,22.3,49.3
2023-03-24,Columbus,119,26.01,65.6,80.74,43.38,1.92,22.39,26.1,34.3
2023-05-30,New York,124,29.91,69.04,69.9,44.48,1.927,15.71,27.2,47.6
2023-09-30,Fort Worth,84,21.57,28.22,52.77,42.34,2.038,13.86,-4.3,87.1
2024-02-06,Los Angeles,141,34.27,68.22,78.38,49.7,3.194,18.16,23.1,51.8
2024-07-10,San Diego,102,22.87,42.94,64.45,32.01,1.019,15.55,-10.2,60.0
2023-07-05,Houston,125,26.92,53.74,65.77,52.4,2.312,16.43,17.5,49.7
2023-09-14,Columbus,108,24.43,42.86,60.8,44.76,2.188,16.49,5.6,79.2
2024-01-26,Columbus,118,27.01,54.21,62.65,40.69,2.635,16.43,24.2,63.5
2023-01-13,Los Angeles,145,32.71,79.42,71.01,55.62,2.693,20.76,22.9,47.6
2023-09-12,San Antonio,87,19.52,34.02,61.67,46.11,1.657,21.09,0.4,76.8
2024-03-29,Houston,165,37.14,76.41,98.53,49.54,,11.71,32.7,31.8
2023-02-04,Houston,153,33.13,72.07,64.78,46.97,3.214,17.06,22.8,
2024-04-16,Jacksonville,157,27.56,54.14,113.52,43.54,2.121,17.58,40.7,18.5
2023-04-07,Dallas,132,32.13,70.77,83.34,42.04,2.551,14.92,26.6,43.4
2024-11-12,Houston,109,25.59,56.68,59.64,49.69,2.104,24.01,4.4,86.6
2024-04-29,San Antonio,,26.33,59.3,64.77,34.91,2.019,13.31,21.3,37.0
2024-11-28,Phoenix,128,27.09,58.89,71.93,51.86,1.88,14.99,10.2,76.3
2023-11-27,Chicago,116,28.63,62.65,66.85,45.43,2.059,14.47,8.1,64.2
2024-10-06,Jacksonville,99,25.67,53.68,51.31,45.08,2.233,9.39,-5.1,89.7
2023-02-13,Jacksonville,129,25.41,60.65,93.74,37.11,1.696,19.85,36.2,23.9
2024-07-16,Dallas,146,29.32,68.16,52.06,42.67,2.412,14.51,16.7,53.2
2023-05-06,Phoenix,150,33.81,76.63,93.79,51.9,1.975,20.66,29.4,35.9
2024-05-07,Austin,104,21.32,48.24,79.25,32.54,1.992,7.62,30.1,24.5
2023-11-02,Houston,124,,59.71,55.73,51.21,2.244,14.35,5.3,76.4
2024-01-05,Charlotte,106,24.42,52.37,61.32,38.96,1.841,15.71,16.3,53.6
2023-02-23,Columbus,124,27.75,56.62,62.43,36.2,2.141,12.08,,43.2
2024-11-13,Houston,111,27.14,60.87,66.87,46.45,2.409,19.03,2.6,81.6
2023-04-26,Houston,148,36.11,89.68,72.86,57.54,2.574,11.25,22.3,54.1
2024-10-10,San Antonio,86,23.97,53.31,65.43,44.37,2.103,16.11,-4.1,90.8
2023-11-29,New York,124,28.28,54.25,57.68,49.94,2.204,12.37,13.8,73.6
2023-06-21,Fort Worth,111,23.26,61.19,66.41,33.89,1.775,13.41,23.5,48.0
2023-10-10,San Jose,115,24.9,48.19,52.45,33.03,1.517,13.1,8.8,93.9
2023-05-03,San Antonio,101,26.54,57.51,87.88,39.13,2.019,12.95,32.0,29.0
2023-09-06,New York,93,22.6,49.66,60.42,44.57,2.367,15.78,1.5,93.3
2023-02-13,San Jose,104,21.51,53.04,88.64,36.12,2.016,10.9,31.4,98.2
2024-12-08,San Diego,94,22.8,46.75,54.32,28.16,1.934,8.88,4.5,80.9
2024-12-05,San Jose,87,21.43,44.1,48.07,37.47,1.682,13.01,,75.2
2023-06-08,Philadelphia,119,28.04,60.15,62.73,48.5,2.687,12.86,16.8,57.9
2023-04-02,Houston,135,33.57,76.19,77.48,47.17,,17.4,26.2,24.7
2023-06-11,San Diego,100,24.49,48.33,50.49,37.95,1.115,14.67,10.9,55.0
2023-04-04,Austin,,24.2,43.51,80.77,40.8,2.212,13.57,33.3,36.3
2024-09-25,Philadelphia,106,24.97,52.14,43.95,42.86,2.545,13.31,1.9,88.7
2024-10-02,New York,112,25.69,51.25,61.59,46.67,1.584,14.17,-4.2,92.3
2023-03-03,Philadelphia,,30.12,72.2,107.17,45.8,2.103,22.04,39.2,38.9
2024-10-22,Chicago,107,26.14,59.49,50.66,40.15,1.87,16.8,-0.7,64.3
2024-12-19,Dallas,125,28.57,58.45,48.9,48.94,2.02,23.79,6.3,53.3
2023-04-20,Chicago,129,31.69,68.86,96.1,41.44,1.724,16.24,34.8,31.5
2024-05-14,Houston,153,36.69,,96.43,46.32,2.991,20.06,27.1,51.8
2023-11-21,Dallas,89,22.19,45.05,55.46,48.9,2.002,23.83,9.2,67.0
2024-10-22,Fort Worth,109,25.7,52.92,47.75,39.94,2.386,14.7,-6.3,94.9
2023-12-22,Fort Worth,125,26.51,52.73,63.65,41.84,2.487,21.67,9.7,77.8
2024-03-25,Jacksonville,123,28.39,64.66,90.59,47.88,1.297,8.28,31.9,41.0
2023-07-17,New York,105,26.39,60.07,56.25,35.85,2.283,11.45,9.5,62.5
2024-12-06,San Antonio,112,26.96,62.31,49.94,37.13,1.936,14.83,1.9,87.0
2024-01-02,Jacksonville,105,22.79,52.11,58.16,39.24,2.312,9.76,11.4,68.1
2023-05-18,Phoenix,150,33.12,75.93,75.65,46.72,2.235,16.33,30.4,51.6
2023-02-10,San Diego,98,23.21,47.73,43.5,28.99,1.166,18.23,16.6,67.6
2024-12-24,San Diego,85,24.29,46.34,,28.47,1.761,17.65,12.4,74.1
2024-07-26,Phoenix,137,28.36,58.51,61.97,48.4,2.399,15.0,9.0,60.5
2024-07-09,Jacksonville,64,17.58,41.57,52.09,40.88,,15.02,,50.4
2024-05-16,Houston,188,39.74,89.0,84.43,51.04,3.032,,23.0,48.1
2024-08-03,Chicago,74,22.21,43.19,47.76,46.55,2.251,16.07,12.0,62.6
2024-07-10,Philadelphia,100,22.04,49.91,69.72,52.3,2.531,16.08,11.9,67.9
2023-11-28,Jacksonville,107,25.45,47.06,49.3,42.01,1.674,13.36,5.6,48.1
2024-04-24,Phoenix,134,31.77,61.78,90.94,47.94,,18.82,31.4,27.5
2024-09-05,Charlotte,75,17.33,39.37,43.0,43.62,1.971,17.05,-15.1,83.9
2024-07-21,Chicago,120,26.34,63.14,57.43,47.29,2.268,11.79,9.6,63.2
2023-03-12,Dallas,124,29.22,61.59,73.17,46.83,2.459,18.49,25.3,42.3
2023-06-08,San Diego,97,24.02,47.03,61.86,35.32,2.145,13.06,23.1,47.8
2023-10-30,Columbus,70,19.25,34.96,46.11,35.56,1.705,16.39,-2.4,82.8
2023-09-27,Dallas,84,18.57,40.37,66.03,41.84,3.147,12.57,-1.7,94.2
2024-01-11,San Diego,111,23.75,46.28,65.15,,1.05,9.21,8.1,69.1
2023-01-01,Fort Worth,127,,63.55,51.64,43.49,1.741,22.84,18.9,56.8
2024-10-15,Dallas,,23.81,48.55,47.9,51.92,2.073,8.57,0.9,84.8
2024-01-24,Jacksonville,96,24.9,49.25,67.48,38.66,1.672,19.63,12.3,45.5
2023-07-09,Charlotte,95,22.51,45.1,64.06,31.57,,15.28,17.9,39.0
2023-01-20,San Jose,108,22.7,50.52,73.32,35.65,1.763,12.71,25.6,45.2
2024-01-08,Fort Worth,114,26.04,56.82,67.75,44.37,2.156,14.09,25.0,67.8
2024-09-27,Houston,132,30.25,58.74,55.74,43.56,2.243,21.65,-6.8,80.8
2023-11-25,Jacksonville,113,22.94,47.27,59.15,32.16,1.708,17.17,1.4,84.2
2023-03-06,Austin,114,22.15,52.27,96.27,41.04,1.831,12.16,35.9,31.1
2024-07-05,Columbus,111,27.41,55.77,52.61,39.06,2.075,12.98,18.5,55.2
2024-02-01,Houston,132,32.18,72.94,87.98,42.72,2.432,17.82,24.7,23.3
2024-06-20,Austin,96,22.63,47.81,62.12,38.45,1.497,15.13,12.7,58.7
2024-05-24,Fort Worth,123,25.66,56.0,88.83,45.94,2.237,21.4,25.0,41.7
2024-07-18,Chicago,101,26.53,55.4,63.8,41.93,2.643,19.78,10.5,56.0
2024-09-19,Phoenix,89,22.34,50.31,73.9,45.49,2.407,19.18,-6.6,95.0
2023-11-27,San Antonio,95,24.54,56.9,39.89,46.17,2.391,15.71,2.4,62.8
2024-10-18,Philadelphia,135,30.72,60.47,55.68,52.88,2.283,11.89,0.6,90.5
2023-04-24,Los Angeles,166,39.78,86.99,88.26,57.47,2.637,16.57,24.9,40.2
2024-06-19,Austin,86,17.6,35.0,60.81,42.65,1.208,9.44,23.3,54.7
2023-03-10,New York,119,27.41,65.16,80.46,38.42,2.284,22.32,30.5,37.0
2023-05-13,Chicago,153,34.7,65.94,62.53,53.62,2.02,18.38,22.4,51.2
2023-02-02,Houston,137,27.65,70.16,68.51,44.46,2.903,14.88,24.9,44.3
2023-04-20,San Diego,110,,48.71,56.16,28.17,1.815,9.22,21.8,24.6
2023-07-16,Los Angeles,159,37.77,73.44,56.38,53.79,,16.56,14.0,79.4
2024-08-29,San Jose,80,15.81,42.72,32.75,31.68,1.975,14.31,1.6,75.6
2023-02-02,San Jose,115,25.25,,56.49,33.06,2.038,13.39,14.9,40.5
2024-10-19,Columbus,74,19.66,46.16,59.42,35.75,1.957,8.62,-0.8,86.6
2024-02-02,Austin,137,30.02,66.31,46.06,41.61,2.299,20.94,12.8,62.0
2024-05-16,Dallas,127,32.47,68.87,94.03,43.27,2.256,16.18,37.1,32.8
2024-09-30,Jacksonville,99,22.88,53.51,50.47,30.09,2.095,22.66,-6.0,88.3
2024-08-27,Phoenix,117,25.69,48.21,45.16,40.71,2.6,14.17,1.1,82.7
2023-02-20,Philadelphia,119,27.43,59.94,74.5,44.19,2.424,13.7,29.4,10.1
2023-08-15,San Jose,46,14.92,,45.98,37.98,1.328,16.15,0.9,76.4
2023-03-14,New York,121,26.94,58.82,81.81,37.83,1.908,19.31,31.4,
2023-08-02,Austin,114,28.27,57.66,50.7,40.85,1.592,13.2,3.2,87.3
2024-05-18,Charlotte,131,32.19,73.48,64.1,44.03,2.081,15.69,26.0,44.6
2023-03-23,San Diego,118,26.46,51.11,67.87,39.28,1.972,13.29,22.8,34.0
2024-10-16,New York,79,20.06,41.64,57.27,38.23,2.232,18.72,-0.2,85.4
2024-01-05,Dallas,119,28.46,66.39,70.73,35.53,2.183,13.73,10.4,65.0
2024-03-01,Columbus,125,31.74,72.63,53.82,43.75,2.206,13.57,23.9,38.4
2024-01-13,Fort Worth,110,26.84,58.58,56.67,46.72,2.626,15.49,10.5,62.6
2024-12-26,New York,112,27.44,56.6,63.03,48.12,1.779,17.67,13.6,65.5
2024-09-23,Phoenix,111,25.82,49.39,55.53,46.24,2.444,17.87,,84.9
2024-06-25,New York,133,31.02,64.38,69.98,51.92,1.787,18.8,21.6,44.9
2023-03-14,Columbus,111,25.08,67.29,74.43,44.08,1.858,20.47,26.7,33.0
2023-11-08,Los Angeles,123,30.33,71.67,78.44,50.07,2.979,17.89,11.2,
2023-08-10,Dallas,109,23.62,51.24,56.8,53.57,2.351,18.5,3.9,73.8
2023-04-10,Los Angeles,175,39.35,87.77,72.91,,2.905,21.28,18.8,36.7
2023-08-25,Dallas,118,25.58,55.21,51.44,45.99,1.517,13.72,7.0,63.6
2024-01-30,Houston,174,33.26,89.95,68.14,50.69,2.201,14.68,19.7,49.7
2023-07-17,Dallas,127,30.17,61.61,54.71,50.08,2.75,15.81,,64.8
2024-11-03,Houston,125,30.63,55.31,60.07,55.15,2.401,19.07,2.6,88.0
2024-08-06,Austin,103,24.73,,48.63,38.65,1.342,11.22,12.4,76.6
2023-07-03,Dallas,152,35.48,73.16,56.5,44.07,1.71,15.35,13.5,73.5
2024-07-25,San Antonio,96,24.21,43.75,35.29,40.24,2.084,10.02,7.4,62.6
2023-04-19,Fort Worth,161,29.0,64.03,118.49,,1.553,16.46,42.3,28.3
2024-10-15,San Jose,79,19.13,38.75,53.9,39.66,1.628,9.83,1.9,92.1
2024-01-02,Austin,80,19.24,42.03,55.88,41.5,1.626,8.44,16.3,69.4
2024-04-14,Jacksonville,116,31.75,60.53,60.45,38.52,1.588,16.01,25.6,33.8
2024-11-12,San Antonio,111,,51.27,59.52,51.49,2.382,16.12,2.8,95.1
2023-04-17,Chicago,127,32.83,75.02,103.25,45.46,2.399,16.11,33.4,44.3
2023-07-04,Dallas,128,29.04,64.15,64.42,48.05,2.16,,13.4,77.6
2024-02-16,Dallas,125,28.48,61.82,70.77,42.2,2.468,14.11,25.9,20.6
2023-12-12,Austin,85,24.3,51.01,50.52,44.14,2.084,14.48,6.6,70.1
2023-06-11,Dallas,120,29.92,60.12,71.95,52.43,2.384,16.21,20.0,38.5
2024-09-06,San Diego,97,21.35,37.37,44.92,29.91,,21.78,11.9,77.2
2023-12-27,Charlotte,108,20.59,46.04,46.61,38.91,1.721,,10.5,67.4
2023-11-19,Dallas,99,19.92,46.27,62.35,44.97,2.359,20.42,5.5,89.1
2023-11-29,Columbus,109,,44.94,53.4,50.3,1.75,,2.2,75.8
2024-01-16,San Antonio,110,26.05,53.42,66.27,45.0,2.044,22.31,14.2,69.3
2024-10-10,San Antonio,80,19.89,39.0,32.56,44.07,1.801,12.98,-0.5,63.4
2023-11-28,San Jose,102,24.59,45.08,54.86,42.1,1.837,11.79,9.2,87.9
2023-09-04,San Jose,72,14.88,36.23,50.03,29.83,1.7,13.55,-0.9,86.3
2024-07-12,Houston,120,30.21,59.8,70.27,46.68,2.74,14.91,3.4,56.6
2024-01-20,Fort Worth,114,26.4,54.03,59.02,39.17,2.481,17.01,18.3,42.0
2024-07-17,Charlotte,109,26.94,58.65,64.32,42.12,2.342,14.51,15.3,50.1
2023-09-18,Philadelphia,114,29.24,58.09,39.63,44.04,1.889,19.75,-6.2,85.7
2024-04-08,San Diego,77,,41.55,58.96,32.3,1.679,14.11,21.4,30.5
2024-02-11,New York,128,28.88,61.5,53.95,37.4,2.671,20.45,19.9,47.2
2023-02-05,Phoenix,152,35.69,70.97,64.48,42.22,2.43,16.23,25.9,44.1
2024-09-02,New York,105,28.58,59.94,54.04,44.47,1.894,14.51,-0.2,88.7
2024-06-14,Chicago,112,26.95,60.87,78.99,44.58,2.502,14.57,30.1,63.5
2023-11-06,New York,121,27.34,59.31,61.78,57.87,2.347,15.67,6.2,90.6
2023-11-04,Houston,131,27.54,67.3,67.81,43.88,2.79,21.73,4.8,92.6
2023-08-08,Columbus,116,26.77,48.95,44.04,51.24,1.641,10.48,,72.2
2023-11-19,New York,118,25.9,49.64,56.75,46.82,2.699,19.8,-1.7,95.0
2024-12-07,Columbus,95,22.36,42.8,56.95,48.37,1.593,20.9,13.2,65.8
2023-10-10,Charlotte,101,24.19,47.69,48.53,32.33,2.155,14.85,4.8,95.3
2024-07-20,Dallas,121,31.35,66.36,55.94,41.98,2.426,15.26,5.2,78.2
2024-07-23,San Jose,74,20.25,47.72,51.92,37.02,1.957,14.01,6.0,72.9
2024-08-08,Chicago,112,25.47,45.09,52.84,44.72,2.732,12.25,-1.6,82.6
2023-04-07,New York,104,25.6,57.66,67.31,34.15,1.644,12.8,24.0,33.1
2024-09-14,Austin,107,23.85,42.71,46.43,35.44,1.61,12.37,9.5,76.1
2024-04-16,Philadelphia,149,32.44,72.94,84.9,44.64,1.724,12.53,30.7,29.6
2023-06-09,Chicago,134,32.24,61.77,77.35,40.36,2.733,16.13,18.9,43.3
2023-09-29,Philadelphia,99,21.76,50.06,61.82,52.15,2.934,19.37,2.2,91.4
2024-08-19,Houston,107,24.2,53.56,69.4,45.82,2.456,24.71,-5.2,89.2
2023-08-27,Phoenix,117,,53.97,71.42,48.65,2.305,16.6,0.7,95.7
2023-11-04,Los Angeles,112,24.06,53.23,65.86,50.4,2.988,18.54,6.4,86.1
2024-08-07,San Antonio,121,27.39,59.71,45.39,43.01,1.879,14.1,0.6,78.9
2024-08-05,Charlotte,97,23.02,57.97,53.86,39.31,2.497,12.48,7.5,74.9
2023-08-11,Jacksonville,84,21.01,41.73,35.9,39.62,1.519,12.32,0.1,75.2
2023-03-21,Jacksonville,115,26.13,53.18,74.83,44.92,1.654,7.63,31.3,33.8
2023-11-29,Fort Worth,112,18.51,44.08,48.21,46.0,2.272,14.86,7.4,79.2
2024-05-09,Chicago,145,34.75,79.94,74.94,44.1,2.957,14.54,25.4,22.8
2024-05-14,Columbus,103,27.78,48.24,81.21,36.59,1.848,13.47,26.9,52.5
2024-12-07,Jacksonville,,24.17,49.68,63.64,40.35,1.755,14.26,4.8,70.7
2024-08-13,Columbus,81,18.96,42.26,53.42,37.98,1.995,17.43,-4.1,86.4
2024-08-12,Austin,128,26.48,52.42,58.55,36.51,1.597,19.98,6.4,75.5
2023-04-08,San Jose,121,25.12,64.83,78.91,29.87,1.361,11.6,32.7,33.6
2024-10-19,Phoenix,125,29.35,61.34,44.6,47.51,2.638,18.07,-2.6,79.2
2023-02-08,Jacksonville,139,31.63,71.97,70.14,44.35,1.9,13.72,24.7,40.7
2024-08-13,San Antonio,104,24.24,61.24,54.62,49.57,2.291,11.07,3.1,80.2
2023-03-22,Fort Worth,120,29.84,67.54,79.22,45.09,1.772,15.31,33.9,34.4
2023-06-18,Chicago,113,27.74,63.44,88.06,38.9,2.064,13.58,32.4,48.9
2023-02-27,Charlotte,95,24.19,56.06,75.93,39.84,1.545,12.12,26.3,35.7
2023-12-09,Philadelphia,98,23.11,43.58,74.87,,2.227,12.8,3.1,62.0
2024-07-06,Los Angeles,120,27.44,62.59,68.4,50.97,2.57,21.87,19.0,44.6
2024-03-20,San Antonio,128,25.24,67.51,88.35,49.31,2.329,9.61,31.7,22.3
2023-05-04,Columbus,114,28.15,60.91,82.07,40.54,1.9,16.19,29.0,40.9
2023-08-21,Jacksonville,95,22.81,44.32,48.4,38.18,1.311,280.66,-0.2,92.5
2024-10-30,Columbus,91,20.86,45.75,53.71,39.27,2.238,19.91,1.2,95.0
2024-09-08,Charlotte,121,28.0,63.33,64.69,33.88,1.679,11.06,11.6,83.9
2023-01-12,Austin,118,20.92,57.86,50.98,38.0,1.951,12.21,17.3,50.1
2024-10-09,San Antonio,77,20.76,40.01,50.55,42.6,2.238,13.66,0.9,81.3
2023-02-25,Phoenix,149,33.11,81.54,91.57,45.18,2.659,13.01,23.9,34.4
2024-06-20,New York,123,29.63,,64.28,51.26,1.907,19.51,18.7,59.6
2023-11-23,Dallas,102,26.05,52.89,54.44,48.75,1.848,19.56,3.2,80.7
2024-08-01,Chicago,127,26.07,53.58,56.22,46.99,3.191,19.39,7.7,63.2
2023-12-01,Dallas,116,25.01,47.17,60.79,52.63,2.504,20.63,6.9,80.0
2024-12-15,Houston,147,32.7,70.34,45.25,56.3,2.589,15.1,8.8,
2023-06-06,New York,137,26.3,71.53,86.21,41.0,1.932,14.84,26.5,32.4
2024-11-20,Jacksonville,84,18.61,41.62,47.15,43.25,2.681,17.14,7.2,79.0
2024-02-07,San Diego,89,19.53,50.93,64.28,32.27,1.769,15.76,13.8,39.6
2024-09-01,San Jose,98,22.57,39.55,45.28,35.42,1.653,13.55,-6.3,95.6
2024-05-31,Los Angeles,146,30.66,64.72,89.97,48.84,2.991,13.43,26.1,35.8
2023-08-16,San Antonio,91,19.48,35.96,47.22,36.04,2.33,19.83,6.2,87.0
2023-10-24,Fort Worth,104,24.38,48.78,37.06,40.71,1.267,16.77,0.2,90.7
2024-02-08,Chicago,130,30.77,68.63,59.05,47.24,2.405,20.06,20.0,41.2
2023-05-16,Philadelphia,134,30.45,63.1,84.91,55.08,2.663,15.27,25.1,40.4
2023-03-26,San Diego,109,27.58,49.93,87.96,35.48,2.015,11.17,31.9,33.8
2024-08-08,Jacksonville,96,21.29,47.24,66.89,28.14,,16.34,4.8,72.7
2023-02-20,Dallas,122,30.04,73.12,71.28,40.92,3.302,18.04,25.5,54.5
2024-02-13,Phoenix,135,33.55,74.03,94.69,46.47,2.159,21.47,28.4,52.9
2023-03-29,San Antonio,161,36.29,76.57,86.61,36.69,1.955,13.39,28.5,36.8
2024-05-28,San Antonio,103,23.98,56.32,77.61,48.26,2.399,13.51,33.0,36.1
2024-12-15,Chicago,81,21.28,43.9,55.78,48.5,2.469,19.04,15.0,54.0
2023-05-19,San Diego,105,21.51,50.59,80.84,35.14,1.674,14.2,34.4,24.1
2024-07-26,Houston,122,29.88,55.98,43.23,49.01,1.875,19.89,13.3,63.7
2024-05-14,San Antonio,102,25.81,47.97,62.42,36.0,2.304,12.13,26.0,42.1
2024-10-29,San Jose,101,23.34,52.29,51.1,31.21,1.807,17.38,-4.5,80.7
2023-07-20,Dallas,109,27.21,57.33,48.84,45.31,1.677,16.47,9.9,72.3
2024-09-22,Jacksonville,82,20.77,40.89,62.31,26.95,1.528,18.6,-0.3,94.9
2024-06-20,Houston,140,28.58,69.96,76.09,47.15,3.18,,27.0,39.5
2023-09-06,Los Angeles,126,31.4,66.32,62.92,46.6,2.809,19.07,,68.2
2023-09-30,Fort Worth,85,20.94,43.16,55.11,41.66,2.031,12.75,1.3,89.5
2024-03-16,Philadelphia,101,24.58,55.96,75.56,46.82,2.244,22.24,28.3,16.2
2024-12-02,Charlotte,115,28.17,54.14,61.73,,1.922,17.09,9.5,87.6
2024-08-12,Los Angeles,115,25.71,50.57,71.68,,2.642,20.5,3.6,70.1
2023-04-26,Austin,108,24.07,62.54,81.02,39.48,1.756,23.8,32.9,29.7
2024-02-28,San Antonio,107,27.13,56.17,56.15,36.31,2.196,15.19,18.2,38.1
2024-01-10,Philadelphia,122,26.76,57.61,89.84,44.57,2.899,18.75,23.6,60.7
2023-07-15,Philadelphia,88,24.0,48.71,62.89,45.18,1.709,14.06,,58.6
2023-12-19,San Jose,89,18.6,29.5,44.06,33.66,2.216,6.85,18.3,64.4
2023-10-30,Columbus,70,19.25,34.96,46.11,35.56,1.705,16.39,-2.4,82.8
2024-11-02,New York,106,25.06,56.21,75.87,35.23,2.407,14.19,2.2,75.9
2023-11-09,Chicago,102,26.3,46.82,65.37,42.81,2.344,17.52,7.2,93.5
2023-12-25,San Jose,125,26.27,58.02,50.27,36.84,1.73,7.34,13.9,58.5
2024-03-28,San Jose,104,24.58,49.99,81.31,40.69,1.5,11.05,26.5,32.2
2023-05-30,San Diego,107,22.61,57.57,60.5,35.43,1.563,7.07,18.5,69.1
2023-02-15,Charlotte,124,27.03,60.82,78.13,38.35,2.269,13.07,26.3,43.7
2023-08-28,Houston,111,25.7,54.01,63.62,57.31,2.629,14.63,-7.1,92.9
2024-12-02,Philadelphia,115,29.22,50.36,54.71,46.46,2.316,17.52,-0.3,78.8
2023-06-09,Fort Worth,102,24.42,44.45,79.69,45.65,1.985,,25.3,47.0
2023-03-29,Los Angeles,159,38.48,89.3,94.84,51.67,,18.76,31.2,49.3
2023-02-25,Houston,154,36.4,76.69,108.89,49.33,2.361,19.68,33.7,45.0
2024-09-27,Charlotte,88,22.29,41.25,48.46,40.16,1.918,14.18,-11.1,88.7
2023-06-01,Columbus,112,28.38,61.24,67.46,38.58,1.717,6.85,19.4,45.0
2023-10-22,New York,107,26.69,50.15,36.89,48.85,2.151,22.22,-3.5,79.0
2023-12-18,Jacksonville,91,24.78,49.36,73.19,41.29,2.24,15.45,12.7,74.1
2023-04-24,Phoenix,135,35.89,79.83,67.71,40.67,2.637,,21.3,44.7
2024-04-05,San Diego,129,28.01,67.0,56.1,37.87,1.938,15.87,30.8,41.5
2023-01-24,Philadelphia,122,29.46,69.14,76.74,51.17,1.701,17.57,,55.1
2023-08-03,Jacksonville,85,14.66,34.21,51.49,34.6,1.909,20.77,9.7,75.6
2024-07-04,Houston,136,31.66,70.18,84.98,54.92,2.89,19.57,21.5,54.9
2023-07-28,Dallas,124,28.49,55.1,48.59,46.29,2.288,12.26,8.9,75.1
2024-06-19,Fort Worth,112,27.85,55.16,64.4,47.16,2.453,14.18,16.6,67.1
2023-09-22,Dallas,97,21.58,51.22,52.17,51.39,2.518,14.12,-11.8,95.4
2024-05-09,San Jose,129,29.02,59.74,75.46,39.09,1.65,8.4,25.1,40.2
2023-05-25,Jacksonville,80,22.17,50.17,62.24,38.16,1.807,12.89,23.6,33.3
2024-12-16,Austin,107,23.45,51.42,58.06,41.93,1.68,11.61,24.6,84.4
2023-01-19,San Antonio,110,27.66,56.76,58.14,41.16,2.113,15.04,20.8,
2024-08-19,Charlotte,122,26.72,49.86,44.95,36.73,2.391,13.38,8.0,92.2
2024-11-10,Dallas,108,25.11,55.44,57.8,43.22,2.075,19.75,7.4,75.6
2023-02-14,Phoenix,128,28.23,65.46,81.67,44.85,2.501,22.05,24.2,26.0
2023-06-24,New York,96,24.56,54.62,69.22,46.87,2.42,12.76,17.9,53.0
2023-10-18,Houston,144,33.72,73.19,71.52,49.52,2.408,15.77,1.5,81.9
2024-12-14,San Jose,96,25.28,59.21,38.89,33.82,2.277,13.24,12.3,75.2
2023-10-05,New York,79,20.43,52.11,52.35,41.63,2.318,,4.2,79.7
2024-04-21,Austin,115,24.06,49.24,80.59,37.24,1.42,17.08,25.0,28.5
2023-01-09,Los Angeles,115,27.75,62.13,84.28,56.96,3.086,11.53,21.5,60.9
2024-02-02,Austin,91,23.87,46.44,47.57,35.31,1.368,10.84,19.5,52.2
2023-10-05,Austin,78,18.21,44.71,59.28,38.4,1.703,12.58,-10.3,87.5
2024-11-06,Philadelphia,92,24.05,55.94,50.22,46.27,1.793,22.42,4.2,92.9
2023-04-21,New York,116,29.04,62.44,87.93,45.3,2.288,16.65,28.5,54.6
2023-10-27,Columbus,131,25.09,58.39,42.6,32.91,1.96,12.94,-1.9,86.3
2024-10-26,San Antonio,101,24.17,39.4,57.44,45.63,2.056,15.14,0.9,67.2
2023-08-25,San Antonio,87,24.83,53.82,72.77,44.39,1.792,19.01,,68.6
2024-06-04,Jacksonville,94,20.14,52.46,62.27,46.23,1.299,14.05,20.9,49.5
2023-04-12,Charlotte,97,22.45,52.35,65.07,37.47,2.16,20.8,24.7,40.9
2023-11-20,San Diego,90,22.77,47.42,45.59,35.92,1.494,6.35,15.4,53.9
2024-09-03,Dallas,82,21.78,44.48,72.03,41.95,2.549,12.44,-4.4,78.4
2023-04-01,Chicago,140,32.99,66.88,95.78,41.24,2.802,17.69,34.9,45.9
2023-07-23,Dallas,103,22.92,48.47,53.95,43.09,2.014,23.23,7.2,71.5
2024-04-13,Dallas,148,34.23,78.28,89.51,40.39,2.889,17.83,32.6,27.1
2024-12-30,New York,107,28.2,61.94,63.75,42.49,2.778,20.81,22.8,42.9
2023-02-10,Houston,140,31.64,71.55,100.62,38.96,2.464,16.3,30.8,44.0
2024-06-26,Phoenix,146,35.51,72.82,73.0,50.71,2.576,8.44,19.3,48.3
2023-12-08,San Diego,88,19.47,46.33,57.65,37.18,1.395,8.56,14.9,
2024-02-07,Jacksonville,104,26.91,64.64,57.6,40.28,2.027,10.31,16.4,40.5
2023-06-10,New York,121,34.13,67.51,93.53,52.13,1.901,16.89,29.6,61.2
2023-12-22,Austin,95,25.03,56.84,45.31,37.72,2.187,14.01,16.3,52.1
2023-12-27,Philadelphia,98,22.08,42.2,58.47,43.0,1.788,11.91,9.8,66.0
2024-10-02,Phoenix,131,28.6,52.66,45.66,42.1,2.379,19.88,5.2,80.9
2023-08-30,Dallas,127,28.39,70.93,60.45,47.54,2.489,13.79,2.1,85.6
2023-10-10,Fort Worth,82,20.0,42.49,43.4,41.19,1.831,12.0,4.5,81.8
2023-03-05,Austin,119,28.7,64.43,77.29,37.5,1.696,15.72,34.3,15.0
2023-09-21,Charlotte,99,17.8,29.32,73.03,44.74,1.908,14.04,2.1,88.1
2024-02-01,Charlotte,126,29.15,54.0,69.52,35.28,2.144,18.33,27.9,31.8
2023-01-31,Dallas,89,,54.78,78.81,42.03,2.118,16.53,16.9,53.7
2023-10-14,Houston,95,21.93,33.17,66.96,47.09,2.553,18.24,-2.5,93.6
2023-06-05,Philadelphia,116,28.51,62.22,91.59,47.62,,17.79,29.2,43.4
2024-02-07,Austin,,32.45,71.62,69.36,40.48,1.806,15.14,22.5,71.2
2023-05-21,Los Angeles,116,31.01,69.85,74.68,50.55,2.502,19.21,,49.1
2024-01-27,Dallas,92,22.26,56.61,76.42,48.0,2.36,14.23,26.3,29.7
2024-11-25,San Jose,96,22.74,40.01,43.64,40.52,1.885,7.54,7.6,66.2
2024-10-02,Austin,94,22.49,53.65,63.2,37.25,2.223,19.8,-4.7,94.2
2023-08-21,San Antonio,83,19.01,38.05,44.08,43.29,2.594,8.9,14.2,75.3
2023-09-04,San Jose,96,22.39,38.52,62.15,37.8,1.997,14.49,3.5,
2023-06-06,San Antonio,102,25.78,54.08,59.67,44.73,2.368,17.47,23.3,41.6
2023-11-16,Charlotte,86,20.86,46.47,50.49,33.37,1.737,14.68,12.8,80.0
2024-09-11,Philadelphia,100,24.59,56.67,65.12,45.56,2.761,22.52,-0.8,
2024-04-04,Dallas,115,25.34,68.32,78.01,40.31,1.733,21.39,24.2,37.6
2023-05-15,Houston,139,31.92,75.01,70.4,53.95,2.763,22.23,21.9,64.2
2024-10-30,Chicago,123,29.04,55.6,60.64,45.31,2.557,17.58,-5.3,95.5
2024-08-17,Dallas,123,27.79,,44.34,44.53,1.932,15.97,5.0,80.0
2024-12-01,Fort Worth,115,24.76,54.36,51.22,36.86,1.756,17.65,10.6,74.7
2023-07-27,Columbus,104,25.57,60.48,41.28,38.78,2.116,13.17,5.6,53.7
2023-05-22,Phoenix,120,30.81,69.25,78.07,40.95,2.184,14.86,23.3,40.3
2024-12-06,Jacksonville,100,23.84,52.34,62.06,48.56,2.247,,5.2,78.0
2024-06-20,Charlotte,121,26.21,69.03,,39.45,2.472,17.72,24.5,61.0
2023-05-19,San Antonio,131,29.17,66.44,76.34,38.44,2.055,16.3,24.0,45.3
2023-05-29,Austin,96,25.44,57.57,61.26,41.1,2.049,13.02,27.3,50.6
2024-08-01,Charlotte,117,,53.74,62.61,46.94,1.805,17.36,10.2,77.9
2023-06-11,Philadelphia,112,27.51,63.46,64.51,44.11,1.669,18.43,18.6,62.7
2023-03-11,Dallas,148,34.56,70.27,92.26,44.78,,18.98,26.1,43.2
2024-06-29,Jacksonville,79,18.13,38.05,54.87,29.81,1.6,12.07,16.1,49.3
2023-05-02,Chicago,137,31.61,75.68,87.81,39.69,2.125,22.54,36.3,27.5
2023-11-22,Columbus,108,25.21,52.27,42.05,36.45,2.139,14.28,-2.1,74.1
2023-05-30,Jacksonville,128,29.15,66.91,66.7,39.39,2.54,12.42,23.5,73.0
2023-01-31,Fort Worth,124,26.04,59.33,76.81,39.9,1.889,12.05,22.9,42.7
2023-11-23,Charlotte,88,23.85,43.0,48.89,42.92,1.67,18.3,11.5,58.1
2024-02-28,San Antonio,113,28.04,62.92,83.27,38.96,1.499,14.36,26.9,42.9
2023-11-07,San Diego,93,18.93,34.98,39.47,32.97,1.829,18.99,-11.7,85.8
2024-10-14,Charlotte,92,20.4,27.8,60.73,37.75,1.815,14.09,6.0,74.5
2023-10-08,Chicago,106,26.13,49.34,65.38,40.54,2.139,12.24,5.6,95.1
2023-07-12,Los Angeles,125,31.85,73.97,66.24,49.27,3.17,18.67,13.9,53.1
2023-05-15,Chicago,155,33.38,69.88,66.15,42.12,2.722,19.46,24.1,50.3
2023-01-27,Fort Worth,117,27.85,58.13,79.58,32.88,1.781,15.64,12.7,50.9
2024-09-18,San Jose,97,24.01,57.73,58.17,31.16,2.372,11.61,3.9,92.6
2023-10-01,San Jose,92,18.98,43.45,43.27,37.7,2.052,10.81,-4.5,79.0
2024-08-03,San Jose,83,19.77,35.98,42.3,42.87,1.641,10.32,11.5,76.5
2023-08-25,San Jose,79,17.47,39.02,52.24,38.21,1.409,15.75,7.7,55.1
2023-08-26,Houston,100,25.59,46.04,58.88,48.51,2.601,14.54,6.6,66.5
2024-12-04,New York,116,28.29,58.93,52.06,43.32,1.844,17.72,1.7,74.8
2024-01-03,Los Angeles,152,35.73,71.51,68.69,53.49,2.315,21.5,11.1,48.9
2024-12-05,Fort Worth,101,26.01,51.21,51.91,41.4,1.901,17.86,12.8,78.8
2024-05-03,Chicago,142,29.08,62.41,93.1,43.49,2.206,16.06,24.8,46.9
2024-05-29,Columbus,89,24.47,52.29,73.25,40.9,1.869,20.34,26.4,52.1
2024-09-11,San Diego,93,21.57,52.14,54.04,32.94,1.07,16.31,2.0,84.0
2024-12-30,Austin,109,25.02,54.94,59.34,40.97,1.775,14.34,13.3,55.8
2024-01-18,Chicago,142,34.09,64.99,62.91,46.36,2.589,14.74,18.6,44.3
2024-02-01,San Diego,111,20.54,51.32,75.37,37.34,1.49,19.58,26.1,39.6
2024-04-30,Chicago,134,26.21,68.11,73.78,50.39,,14.24,23.9,41.0
2023-06-17,Houston,118,27.21,64.21,75.36,53.25,2.12,14.38,22.6,60.3
2023-08-20,New York,100,22.48,48.76,58.88,44.31,2.149,19.71,11.3,78.4
2023-12-12,Columbus,105,25.18,55.59,65.26,40.55,2.006,16.48,15.9,46.3
2024-02-23,Fort Worth,130,31.06,60.61,81.3,39.79,2.182,20.81,28.1,41.1
2023-01-16,Charlotte,120,25.85,53.05,66.8,42.83,1.42,14.06,28.3,47.6
2023-10-04,San Antonio,94,22.29,40.39,49.29,41.77,2.027,17.69,-4.5,82.7
2023-08-16,Jacksonville,108,27.19,44.64,50.06,38.38,1.711,11.77,-12.8,91.2
2024-11-18,Houston,135,29.61,58.79,74.83,48.39,2.873,,-4.7,72.3
2023-07-29,Los Angeles,112,26.32,52.97,77.2,50.57,2.746,24.19,12.0,57.5
2023-07-01,Charlotte,113,26.68,55.15,61.38,42.3,1.869,13.91,10.5,59.4
2024-03-25,Columbus,114,28.02,,72.16,45.2,1.714,9.7,25.0,37.6
2024-09-23,San Diego,46,15.56,33.45,44.18,36.36,1.567,15.37,-5.0,84.6
2024-12-05,Philadelphia,110,25.93,54.68,53.48,43.72,2.141,,13.0,80.2
2024-04-13,Charlotte,124,23.73,55.39,97.53,36.08,1.984,11.31,33.5,20.7
2023-09-10,San Antonio,70,14.44,39.8,53.52,38.82,1.825,22.52,-3.7,81.1
2024-02-19,Fort Worth,114,27.22,60.85,93.24,48.48,2.38,9.44,32.7,35.4
2023-02-12,San Jose,122,30.15,66.97,56.55,30.91,2.054,10.97,24.5,44.7
2024-01-25,Jacksonville,114,27.08,57.26,76.38,38.92,2.319,14.57,22.0,56.4
2023-11-17,San Antonio,128,25.31,58.83,63.01,43.38,2.237,12.93,3.3,67.7
2024-09-18,Jacksonville,81,20.08,43.38,38.13,,1.276,12.7,-7.3,89.2
2024-08-08,San Jose,91,27.86,50.33,52.79,40.65,2.512,15.06,1.8,94.5
2024-07-03,Dallas,154,34.34,84.86,61.04,47.67,2.036,17.28,17.3,51.3
2024-10-18,Charlotte,109,26.05,55.62,53.15,45.26,2.526,16.13,0.2,87.4
2024-12-22,Fort Worth,90,20.58,41.64,59.48,43.62,2.065,19.19,16.8,49.9
2023-02-09,Dallas,150,31.97,71.21,73.65,44.86,2.459,15.85,23.8,56.3
2023-04-22,San Diego,126,16.49,45.17,86.94,36.06,1.712,16.1,27.3,25.4
2024-04-12,Columbus,124,31.29,59.94,88.86,35.5,2.074,20.35,36.5,32.1
2023-02-13,Charlotte,116,27.44,60.86,61.02,32.22,2.605,20.31,20.2,39.4
2023-09-09,Dallas,109,24.8,49.82,39.44,52.61,2.121,12.64,,85.3
2024-07-04,San Antonio,92,25.73,56.51,41.64,35.49,1.84,16.3,12.2,62.7
2023-02-10,Dallas,112,26.11,65.1,68.09,49.78,2.39,12.46,20.4,45.3
2024-02-01,Dallas,127,28.49,67.45,73.18,43.12,2.737,14.77,19.3,35.0
2024-10-07,New York,55,16.56,29.57,48.03,47.73,2.626,14.39,1.0,79.5
2023-07-14,Phoenix,112,28.04,64.98,59.13,46.77,3.035,18.96,12.0,50.6
2024-03-26,San Antonio,140,32.37,62.43,72.7,44.25,1.984,10.71,29.0,51.6
2023-11-08,Fort Worth,105,26.62,52.71,75.51,,1.932,16.34,-7.7,89.9
2023-10-20,San Diego,88,20.39,33.88,37.93,39.31,1.286,15.04,-0.8,89.8
2023-06-20,San Antonio,108,29.24,57.71,51.58,41.09,1.953,14.44,8.0,66.3
2023-10-29,San Jose,84,20.81,41.17,43.05,44.56,1.515,13.16,2.4,78.8
2023-02-25,Jacksonville,101,24.73,55.54,68.57,42.56,1.534,14.08,26.5,43.1
2024-06-13,Charlotte,132,,60.53,63.29,52.13,1.66,17.36,15.6,55.2
2023-05-26,San Diego,99,20.5,44.27,81.26,39.39,2.257,11.67,27.7,34.2
2024-10-23,San Diego,113,25.57,47.98,59.6,36.02,1.354,14.72,8.0,78.5
2023-04-03,Jacksonville,127,26.59,66.51,101.24,37.31,2.287,15.02,38.4,21.3
2024-05-27,Los Angeles,144,36.15,87.32,73.89,50.88,2.727,19.71,17.4,52.6
2023-07-04,Fort Worth,103,25.81,51.27,56.43,47.24,2.293,8.9,15.9,48.6
2024-08-22,Charlotte,110,26.08,41.12,53.31,46.85,1.75,13.8,1.5,89.2
2024-12-13,Dallas,117,28.54,54.47,57.55,41.36,1.949,10.64,19.2,76.7
2023-05-19,San Antonio,130,29.8,62.03,95.78,44.17,1.835,17.41,34.2,36.4
2024-02-28,Philadelphia,105,,58.97,66.03,41.8,2.066,11.1,23.3,55.8
2024-04-06,New York,152,34.79,73.57,95.64,51.62,1.805,18.21,29.6,39.4
2023-07-03,San Diego,62,16.16,36.54,53.76,36.1,1.759,8.42,12.1,57.8
2024-08-27,Charlotte,90,21.35,43.28,32.37,47.26,1.913,15.94,2.4,79.6
2024-12-30,Charlotte,73,18.59,41.86,54.9,400.99,1.802,11.39,18.0,61.4
2023-07-26,Charlotte,91,20.8,39.14,57.47,35.49,1.551,16.35,11.6,76.7
2024-04-10,Los Angeles,167,41.36,94.7,85.29,54.25,3.287,20.16,22.7,34.0
2023-09-14,Philadelphia,80,19.34,46.53,45.85,35.65,1.975,13.57,3.1,92.8
2024-12-09,Austin,103,23.27,46.46,49.26,40.85,1.505,11.11,10.7,71.0
2024-12-29,Fort Worth,126,30.46,64.54,43.83,38.41,2.197,16.08,13.7,72.9
2023-06-17,Jacksonville,111,26.07,53.26,54.99,36.13,1.909,6.7,13.4,42.5
2023-05-07,Los Angeles,148,35.53,80.71,92.2,48.73,2.534,11.89,30.3,41.9
2023-04-27,Jacksonville,116,25.89,62.97,68.62,34.26,1.708,9.97,25.5,34.1
2024-04-05,Austin,121,22.23,62.31,57.09,38.66,1.952,18.3,29.5,28.4
2024-01-07,Los Angeles,145,29.57,74.59,76.29,58.21,2.836,13.15,19.2,52.4
2024-06-20,Jacksonville,103,24.58,57.57,54.49,34.38,1.909,19.82,18.6,59.4
2024-01-29,Jacksonville,140,28.27,64.59,74.68,36.3,2.144,15.75,24.0,33.1
2024-06-07,San Jose,114,25.61,57.45,48.17,36.7,1.61,20.26,18.3,43.6
2023-06-13,San Antonio,118,24.05,60.62,85.47,44.25,2.323,19.27,30.4,53.1
2024-07-17,San Antonio,113,25.88,53.72,45.74,35.12,1.939,7.4,5.1,73.4
2023-02-14,Fort Worth,117,26.92,51.6,65.96,47.37,2.408,17.78,23.2,42.8
2023-06-24,Charlotte,120,28.49,54.08,33.68,40.03,2.163,18.6,19.3,46.4
2023-12-10,San Jose,98,25.77,45.25,66.7,38.42,0.908,15.03,9.2,73.9
2024-11-06,Columbus,110,25.65,52.37,42.02,30.91,1.938,15.82,-6.7,91.1
2023-06-03,Chicago,116,27.86,,62.45,44.26,2.417,16.22,20.6,47.5
2023-05-29,Chicago,137,32.55,63.17,67.8,38.92,,18.88,,35.2
2024-12-30,New York,94,23.46,48.73,68.77,47.03,2.183,17.26,11.2,64.9
2024-03-05,Phoenix,149,32.5,82.18,103.44,40.4,2.528,20.75,38.9,29.3
2023-11-13,Jacksonville,85,14.68,32.83,54.85,45.55,1.816,13.82,14.8,74.3
2024-04-01,Phoenix,159,37.72,79.25,78.67,43.55,2.307,18.8,25.5,33.5
2024-10-03,Chicago,105,,47.1,59.38,45.76,1.654,14.24,-0.4,65.5
2023-05-01,Charlotte,104,25.46,60.25,75.34,32.81,2.307,16.27,33.0,17.8
2023-05-15,Houston,129,30.63,60.36,85.39,49.16,2.865,20.34,32.7,36.9
2023-01-04,San Jose,87,21.38,47.35,51.25,31.87,1.685,13.98,12.1,69.0
2023-09-17,New York,71,19.68,42.25,54.98,46.01,2.52,11.58,-4.0,77.9
2024-04-14,San Diego,116,28.07,55.29,69.45,32.17,1.273,13.9,25.3,12.4
2024-05-25,Dallas,120,28.49,55.38,61.44,42.67,2.009,14.31,23.5,47.9
2023-01-06,San Jose,108,21.7,48.43,61.11,35.51,2.113,10.78,14.2,43.1
2024-05-20,Houston,141,34.57,72.43,71.8,50.11,2.729,16.29,23.4,45.1
2023-08-11,San Jose,88,21.54,45.75,42.36,27.9,1.679,18.07,6.0,86.9
2024-11-06,San Diego,83,17.8,38.08,48.56,41.38,1.307,15.0,7.2,81.4
2024-04-09,San Antonio,114,25.64,66.83,68.02,46.05,2.018,17.25,23.6,52.1
2024-03-28,Los Angeles,187,44.46,106.39,97.77,50.38,2.423,16.79,30.3,39.9
2024-09-07,San Jose,75,19.44,38.63,53.04,40.8,1.817,13.73,2.4,88.9
2023-01-07,Houston,131,29.65,68.85,64.88,46.11,2.716,19.48,18.1,49.5
2024-07-14,Phoenix,119,29.54,64.62,49.0,49.19,2.985,16.92,10.8,57.5
2024-09-26,Austin,107,22.19,42.03,,39.9,2.075,14.99,4.3,94.8
2024-07-24,Columbus,88,19.89,46.36,48.34,40.46,1.881,9.92,12.1,43.2
2023-08-01,New York,94,24.06,51.87,49.82,48.3,2.705,14.45,11.5,73.9
2023-07-09,Chicago,117,25.49,55.55,55.02,44.46,1.623,20.21,8.3,61.7
2023-02-26,Austin,103,27.36,64.08,78.51,30.65,1.66,16.31,29.9,45.5
2023-12-24,New York,146,35.4,61.52,57.11,47.69,2.641,14.97,12.1,72.4
2023-05-29,Columbus,112,24.36,63.18,68.04,41.7,2.472,16.08,24.4,49.2
2023-10-14,San Antonio,,24.52,55.34,61.73,49.64,2.254,18.37,-1.9,95.2
2023-02-03,Austin,122,22.77,62.66,55.27,33.85,1.81,9.68,25.7,50.7
2024-08-14,Columbus,84,20.43,50.54,46.36,37.61,1.736,18.66,5.2,60.0
2024-09-09,Phoenix,100,26.48,45.72,57.97,49.45,2.181,20.08,-1.8,95.2
2023-12-06,Charlotte,110,24.65,53.73,42.09,31.35,1.973,13.5,20.9,59.5
2023-03-31,New York,120,27.73,57.92,69.61,47.04,,12.47,24.9,36.7
2023-04-22,San Antonio,122,27.96,57.61,80.39,39.46,2.121,9.4,23.3,39.6
2023-07-02,Chicago,120,25.71,68.9,56.98,50.54,1.865,18.81,17.3,56.8
2024-11-19,Phoenix,82,22.24,53.04,58.62,47.91,2.959,10.01,14.4,81.2
2024-09-17,Austin,101,21.48,53.94,52.46,36.7,1.133,18.35,-3.8,77.3
2024-12-09,Jacksonville,100,23.96,52.82,66.82,41.5,1.927,10.7,13.7,77.0
2024-09-01,San Jose,102,23.55,49.63,31.56,34.61,1.407,10.09,-2.6,91.1
2024-07-29,Chicago,121,28.46,54.37,69.78,247.05,2.471,16.53,7.4,73.8
2024-04-11,Jacksonville,150,34.94,78.45,91.18,38.43,,14.19,31.1,47.6
2024-08-15,Philadelphia,90,22.48,49.52,48.03,47.16,,14.81,-4.2,67.6
2023-02-06,Los Angeles,155,36.6,83.64,102.72,54.03,3.162,20.04,28.6,32.1
2023-11-03,Philadelphia,106,26.22,65.36,57.6,45.43,2.014,15.99,-2.8,86.8
2024-01-13,Charlotte,73,21.86,50.29,61.64,41.19,1.779,17.85,12.8,47.7
2024-01-24,Columbus,108,26.35,57.91,76.95,43.76,2.214,20.43,23.7,65.0
2023-03-11,Fort Worth,141,31.7,68.44,91.35,33.84,2.206,17.94,26.1,37.2
2024-03-13,Columbus,134,30.9,59.41,102.43,38.36,2.009,15.46,34.1,30.3
2024-07-17,Los Angeles,129,28.5,68.98,53.56,54.3,3.43,19.8,,71.8
2023-10-27,San Diego,99,22.85,46.6,39.88,36.58,2.041,9.14,2.7,91.8
2023-05-18,Los Angeles,146,37.18,81.98,84.85,42.82,3.008,24.91,22.1,44.6
2024-12-12,Columbus,107,24.07,50.94,50.88,45.13,1.933,15.13,13.7,53.1
2023-10-09,Philadelphia,109,26.13,52.6,62.16,49.05,1.874,9.27,-2.9,81.0
2024-06-23,San Antonio,94,21.08,41.16,52.0,45.38,1.851,15.99,7.1,51.2
2024-06-21,Houston,121,29.28,68.4,73.05,48.79,,17.38,14.4,63.2
2024-12-13,Houston,134,31.89,69.38,80.69,55.27,2.675,21.55,2.9,100.0
2024-09-18,New York,93,25.63,47.71,45.65,38.98,1.986,9.91,-3.6,94.0
2023-04-22,San Jose,116,26.86,54.42,84.55,24.41,1.788,,33.9,37.6
2024-10-06,Dallas,132,31.71,63.86,52.84,42.06,2.041,11.19,-2.4,82.4
2023-03-31,San Diego,91,21.33,47.03,82.87,32.0,1.77,14.6,32.7,19.1
2024-12-06,San Jose,97,15.46,35.78,63.76,43.58,1.865,17.55,11.0,84.4
2024-12-24,Phoenix,125,30.54,63.31,69.58,49.52,2.393,16.64,25.9,64.2
2024-03-13,San Jose,122,26.26,49.24,53.89,24.43,1.552,17.73,27.2,62.7
2023-11-21,Phoenix,116,27.14,59.28,63.71,49.51,2.224,17.68,2.9,88.0
2024-06-22,San Jose,113,28.06,60.44,43.02,42.08,2.038,19.17,17.0,58.0
2024-09-30,Philadelphia,83,19.34,50.5,51.88,37.94,2.155,11.13,0.5,76.4
2023-05-13,San Jose,92,23.73,49.47,72.41,30.14,1.875,15.91,27.8,37.7
2024-07-30,San Diego,61,16.83,35.34,43.71,35.98,1.596,10.96,17.5,78.0
2024-06-16,Jacksonville,117,26.62,44.09,63.15,32.73,2.312,16.75,14.9,63.7
2024-10-09,San Diego,56,20.5,42.75,48.62,36.64,1.87,14.6,5.4,97.3
2024-05-19,Fort Worth,107,22.59,55.7,78.73,46.48,2.56,19.2,,51.9
2023-07-04,Charlotte,112,25.26,55.72,60.12,37.29,1.618,8.92,11.3,53.8
2024-09-16,Houston,135,30.88,59.63,60.53,46.0,2.243,21.48,-1.9,72.2
2024-12-26,Phoenix,109,25.38,60.94,68.26,48.41,1.98,13.43,16.1,69.6
2023-07-18,New York,107,25.71,48.75,51.84,38.3,2.668,10.68,9.3,78.1
2023-05-02,New York,141,29.1,77.94,91.05,41.13,2.321,11.94,34.3,36.5
2024-04-21,Austin,96,22.19,45.24,80.64,39.9,1.307,8.29,28.5,24.8
2023-05-01,Jacksonville,109,24.25,59.11,78.8,42.46,1.916,17.53,26.4,49.5
2023-08-01,Fort Worth,91,21.52,54.18,59.12,42.79,2.6,16.58,9.9,75.8
2024-09-22,San Antonio,98,20.44,42.91,75.12,37.47,1.927,19.27,,94.1
2024-02-28,New York,131,32.17,70.06,77.18,44.71,2.448,15.89,32.4,30.3
2023-12-08,Philadelphia,112,,51.67,64.64,38.35,1.889,17.83,5.4,75.3
2024-07-27,Fort Worth,94,21.65,46.42,49.18,36.51,1.943,9.82,5.4,76.3
2024-10-14,Houston,102,26.04,59.51,59.56,48.36,2.205,22.74,5.1,81.3
2023-01-12,Austin,86,21.81,40.61,51.66,37.13,2.237,5.97,10.0,56.6
2023-07-26,Jacksonville,76,18.72,42.29,56.35,31.33,1.76,17.49,16.6,46.8
2023-10-16,Phoenix,110,24.37,61.93,49.74,38.27,2.561,13.28,4.5,93.6
2023-03-11,Phoenix,134,32.19,68.08,93.41,48.03,2.555,21.53,30.3,21.9
2023-11-04,Dallas,84,18.29,37.73,63.94,42.56,2.104,16.0,1.2,69.1
2024-07-17,Philadelphia,101,25.97,54.8,71.59,45.52,2.077,16.71,9.9,
2023-01-07,Los Angeles,125,29.59,70.34,75.79,50.16,2.954,13.93,19.4,64.1
2024-12-03,Philadelphia,84,18.31,45.82,45.89,37.2,2.632,12.05,3.7,83.5
2023-12-16,San Antonio,138,26.21,52.86,59.12,39.51,2.46,17.77,19.0,73.5
2024-08-05,San Jose,79,17.29,35.55,61.98,34.96,,9.65,2.0,65.3
2023-01-30,Columbus,121,23.06,55.89,49.75,,2.297,13.3,21.4,52.1
2023-06-29,Houston,108,22.86,61.39,67.16,48.53,1.8,22.66,15.8,50.4
2023-12-05,Columbus,102,22.46,41.8,39.98,34.55,1.562,13.89,-0.4,83.7
2023-12-13,Charlotte,133,31.43,62.98,64.97,32.69,1.965,12.36,11.3,67.3
2024-11-19,San Diego,92,19.33,37.93,48.48,35.52,1.661,9.69,4.0,91.1
2024-04-30,Fort Worth,124,28.24,61.55,86.88,44.09,2.021,10.82,28.0,30.3
2023-02-06,Austin,93,25.61,46.85,68.21,35.36,1.774,11.57,20.5,51.4
2023-05-20,San Diego,111,23.04,46.14,59.37,36.62,1.443,10.61,21.9,29.1
2023-06-09,Austin,94,18.8,31.34,60.02,35.88,2.152,22.56,19.0,47.2
2024-04-16,Charlotte,120,25.6,53.92,85.96,35.2,1.664,12.15,30.7,20.6
2024-07-03,Charlotte,109,25.62,47.16,55.55,39.98,1.653,12.31,13.6,51.0
2023-12-10,San Diego,110,23.52,50.75,70.49,30.61,1.541,15.1,10.7,
2024-02-28,Charlotte,94,23.27,50.69,63.86,37.01,2.24,15.8,21.2,13.2
2023-02-27,Columbus,117,26.75,55.15,96.45,45.06,1.549,17.03,31.6,30.3
2024-06-17,Phoenix,136,30.95,67.84,73.15,48.64,2.381,24.61,17.4,42.4
2024-08-01,Jacksonville,69,18.99,34.4,64.65,37.2,2.266,16.91,4.4,73.7
2024-11-25,Philadelphia,98,22.13,48.09,71.1,45.52,3.137,18.15,2.2,83.2
2024-07-22,Dallas,103,20.34,49.88,51.57,45.12,1.986,15.66,12.2,68.3
2023-11-28,San Jose,102,24.59,45.08,54.86,42.1,1.837,11.79,9.2,87.9
2023-01-20,Houston,133,30.21,67.49,,47.31,3.187,17.06,8.3,67.4
2024-08-14,Austin,96,23.37,53.63,56.5,30.39,1.581,14.81,5.7,94.8
2023-12-06,Fort Worth,85,21.54,45.57,52.83,45.51,2.442,16.91,0.1,80.6
2023-12-29,Los Angeles,132,26.0,68.87,54.13,52.29,2.822,22.44,15.9,56.7
2023-06-02,Phoenix,121,30.22,70.6,87.92,38.22,2.699,20.24,26.8,42.8
2023-02-01,Philadelphia,139,34.53,77.21,57.19,51.31,1.701,16.66,17.0,53.8
2024-07-02,New York,87,21.54,53.56,56.84,42.53,2.257,17.39,13.0,80.0
2024-01-20,Austin,119,26.44,52.43,64.3,38.07,1.542,9.5,16.1,53.6
2024-07-01,Columbus,462,25.95,62.79,56.1,38.01,2.238,8.89,10.0,42.0
2023-06-19,San Jose,99,20.28,36.59,70.17,34.0,2.137,17.02,22.6,37.5
2024-09-12,San Antonio,96,22.1,41.27,50.61,41.36,2.453,15.27,4.6,75.6
2023-07-11,San Jose,93,24.53,53.67,51.72,34.66,1.825,10.8,17.9,62.1
2023-04-30,Columbus,121,28.24,66.15,85.98,40.07,1.916,18.56,28.4,27.5
2023-11-12,Jacksonville,87,19.93,50.96,60.56,49.93,1.783,19.91,1.5,78.0
2023-11-19,Jacksonville,114,24.93,56.89,60.06,36.79,2.207,10.81,7.0,64.2
2023-02-02,Phoenix,120,31.25,58.58,73.87,46.6,2.38,20.2,27.9,21.9
2024-02-28,Los Angeles,150,37.38,87.54,77.91,,2.992,20.98,21.0,26.0
2024-05-23,Charlotte,96,23.36,55.49,69.19,37.49,1.852,11.32,24.9,28.7
2023-09-01,Philadelphia,108,26.62,58.31,51.85,43.84,2.288,21.39,2.6,94.4
2024-04-07,Columbus,134,26.89,,87.32,,1.836,14.14,27.7,42.4
2023-11-06,Houston,105,25.31,47.98,58.74,49.08,2.906,15.22,-0.0,83.4
2024-06-21,Phoenix,,29.96,55.69,65.12,46.67,1.864,12.3,15.5,46.9
2023-06-29,Los Angeles,134,31.47,78.26,75.07,47.94,2.805,16.76,11.0,51.4
2024-01-19,Fort Worth,,24.68,61.09,75.43,44.95,2.541,19.82,16.9,45.0
2023-02-08,Fort Worth,128,29.04,67.98,57.16,35.07,1.926,13.24,18.9,30.5
2023-07-26,Charlotte,82,21.08,52.21,59.63,45.4,2.201,15.8,8.8,75.0
2023-04-05,San Diego,114,25.56,57.38,66.98,37.43,1.576,14.08,34.9,21.0
2024-06-02,New York,123,,48.05,68.62,46.49,2.147,21.54,19.0,50.7
2024-05-09,Charlotte,138,27.65,62.97,97.8,44.19,2.333,19.36,31.8,44.9
2024-05-27,Chicago,174,37.32,87.39,76.63,47.25,2.014,21.47,23.6,36.8
2023-07-14,Philadelphia,120,28.98,61.46,62.03,53.71,2.425,12.74,5.1,73.7
2024-05-10,Jacksonville,93,21.56,50.37,75.39,32.19,2.126,14.19,19.9,35.5
2024-06-20,Phoenix,154,33.18,69.73,75.9,55.65,3.541,11.93,16.9,40.4
2023-12-02,Chicago,131,33.58,73.69,59.6,46.98,1.952,15.3,-8.2,79.3
2023-04-11,Columbus,124,29.47,66.68,63.96,40.82,2.074,7.93,20.9,45.1
2024-06-12,Austin,97,24.85,54.09,61.15,41.87,1.525,16.68,23.0,43.5
2023-05-16,Houston,124,31.28,72.98,90.48,54.31,2.38,18.41,26.9,40.6
2023-02-07,San Diego,96,21.19,36.42,69.07,31.27,2.281,12.57,22.7,28.9
2024-02-01,Jacksonville,90,22.98,54.58,76.01,46.53,2.023,,26.3,27.4
2024-06-18,Los Angeles,139,30.39,76.6,61.39,52.89,2.512,16.94,16.1,65.3
2023-01-05,Phoenix,111,27.48,54.7,59.41,50.5,2.094,15.01,8.2,56.7
2023-02-15,Austin,92,,55.54,64.33,37.46,1.621,14.41,16.8,33.4
2024-08-31,Columbus,102,23.22,49.42,52.85,42.51,2.002,13.84,4.8,80.9
2023-03-31,Philadelphia,139,27.61,71.32,103.89,45.53,2.428,17.27,36.8,33.3
2024-04-23,Charlotte,122,29.22,54.33,74.9,42.97,2.26,18.94,28.1,27.3
2023-02-17,Los Angeles,146,34.24,74.95,95.47,57.06,3.075,29.72,31.2,21.5
2024-06-17,Fort Worth,99,24.38,45.17,64.88,46.42,1.936,16.97,16.7,47.1
2024-11-05,Jacksonville,99,21.53,46.46,39.8,38.55,2.258,11.63,,95.0
2023-11-16,New York,93,23.85,50.45,72.53,40.79,2.331,13.49,7.7,56.5
2024-08-14,Fort Worth,93,24.64,53.86,57.89,46.54,1.604,16.41,1.8,94.5
2023-11-16,Austin,84,18.1,46.3,46.08,,1.824,17.34,,71.5
2023-08-03,Philadelphia,95,21.71,47.7,53.67,45.17,2.181,23.17,2.0,71.7
2023-07-25,Houston,112,30.17,58.98,63.41,47.05,2.146,,7.3,90.6
2023-10-21,Phoenix,93,20.06,48.66,70.54,41.19,2.436,17.7,4.9,81.0
2024-06-29,Philadelphia,84,23.36,52.88,71.01,44.13,2.136,13.76,12.4,52.6
2024-03-27,Austin,115,20.32,38.31,81.65,37.93,1.569,8.5,,31.1
2023-05-01,Phoenix,131,34.51,77.26,78.1,43.88,2.378,16.15,20.0,28.0
2023-06-02,Chicago,129,26.7,57.59,84.04,53.04,2.268,16.25,27.6,28.5
2023-10-08,Los Angeles,119,26.04,62.89,60.74,45.07,2.455,17.51,5.0,93.3
2023-01-16,San Jose,110,25.89,59.2,60.85,44.26,1.719,12.52,23.4,66.1
2024-07-27,Dallas,113,26.15,55.34,35.89,38.48,2.352,18.92,7.8,80.5
2023-04-15,Houston,128,32.24,72.24,95.86,47.09,2.979,17.97,27.4,38.7
2024-07-09,Philadelphia,120,27.59,51.07,81.56,49.44,1.443,11.76,7.6,78.2
2024-07-16,Philadelphia,57,17.27,40.8,50.31,37.65,1.829,18.23,8.2,79.1
2023-10-05,Chicago,84,18.1,40.4,59.44,,2.334,15.08,4.0,80.4
2024-12-22,Fort Worth,80,20.17,45.02,57.85,39.78,1.996,13.11,15.9,55.9
2023-10-18,San Jose,90,22.18,41.68,59.5,33.06,1.92,12.76,-4.1,93.7
2023-09-08,Chicago,86,19.81,34.45,55.42,38.74,1.906,19.73,12.2,95.2
2023-03-14,Phoenix,109,28.54,63.52,79.49,51.1,2.615,17.91,25.9,40.8
2024-09-19,Charlotte,69,21.06,46.3,59.75,37.36,2.086,13.36,-2.1,80.8
2023-12-13,Dallas,144,32.61,68.3,84.8,50.15,2.554,18.73,11.3,74.4
2024-03-30,New York,131,30.22,70.87,100.91,42.59,1.91,16.18,40.3,27.0
2023-05-14,New York,144,32.57,67.45,83.39,42.74,2.479,20.15,27.9,52.2
2024-04-27,Charlotte,100,27.06,58.65,80.37,33.6,2.961,20.34,28.4,49.7
2024-11-22,New York,107,23.17,45.8,44.63,44.24,2.097,13.35,10.5,73.1
2023-04-19,San Antonio,,34.8,75.49,69.8,40.9,1.528,14.47,22.1,43.5
2023-02-25,Los Angeles,167,36.79,70.96,105.1,50.66,2.646,23.23,30.8,24.0
2024-03-12,San Antonio,111,27.42,63.94,88.88,40.18,2.287,15.19,35.5,25.5
2023-07-03,Jacksonville,65,19.91,41.42,45.59,39.68,1.497,13.74,19.7,46.6
2024-09-02,Charlotte,98,21.87,49.44,52.41,43.2,2.172,17.28,2.9,70.2
2024-08-29,Austin,113,26.92,65.17,50.59,41.52,1.708,12.51,,79.3
2024-12-07,Jacksonville,99,22.9,47.86,56.53,52.73,2.27,16.16,17.2,65.4
2024-04-01,San Jose,98,22.52,53.12,61.86,41.99,2.031,14.58,23.7,22.7
2023-12-31,Phoenix,118,29.26,59.56,71.8,51.67,2.143,13.36,15.1,
2023-12-07,Columbus,100,23.85,53.45,48.68,38.88,1.713,15.91,15.0,
2023-07-22,Jacksonville,100,22.99,55.13,54.18,40.17,1.817,10.32,17.4,78.3
2024-11-17,Fort Worth,89,22.76,51.66,53.82,45.23,1.725,23.01,-1.5,84.5
2024-06-30,Los Angeles,159,33.34,78.22,67.29,55.0,3.052,,15.6,47.6
2024-04-21,San Jose,104,,51.24,80.43,32.03,1.16,13.22,31.7,45.8
2023-05-15,Los Angeles,178,38.24,97.59,76.09,54.39,3.42,19.36,30.6,58.2
2024-12-16,San Diego,100,24.0,48.12,62.32,42.41,2.559,11.65,13.2,75.2
2023-04-10,San Diego,96,19.92,55.51,75.37,35.3,2.08,6.55,33.6,36.4
2023-11-14,Austin,121,25.17,54.96,54.69,37.89,1.598,6.86,2.1,93.6
2024-10-21,Jacksonville,94,22.94,35.72,49.62,40.53,2.001,18.82,-1.2,81.7
2024-04-21,San Diego,95,19.14,48.89,71.59,36.25,1.557,14.5,27.6,47.3
2023-08-26,Houston,143,30.6,60.21,60.1,54.53,3.185,19.07,-1.2,90.9
2023-05-28,Columbus,108,24.18,60.96,64.93,34.74,2.359,10.07,22.1,41.6
2024-09-23,Phoenix,117,26.22,51.52,73.78,52.08,2.772,19.2,-2.1,79.7
2024-01-08,San Antonio,104,28.18,49.33,62.4,40.54,2.03,9.85,11.2,75.4
2023-07-07,Jacksonville,101,19.06,49.88,41.69,39.02,2.061,10.25,8.1,48.9
2024-11-12,Philadelphia,102,22.74,59.86,53.98,41.72,1.868,16.85,3.1,75.0
2023-11-29,San Diego,103,18.44,47.32,54.46,39.79,1.895,18.31,7.4,65.2
2024-05-14,New York,122,23.53,60.45,92.13,49.38,2.319,15.03,29.6,37.0
2023-03-08,San Diego,149,24.63,50.01,101.99,37.18,1.788,11.05,35.9,20.3
2023-04-26,Philadelphia,125,30.74,67.43,74.73,47.7,2.252,14.49,26.3,28.1
2024-05-05,San Diego,98,21.46,51.64,69.11,38.15,1.062,10.96,19.5,52.5
2023-06-24,Phoenix,150,411.28,80.37,64.84,54.9,2.315,17.99,13.2,52.9
2023-12-23,San Jose,96,21.26,36.14,61.33,34.15,1.425,13.39,6.6,79.1
2024-08-11,Chicago,120,27.27,54.59,54.14,47.54,3.073,19.51,0.4,75.7
2024-06-04,Los Angeles,160,36.25,82.52,73.28,58.35,2.965,16.08,18.3,
2024-02-20,Columbus,106,26.73,55.01,68.3,39.78,1.805,12.98,26.2,34.0
2023-04-20,Philadelphia,140,33.94,68.98,103.2,42.69,2.346,12.74,38.7,33.4
2024-07-23,Austin,,18.17,38.32,49.11,33.37,1.935,13.09,7.2,80.3
2023-03-14,Fort Worth,119,30.28,62.05,66.62,34.8,1.953,14.67,22.5,35.0
2023-11-06,Dallas,119,,65.63,56.39,43.07,2.283,21.32,3.9,79.8
2024-04-17,San Antonio,91,21.45,51.93,49.95,41.93,2.106,16.84,19.9,48.6
2024-08-27,San Antonio,75,16.2,28.45,52.66,43.52,2.052,12.06,5.6,89.0
2023-09-02,San Jose,122,26.76,49.95,40.2,42.79,1.545,9.37,1.6,96.2
2023-09-07,Dallas,108,28.02,54.92,51.17,43.39,2.18,19.33,5.0,89.5
2023-06-12,San Diego,104,20.65,54.04,51.1,38.9,1.475,14.38,14.0,58.8
2024-01-29,Los Angeles,159,39.74,84.51,58.61,59.76,3.012,17.33,15.5,69.5
2023-12-15,Houston,118,31.09,63.24,75.35,50.52,,,19.5,59.8
2024-12-11,San Jose,,21.01,49.87,55.6,34.38,2.088,13.48,8.2,70.4
2024-03-17,Fort Worth,96,24.34,52.83,70.67,52.39,2.573,15.39,23.3,34.4
2024-03-21,San Jose,120,27.94,57.3,96.39,34.65,1.615,,32.9,26.3
2023-12-17,Dallas,116,27.68,60.72,82.88,41.5,2.518,11.38,8.7,86.7
2024-12-11,Houston,136,30.97,60.95,72.36,52.41,2.786,16.35,5.9,65.9
2023-06-27,Austin,94,21.94,38.86,49.28,41.54,1.883,9.08,18.7,54.0
2024-11-16,Los Angeles,106,27.17,63.6,63.98,50.92,2.601,21.82,13.7,85.7
2024-12-29,San Jose,124,26.77,62.51,62.9,39.08,,12.11,20.8,49.6
2024-05-13,Los Angeles,157,32.23,83.52,84.79,50.38,3.233,21.89,22.6,28.0
2024-08-29,San Jose,80,15.81,42.72,32.75,31.68,1.975,14.31,1.6,75.6
2024-04-19,Philadelphia,140,31.85,81.96,68.4,47.25,2.317,15.44,27.3,34.3
2024-07-22,Los Angeles,144,33.09,66.67,56.08,48.82,2.324,17.6,-3.5,78.7
2024-03-31,Chicago,128,28.98,71.84,71.58,42.43,1.862,17.95,,40.2
2023-11-12,San Antonio,92,,44.26,58.11,46.63,2.181,15.19,1.0,87.6
2023-03-13,San Jose,87,21.77,56.04,80.67,35.29,1.443,18.03,26.7,37.4
2023-04-22,Austin,108,23.81,55.36,79.64,38.48,2.053,10.04,34.6,29.2
2024-09-02,Fort Worth,109,27.27,55.23,69.36,34.55,1.8,21.07,-0.3,83.9
2024-01-24,Philadelphia,113,23.85,52.35,59.08,42.91,2.18,13.03,20.6,44.8
2024-05-21,Austin,93,21.5,42.89,66.31,43.63,1.328,14.34,23.7,45.0
2024-11-07,New York,87,,44.99,56.03,39.19,,15.88,8.0,73.5
2023-04-03,Houston,,37.48,83.16,89.16,56.12,2.553,18.15,30.3,38.5
2023-05-23,Charlotte,125,29.26,62.54,73.53,49.18,1.779,18.46,24.4,47.2
2024-08-17,Charlotte,93,21.04,40.35,51.72,41.77,1.725,16.85,7.5,74.0
2024-10-13,Fort Worth,98,21.6,52.79,54.07,36.9,1.41,15.0,0.7,95.0
2023-01-01,Fort Worth,124,25.98,62.7,62.19,48.05,2.834,12.55,5.3,74.7
2023-05-31,Austin,,28.1,60.49,82.39,41.33,2.144,15.66,26.1,48.6
2023-06-02,San Diego,69,15.72,28.67,68.79,33.9,1.823,16.04,23.4,50.7
2024-06-28,Phoenix,139,34.52,79.14,56.63,41.95,2.346,24.53,6.9,53.9
2024-02-04,San Jose,108,27.06,46.82,68.55,34.22,1.928,11.85,24.4,51.1
2024-08-14,San Diego,103,20.55,45.83,40.45,42.98,1.592,9.31,10.7,79.4
2023-07-20,Houston,139,32.38,72.06,71.05,51.57,3.07,15.8,4.1,74.4
2024-11-28,Charlotte,110,24.77,54.37,46.31,39.42,1.674,11.84,8.1,84.3
2023-11-21,Phoenix,,27.47,58.15,57.37,53.83,2.398,16.21,17.7,62.7
2024-08-06,Fort Worth,82,20.45,36.34,46.67,42.84,2.101,21.84,5.1,80.8
2024-11-26,Phoenix,121,32.68,64.37,62.53,31.03,2.332,12.21,7.2,82.5
2024-03-21,Jacksonville,121,29.71,64.44,81.71,35.63,1.823,13.5,31.2,43.0
2023-12-19,Los Angeles,152,35.06,76.56,,47.59,3.257,18.51,12.9,86.7
2024-08-19,New York,106,26.71,50.27,52.55,50.69,2.385,14.06,6.5,80.7
2024-09-18,Dallas,87,21.82,45.05,55.23,44.53,1.942,9.97,-3.5,73.8
2024-02-18,Columbus,139,30.64,66.57,75.37,34.51,1.445,15.7,30.5,31.3
2023-05-11,Columbus,102,26.93,59.09,63.32,36.59,1.712,14.77,21.9,40.1
2023-10-29,New York,97,23.21,50.48,60.09,36.03,1.886,14.12,-1.2,83.5
2024-01-14,Charlotte,111,24.01,54.1,58.73,36.93,1.61,19.9,20.1,45.1
2024-07-16,New York,112,25.3,63.46,59.83,34.23,2.068,18.83,8.9,64.1
2023-01-01,Jacksonville,95,,56.98,58.97,48.13,1.785,20.36,21.7,56.3
2024-07-27,Columbus,99,19.98,41.63,63.89,40.1,2.077,14.94,8.7,75.8
2024-01-03,Los Angeles,149,33.24,62.38,68.04,49.87,3.242,9.72,13.1,54.6
2023-10-16,Columbus,101,26.28,51.77,47.63,41.74,,15.4,-5.6,90.6
2023-02-01,Houston,127,30.49,62.7,93.96,49.02,2.589,20.08,30.5,41.3
2024-03-18,Jacksonville,130,28.41,61.15,65.53,37.09,1.796,14.84,25.3,32.6
2024-08-27,San Antonio,115,26.17,54.57,48.97,36.47,2.117,20.42,1.2,94.2
2024-10-02,Philadelphia,106,26.39,52.44,62.91,51.29,2.089,16.12,-5.1,90.6
2024-12-29,San Antonio,111,26.44,51.83,62.67,36.64,2.105,7.54,7.1,60.0
2024-02-20,San Antonio,97,24.85,60.82,62.23,47.71,2.213,11.54,21.5,50.5
2024-03-21,Dallas,146,31.98,77.43,80.92,41.54,2.508,15.95,31.6,43.2
2024-03-16,Fort Worth,151,33.42,72.15,85.74,47.17,2.047,15.73,28.5,64.0
2023-08-05,Austin,62,17.74,29.32,55.25,39.08,1.591,13.82,14.2,85.6
2023-06-27,San Diego,103,20.79,47.93,49.99,47.34,1.423,18.8,23.4,46.9
2023-05-23,Houston,125,28.82,67.44,61.8,50.24,2.709,20.33,19.6,51.4
2024-07-22,San Antonio,107,24.19,54.18,51.19,45.8,2.494,9.57,12.2,56.8
2024-01-04,Columbus,97,22.63,47.31,63.07,39.67,2.308,16.65,21.9,56.2
2024-03-03,Chicago,123,28.02,63.65,96.73,47.36,1.867,16.81,31.0,30.9
2023-10-23,Columbus,80,19.63,46.51,49.74,48.32,1.971,10.97,-4.3,95.7
2024-11-17,Chicago,82,23.55,54.12,62.75,37.44,2.716,11.41,8.6,76.2
2023-05-18,New York,117,30.73,68.96,58.36,44.42,2.13,12.22,22.3,39.1
2023-03-15,Austin,100,25.8,55.47,71.64,33.95,1.974,6.67,29.2,50.8
2023-01-17,Chicago,115,27.99,49.81,70.24,50.02,2.285,16.24,18.3,45.9
2024-05-13,Austin,130,27.31,53.78,57.54,31.25,1.828,17.11,,27.9
2024-03-23,Chicago,142,30.0,70.53,107.46,54.36,2.039,14.21,40.7,37.5
2023-03-28,Chicago,140,28.11,71.44,96.92,48.18,2.058,11.31,36.2,44.7
2024-10-19,Fort Worth,105,25.01,53.59,59.12,44.91,2.196,16.4,10.9,82.7
2024-03-01,Columbus,135,29.27,74.86,63.16,38.82,2.357,12.95,24.4,36.7
2024-04-11,Charlotte,134,25.15,52.68,93.07,43.39,2.029,15.33,30.8,33.6
2024-12-13,San Jose,105,21.95,42.47,59.75,38.53,1.839,9.06,24.0,63.3
2024-03-11,San Jose,115,,61.83,83.54,34.83,1.257,18.36,30.1,45.9
2023-07-04,San Diego,118,24.07,48.07,58.66,43.07,2.022,8.83,9.8,62.6
2024-06-05,San Antonio,108,29.49,64.63,57.66,44.74,1.348,12.1,23.5,56.9
2024-07-19,Columbus,95,16.85,43.4,74.82,48.21,1.94,13.91,19.8,64.8
2024-04-05,San Antonio,118,22.14,62.1,88.09,37.36,2.301,17.92,24.8,27.9
2023-12-30,Houston,121,29.12,64.25,86.07,48.83,2.958,20.17,,53.0
2023-07-10,San Antonio,81,18.88,35.72,49.2,42.93,2.507,16.65,12.4,56.9
2024-09-11,New York,94,20.76,46.19,68.1,37.97,2.322,20.25,2.7,77.2
2024-08-14,San Diego,76,17.73,36.51,51.74,33.37,2.159,3.34,12.0,75.5
2023-08-31,Jacksonville,96,20.47,39.83,41.15,40.8,1.943,11.31,4.8,93.9
2024-05-28,Phoenix,135,28.34,64.05,68.05,40.03,2.734,15.3,18.7,44.2
2024-02-25,Charlotte,126,32.73,68.61,66.89,44.48,1.482,10.87,19.4,38.7
2024-08-08,Jacksonville,96,21.29,47.24,66.89,28.14,,16.34,4.8,72.7
2024-07-13,San Jose,,21.11,43.03,58.22,39.21,1.727,16.23,7.3,70.4
2024-01-11,New York,127,32.12,64.75,,48.49,2.609,14.23,16.2,58.1
2023-02-08,San Jose,126,29.59,59.05,70.83,25.28,1.327,17.08,32.7,32.0
2024-05-09,Jacksonville,100,25.05,58.96,82.45,37.72,1.831,15.07,32.1,53.5
2024-01-13,Los Angeles,149,37.01,77.42,69.96,45.15,2.773,14.85,7.0,55.4
2024-08-17,San Diego,64,18.9,36.35,34.05,34.74,1.628,16.77,13.6,81.7
2024-12-08,Los Angeles,134,31.41,73.46,78.93,48.03,2.752,17.32,6.6,56.0
2023-05-26,Jacksonville,108,27.12,60.47,67.78,32.09,1.454,13.13,13.4,56.2
2024-06-23,Columbus,122,29.19,62.74,66.61,45.35,1.849,17.74,16.5,82.5
2023-10-14,San Diego,92,21.6,48.7,56.2,31.65,1.738,5.23,-2.8,76.6
2024-06-13,Los Angeles,148,34.87,77.75,79.93,58.63,2.894,21.03,20.8,63.6
2024-06-19,Charlotte,93,,54.27,56.8,43.8,2.403,15.5,26.7,45.4
2024-09-16,Los Angeles,130,30.43,64.8,66.36,50.92,2.446,18.91,2.9,89.1
2023-09-09,San Diego,71,17.14,27.84,50.34,37.18,1.183,6.29,-5.0,94.1
2024-10-07,Jacksonville,81,21.41,48.54,59.85,39.83,1.837,14.88,-0.2,87.0
2024-11-10,Austin,,19.68,41.67,50.3,36.49,1.523,11.34,-6.7,85.7
2023-03-21,Austin,122,29.48,60.96,71.01,39.23,2.26,12.14,25.9,39.6
2024-10-10,Dallas,79,20.23,42.73,51.38,51.14,2.301,13.6,1.1,63.8
2024-08-16,Phoenix,114,28.88,64.14,52.68,57.61,2.49,19.45,9.5,66.5
2024-09-19,New York,110,21.07,51.23,45.99,47.39,2.286,19.9,-6.9,73.4
2023-12-18,Dallas,93,23.15,49.48,57.44,39.06,2.199,18.07,10.6,72.2
2023-01-12,San Diego,116,28.49,61.36,58.31,36.43,1.753,11.04,19.2,67.3
2024-04-09,Dallas,152,28.2,71.82,100.51,46.96,2.575,12.72,33.9,15.4
2024-04-25,San Jose,95,22.06,49.36,74.24,34.79,1.954,18.88,26.7,27.3
2023-12-06,San Antonio,83,19.68,34.34,66.27,37.87,2.197,10.73,12.6,45.5
2023-12-28,Fort Worth,115,27.01,57.29,75.89,47.78,2.541,15.68,14.0,58.6
2023-10-29,Phoenix,117,25.1,54.15,45.51,52.07,2.361,15.98,4.3,93.8
2023-06-21,New York,128,26.54,61.53,70.89,45.06,2.143,14.9,26.1,43.4
2024-12-12,Charlotte,95,22.77,46.76,63.98,43.31,1.618,12.13,11.6,74.4
2024-09-03,Jacksonville,83,17.97,37.27,60.19,44.93,1.981,12.24,7.1,88.3
2023-11-08,Jacksonville,94,18.37,32.65,67.27,42.02,1.898,19.41,3.0,75.7
2024-07-31,Phoenix,99,23.05,38.54,71.49,47.77,2.293,11.91,4.0,67.9
2023-03-04,Austin,114,22.92,40.4,84.72,40.09,1.559,21.02,33.9,34.8
2024-04-29,San Jose,93,23.22,56.16,,36.63,1.407,9.55,18.0,36.9
2023-06-23,San Jose,105,23.36,49.53,48.8,35.74,1.51,18.45,21.7,56.7
2023-02-22,Austin,107,27.05,58.17,57.63,41.78,2.267,16.33,16.1,35.2
2023-10-26,Fort Worth,100,24.15,43.99,51.09,35.02,2.123,14.8,-0.4,90.5
2024-10-01,New York,86,22.79,50.13,46.08,44.96,2.715,16.39,3.1,88.2
2023-10-21,San Diego,81,16.83,44.36,43.88,40.92,,11.7,-8.0,90.6
2023-03-26,Chicago,153,28.14,60.92,111.8,47.69,2.24,19.48,,20.6
2024-06-01,Los Angeles,136,35.86,84.72,64.45,49.94,2.733,12.79,23.2,48.4
2023-10-12,Phoenix,82,20.06,47.47,57.91,43.88,2.213,17.03,-3.9,89.0
2023-05-16,San Jose,83,22.0,43.16,58.51,33.45,,12.97,24.7,43.8
2023-10-15,Phoenix,108,28.46,61.62,57.06,61.46,3.512,11.9,2.5,90.7
2023-09-21,New York,92,24.15,57.15,61.4,42.57,1.988,18.18,5.8,90.3
2023-04-25,San Jose,97,,47.32,69.19,35.72,1.665,15.97,27.1,33.5
2023-06-28,Charlotte,76,18.66,40.17,58.95,35.77,2.208,12.64,9.0,59.3
2024-08-28,Jacksonville,111,27.06,59.2,,43.65,2.038,11.62,1.9,86.0
2023-06-04,Austin,113,26.51,48.96,47.98,37.82,1.817,7.55,12.9,55.2
2024-04-02,Philadelphia,138,33.98,78.58,84.72,46.59,2.091,16.99,32.4,41.8
2023-06-29,Phoenix,135,31.91,69.69,65.12,52.55,2.532,16.91,13.6,48.6
2024-12-18,Houston,137,34.87,77.93,69.29,58.28,2.922,16.12,14.2,78.3
2024-05-11,Chicago,138,29.37,66.47,114.15,,2.891,22.91,35.0,24.0
2024-06-24,Columbus,102,24.65,50.49,56.06,40.02,1.317,18.27,14.5,67.0
2023-02-03,Philadelphia,132,28.7,70.11,104.08,33.88,2.384,10.94,32.6,37.8
2023-03-28,Chicago,147,32.88,69.52,71.33,49.41,2.205,20.26,19.6,
2024-09-01,Charlotte,100,22.6,44.5,54.46,35.59,1.928,19.6,4.5,97.3
2023-06-07,Columbus,102,26.37,51.2,58.29,43.36,1.971,10.06,20.1,52.1
2024-05-22,Fort Worth,115,23.05,50.25,87.38,42.42,2.028,13.52,27.9,38.5
2024-02-27,Fort Worth,94,23.25,59.46,68.57,44.09,2.021,14.96,17.9,47.0
2024-01-28,Houston,143,33.32,74.88,68.88,47.62,2.136,18.01,14.6,57.7
2024-11-07,San Diego,89,21.17,47.58,52.67,34.75,1.656,17.56,5.2,64.4
2024-10-14,Chicago,115,26.53,62.85,59.51,46.22,2.012,16.48,-0.1,81.1
2023-08-04,San Jose,108,24.01,61.42,63.87,34.19,1.43,8.76,,83.7
2023-12-20,New York,123,26.33,61.75,61.11,47.51,2.339,20.18,20.8,57.2
2024-10-19,Phoenix,80,20.74,48.56,60.55,50.46,2.558,19.08,4.0,79.7
2023-04-29,New York,108,28.55,68.77,91.4,44.66,1.828,13.0,39.1,30.8
2023-06-21,San Diego,88,19.68,50.1,56.98,31.82,1.847,15.84,14.0,59.7
2024-02-13,San Diego,98,19.81,44.85,74.57,29.88,2.535,11.99,26.3,32.5
2023-11-05,San Diego,75,16.81,25.15,42.96,31.1,1.079,10.27,1.8,74.2
2024-06-29,Houston,130,29.97,71.29,70.72,53.9,1.952,23.64,12.6,51.9
2024-01-24,Austin,112,24.75,61.9,74.4,43.29,1.523,15.29,20.2,35.5
2024-12-23,San Antonio,131,29.79,62.6,63.58,47.58,2.033,10.76,15.5,57.3
2024-04-30,Phoenix,120,26.62,61.77,95.52,52.14,1.892,18.85,27.1,24.6
2023-05-29,Dallas,143,31.21,69.06,65.15,47.26,2.111,20.53,20.4,55.7
2024-03-21,New York,138,33.82,67.6,89.87,46.88,2.326,14.19,30.0,40.6
2023-05-18,Phoenix,146,36.38,72.59,84.24,46.91,2.336,21.71,25.5,44.4
2023-10-23,Charlotte,100,20.39,42.23,65.02,40.04,1.39,15.28,0.9,68.5
2024-04-04,San Antonio,127,25.83,54.95,84.82,40.11,1.994,18.27,32.5,25.2
2024-11-25,Philadelphia,106,27.49,58.01,46.12,48.99,2.07,17.79,2.8,91.3
2024-06-26,Austin,,24.92,57.97,59.05,40.44,1.869,19.45,23.2,52.2
2023-02-12,Los Angeles,152,34.34,80.57,77.8,,2.687,21.43,18.8,39.7
2024-06-28,Austin,84,22.59,50.8,57.3,43.6,1.737,10.1,15.3,
2023-12-29,Columbus,87,24.0,48.64,59.64,42.74,1.775,14.9,16.5,56.5
2024-03-18,San Jose,113,23.62,53.95,59.25,33.57,2.289,12.1,26.7,16.3
2024-10-29,Columbus,105,25.56,60.45,47.44,37.54,2.133,14.08,3.9,87.6
2023-10-07,Philadelphia,124,25.65,63.72,42.88,45.4,,16.18,-0.6,94.8
2023-10-04,Phoenix,88,22.94,50.08,70.09,48.72,2.567,17.41,2.9,81.9
2023-04-11,Phoenix,141,33.37,78.23,98.09,48.17,2.752,20.81,32.6,55.5
2024-11-01,San Jose,94,19.78,33.08,42.39,35.91,1.288,10.29,-0.2,79.8
2024-02-05,San Diego,91,20.28,47.66,59.49,38.26,,10.43,15.1,48.9
2024-11-22,Jacksonville,125,25.33,69.24,44.62,41.47,1.663,18.77,0.0,77.1
2023-09-05,Jacksonville,72,18.8,33.44,50.8,40.67,2.327,11.67,7.2,67.3
2024-11-19,San Jose,100,22.95,51.42,58.0,41.86,1.537,13.2,11.3,81.3
2023-07-19,Dallas,123,28.58,54.56,46.3,42.88,1.829,17.76,15.8,67.5
2023-12-12,Austin,98,24.88,49.53,62.65,37.78,1.446,10.48,14.6,66.1
2024-12-07,Chicago,79,22.89,46.78,56.64,51.3,2.488,10.24,2.4,75.9
2023-11-17,Dallas,93,22.69,47.9,51.79,47.5,2.124,18.16,-0.5,77.9
2023-01-11,Austin,90,20.47,40.02,54.89,46.06,1.989,10.8,17.3,39.5
2023-01-09,Columbus,94,21.14,43.79,55.82,41.01,2.135,20.15,12.7,42.3
2023-03-11,New York,125,28.8,59.02,86.06,45.64,2.333,13.99,36.5,47.6
2024-02-26,Los Angeles,,37.34,90.04,94.32,44.54,2.948,16.6,29.7,43.0
2024-06-21,Los Angeles,142,31.1,70.42,64.12,61.74,3.422,14.1,22.4,63.5
2024-12-02,San Diego,86,20.13,44.73,59.38,28.65,1.64,16.02,3.3,59.3
2023-12-26,Houston,162,34.31,71.77,77.52,53.38,2.109,15.5,2.9,67.3
2023-10-18,Phoenix,127,28.23,58.52,59.01,,2.676,27.25,-2.8,86.1
2023-07-17,New York,93,21.47,46.69,71.25,47.46,2.232,15.92,19.9,69.7
2023-01-25,San Jose,102,21.17,49.68,64.76,38.16,1.922,7.01,16.4,52.5
2023-04-05,New York,,34.11,68.7,83.37,36.7,2.279,14.15,27.1,46.1
2024-08-31,Austin,114,21.65,,48.05,37.12,1.841,12.66,-7.9,72.1
2023-08-11,San Jose,75,17.13,39.81,52.71,41.25,1.835,9.93,5.2,67.6
2024-10-15,Los Angeles,127,31.81,69.44,65.02,55.16,3.16,,-7.0,94.3
2024-12-26,Los Angeles,141,32.74,71.66,77.13,50.51,2.971,22.09,11.1,58.1
2023-03-30,Columbus,126,30.18,68.16,85.32,38.11,1.839,8.52,30.5,42.8
2024-09-11,Chicago,113,29.01,53.22,48.72,42.49,1.963,15.37,0.2,60.6
2024-01-20,Austin,86,20.18,49.84,56.0,40.2,1.374,20.52,14.8,60.6
2024-10-25,San Jose,111,24.28,51.53,,42.83,1.29,13.36,10.8,93.6
2023-07-09,Charlotte,88,20.79,41.78,57.59,44.95,2.114,20.12,8.0,85.9
2023-04-24,Jacksonville,102,22.71,58.35,56.93,32.23,2.158,18.14,18.4,45.0
2023-07-08,Phoenix,132,29.76,66.47,79.34,52.16,2.183,16.2,8.3,63.2
2023-10-29,San Diego,71,20.44,44.11,39.24,36.27,1.992,15.02,3.7,77.9
2024-11-07,Charlotte,78,14.37,35.96,63.71,41.6,1.641,17.54,6.5,71.4
2023-03-19,Austin,88,20.28,49.0,68.97,38.74,1.687,18.24,23.1,9.3
2024-04-09,Charlotte,124,29.52,63.67,96.6,32.86,1.701,8.22,34.7,26.9
2023-10-11,Fort Worth,117,25.44,39.17,66.62,47.71,2.272,22.03,-9.8,94.4
2024-08-13,Columbus,81,18.96,42.26,53.42,37.98,1.995,17.43,-4.1,86.4
2024-03-13,Jacksonville,125,26.0,63.45,91.01,32.19,1.79,15.82,35.1,29.0
2024-11-14,Fort Worth,87,19.85,47.4,66.5,48.71,2.245,10.63,-1.4,80.2
2023-11-28,Phoenix,126,31.02,71.13,50.72,49.56,2.325,15.96,1.2,
2023-06-15,Fort Worth,119,26.51,64.92,53.95,40.85,1.797,13.25,10.9,56.5
2023-03-17,Phoenix,146,35.32,75.95,71.38,43.21,2.394,13.05,17.3,26.7
2023-03-05,San Antonio,141,26.3,64.07,115.95,38.65,1.948,10.02,35.5,46.5
2024-02-02,Philadelphia,113,23.83,57.17,78.75,49.15,1.656,14.14,25.5,37.7
2023-03-03,Phoenix,134,30.08,78.92,80.43,45.49,2.35,15.77,24.8,26.8
2023-09-29,Chicago,95,27.38,55.89,50.58,41.21,1.816,12.94,1.6,86.1
2024-03-27,Los Angeles,132,36.41,82.98,105.26,47.97,2.418,19.82,29.6,23.5
2024-05-18,Charlotte,111,30.4,63.44,61.14,42.09,2.067,20.25,18.6,34.0
2023-07-25,San Jose,85,21.45,46.57,64.9,35.58,2.068,17.02,17.1,58.4
2024-02-07,Chicago,,36.01,81.79,76.76,53.22,2.543,17.37,22.9,42.4
2024-10-22,San Diego,108,25.19,50.42,54.36,38.39,2.095,13.25,-5.3,75.7
2023-04-22,Chicago,108,29.79,61.45,84.53,47.51,1.844,15.54,28.0,19.6
2024-07-07,Fort Worth,107,28.25,60.52,49.74,50.28,1.9,18.16,14.6,55.9
2024-03-17,Houston,130,30.47,73.0,87.25,49.72,2.516,23.42,34.7,28.1
2024-09-20,Austin,104,21.63,47.68,46.55,31.81,2.023,15.05,3.1,95.4
2023-04-19,Charlotte,114,27.3,66.98,79.37,39.1,1.757,11.25,27.3,34.1
2024-03-28,Jacksonville,119,20.23,51.9,93.41,35.28,2.594,10.35,33.4,13.9
2023-09-23,Los Angeles,114,26.02,51.57,52.58,56.67,2.975,22.97,3.9,71.6
2023-02-05,Los Angeles,151,34.14,73.34,79.57,50.41,2.97,14.18,29.8,44.2
2023-03-14,San Jose,122,27.64,56.62,82.52,40.13,2.051,12.39,30.4,27.0
2023-09-14,Fort Worth,95,21.58,49.49,57.67,55.15,1.321,16.67,1.4,97.0
2024-04-01,New York,142,32.65,76.7,97.28,44.59,2.357,18.57,42.1,51.7
2024-05-24,Chicago,140,31.87,64.78,72.28,45.53,1.498,15.68,18.6,43.0
2024-10-30,Austin,83,20.36,32.95,34.72,33.74,1.389,11.78,0.9,
2023-01-01,Charlotte,98,25.13,54.81,46.56,36.4,1.659,16.01,14.4,60.8
2023-02-08,Austin,119,29.48,61.09,62.0,25.95,1.978,13.88,18.8,55.3
2024-02-04,Phoenix,108,28.01,59.56,72.64,47.92,1.635,18.32,27.1,26.5
2023-06-05,Jacksonville,89,22.31,50.06,49.16,38.33,2.058,10.8,20.1,29.9
2023-12-04,Charlotte,100,21.35,53.48,45.21,43.21,1.899,13.2,10.8,
2024-02-05,San Jose,103,28.53,61.1,46.46,40.79,1.972,16.48,19.1,40.6
2023-01-04,Dallas,93,23.61,53.91,57.15,47.94,2.272,13.76,15.7,30.6
2024-12-25,Fort Worth,92,24.37,60.31,69.23,43.15,1.868,13.05,22.4,71.6
2024-05-17,San Diego,107,21.42,50.04,83.78,33.51,1.599,5.76,29.0,34.1
2024-03-22,San Antonio,118,22.46,48.5,88.91,47.27,1.702,13.23,40.0,11.7
2023-03-13,Dallas,156,37.63,83.01,94.17,50.03,2.484,16.28,25.6,32.0
2023-08-20,New York,113,22.98,,43.75,50.91,2.218,17.53,8.6,73.9
2024-01-29,Jacksonville,114,25.41,63.43,50.9,31.75,1.898,11.75,22.4,47.6
2024-05-08,Los Angeles,183,38.79,96.39,94.79,65.46,2.76,20.71,31.0,44.2
2024-08-03,Dallas,89,22.16,48.33,48.85,42.75,2.178,18.72,7.8,75.6
2024-01-03,Philadelphia,115,27.78,57.87,51.77,48.01,2.752,20.43,14.9,64.3
2024-11-29,Phoenix,131,31.04,67.07,67.8,43.93,3.071,18.75,11.2,74.6
2024-02-15,New York,130,24.53,64.01,98.07,45.92,2.983,14.89,31.7,39.5
2024-10-09,Austin,87,19.84,38.64,36.66,34.04,1.882,15.62,-6.4,87.5
2023-04-03,Philadelphia,120,26.92,63.48,82.05,45.56,2.292,21.28,21.5,34.0
2024-07-01,Columbus,93,22.59,53.33,45.54,31.41,1.842,17.48,11.7,56.3
2023-12-15,Los Angeles,94,23.11,47.31,63.49,52.59,2.761,20.51,7.1,72.9
2024-04-15,Fort Worth,122,27.58,57.7,75.26,43.55,1.903,14.21,23.3,40.4
2023-10-24,Austin,76,20.99,42.27,52.61,42.21,1.97,15.13,2.4,83.7
2023-07-27,Chicago,102,25.49,49.81,67.81,53.66,2.244,19.91,16.3,52.5
2024-07-21,New York,82,21.72,48.9,73.05,49.33,1.429,15.31,9.3,71.4
2024-01-29,Austin,109,19.1,35.2,88.56,44.01,1.557,8.04,30.5,37.0
2023-07-15,Phoenix,147,33.74,71.61,74.98,48.2,2.542,13.73,6.9,70.6
2024-12-13,San Antonio,83,17.57,39.2,55.62,38.63,1.805,16.12,17.8,65.6
2023-04-20,Austin,124,24.26,62.03,93.94,33.23,1.867,8.1,30.6,52.6
2024-12-06,Philadelphia,87,23.84,41.12,51.2,41.66,2.263,14.92,8.9,76.3
2024-05-13,Los Angeles,155,34.19,81.48,85.85,41.67,2.341,23.89,23.5,33.1
2024-10-09,San Diego,85,20.4,44.81,51.08,39.79,1.866,16.51,1.1,82.2
2023-07-14,Chicago,95,22.94,51.54,47.37,38.33,1.887,19.0,13.7,72.1
2023-02-06,Houston,164,34.35,74.18,69.75,49.79,2.807,16.42,23.2,52.2
2023-01-26,Jacksonville,81,22.82,52.5,66.76,37.81,1.759,15.54,20.4,61.7
2024-08-30,Houston,126,29.22,64.39,45.12,57.23,2.376,11.89,,92.3
2024-05-15,San Antonio,92,25.48,59.58,77.27,45.73,2.688,14.4,27.0,51.4
2023-03-06,Fort Worth,126,28.36,61.24,82.47,37.88,2.421,15.3,26.2,31.0
2024-07-07,Austin,90,25.22,54.85,66.22,35.59,2.194,14.68,5.2,61.4
2023-11-12,San Diego,76,12.48,28.22,53.9,37.21,1.85,3.39,9.8,91.4
2024-06-30,Columbus,89,20.75,50.46,55.41,39.74,1.97,7.03,22.8,58.7
2023-05-26,Philadelphia,110,24.11,61.65,77.96,44.6,2.058,,23.3,28.6
2024-04-05,New York,129,30.19,70.81,101.64,44.18,2.029,12.37,34.7,10.7
2023-02-07,Philadelphia,108,26.79,52.62,80.72,39.67,2.673,15.07,22.1,38.7
2023-02-27,Philadelphia,134,24.21,62.23,104.94,34.81,2.198,15.25,34.2,35.8
2023-02-13,San Antonio,115,28.6,67.01,90.46,51.16,2.536,12.84,34.2,23.5
2023-05-02,Houston,,35.85,86.66,73.86,49.58,,17.76,28.9,42.0
2024-10-31,Austin,72,18.21,35.29,60.86,33.93,2.091,12.75,-0.7,86.4
2024-06-19,San Diego,103,22.47,53.42,33.15,32.51,2.03,14.68,22.3,76.8
2024-11-25,Columbus,100,23.08,49.14,46.23,34.48,2.49,17.23,9.6,62.6
2024-07-03,Chicago,125,29.68,55.45,74.27,38.56,2.299,17.74,10.3,58.0
2024-08-16,Houston,121,25.76,60.03,55.01,46.83,2.367,17.39,8.5,93.7
2023-03-15,New York,140,32.18,69.29,90.58,34.1,2.174,19.54,31.7,60.3
2023-05-25,San Diego,95,25.48,52.55,51.89,35.29,1.68,13.39,24.1,
2024-10-31,New York,95,25.74,55.13,54.47,40.6,2.469,14.53,1.1,86.6
2024-04-27,Charlotte,111,27.37,60.02,68.65,43.59,2.272,18.72,26.6,38.5
2024-09-25,New York,103,16.2,37.47,62.48,41.83,1.872,12.9,-0.1,67.5
2023-09-06,Jacksonville,100,23.97,38.23,59.38,,1.448,11.13,6.9,86.1
2024-10-26,Chicago,110,24.6,51.48,59.32,48.32,2.241,11.68,-1.4,93.9
2023-01-15,Chicago,136,30.54,68.09,54.26,50.45,2.471,15.34,15.7,66.0
2024-10-09,New York,89,22.91,44.0,49.98,40.37,1.956,18.56,-6.4,89.6
2023-11-11,Columbus,,19.77,46.93,67.29,40.26,2.222,12.6,2.2,76.7
2023-04-10,San Diego,104,28.69,62.43,57.62,34.09,2.042,10.94,21.8,30.9
2024-09-17,Chicago,87,19.7,50.92,48.62,45.88,2.11,16.05,-2.6,88.4
2024-08-28,Los Angeles,121,29.24,60.12,62.12,,3.36,20.11,10.4,71.4
2023-04-19,Los Angeles,125,29.32,66.58,88.36,53.76,3.024,17.33,25.9,22.3
2024-05-24,San Jose,102,25.86,61.63,65.73,43.6,1.985,12.83,22.0,41.7
2024-09-22,Houston,109,29.6,69.54,55.27,42.92,2.538,16.17,-5.6,89.3
2023-03-06,Fort Worth,135,25.04,48.71,112.96,44.53,1.719,15.67,,38.7
2023-07-27,San Antonio,109,24.53,47.93,54.16,45.05,1.989,19.77,11.2,73.4
2023-12-12,Fort Worth,120,28.15,74.75,62.56,,2.491,10.34,5.2,59.1
2024-11-25,San Antonio,82,20.02,47.8,50.8,39.82,2.001,17.79,11.1,68.6
2023-11-29,Los Angeles,106,26.76,56.82,65.71,55.71,3.613,16.64,6.4,68.4
2024-12-01,San Jose,110,25.02,53.68,57.77,,2.196,13.1,9.0,81.5
2024-07-12,Chicago,106,22.05,51.61,66.48,44.69,2.218,18.8,5.1,78.8
2023-11-26,Columbus,102,21.48,44.8,51.15,40.52,1.667,19.86,12.0,66.4
2023-08-07,Fort Worth,113,25.9,50.69,49.83,38.37,1.828,14.9,1.5,68.1
2023-02-16,San Jose,82,23.1,45.6,66.78,40.38,1.273,19.22,27.5,37.9
2023-06-27,Philadelphia,103,26.18,53.99,58.67,44.51,2.415,16.44,23.0,51.0
2023-03-06,Los Angeles,148,34.22,75.06,111.19,53.27,,24.59,35.8,27.8
2023-10-08,Chicago,84,21.22,38.18,52.27,50.71,2.646,18.77,-2.5,89.0
2024-03-01,Chicago,126,30.63,64.02,64.03,38.7,2.619,19.05,20.2,14.1
2024-12-14,Philadelphia,144,31.66,70.46,55.18,42.14,2.225,15.6,5.6,83.5
2024-07-20,Chicago,100,23.84,56.25,55.75,49.03,2.248,20.3,9.9,60.4
2024-03-25,Houston,150,38.89,85.42,93.2,,2.072,17.08,29.0,33.3
2024-08-18,New York,117,27.44,60.33,48.83,35.75,2.147,19.66,7.7,78.2
2023-05-17,Los Angeles,142,36.7,85.9,101.55,49.82,2.253,22.11,28.8,40.8
2024-10-09,San Jose,497,18.36,40.81,59.33,42.61,1.462,8.38,-3.1,72.6
2024-01-21,Fort Worth,105,23.94,51.21,73.2,46.6,2.078,17.99,15.7,42.8
2023-06-11,New York,118,25.56,62.33,80.48,377.26,2.084,16.13,25.4,63.5
2024-05-13,Los Angeles,131,32.17,77.5,86.56,52.23,2.807,11.68,24.1,58.1
2023-01-07,New York,113,24.84,52.93,83.91,37.48,1.914,15.01,31.0,20.4
2023-07-03,Charlotte,99,24.27,55.45,44.72,44.36,1.759,15.78,17.3,70.9
2023-04-02,Jacksonville,112,24.09,53.29,76.05,41.12,1.972,16.98,29.1,34.3
2024-10-29,San Jose,90,19.42,45.61,51.01,30.41,1.812,15.02,-3.4,88.4
2023-10-18,San Antonio,99,22.33,47.78,70.1,39.97,1.843,9.86,-1.1,92.7
2024-12-11,Fort Worth,115,28.6,58.2,59.93,43.01,2.537,15.22,5.3,71.3
2024-05-02,Jacksonville,85,25.72,51.3,69.44,44.75,1.861,12.84,24.1,38.9
2023-05-10,Houston,121,30.88,75.36,70.82,43.79,3.017,18.03,24.4,15.1
2023-05-27,Austin,99,20.67,43.39,69.67,42.3,1.686,16.47,25.9,51.4
2023-10-05,Dallas,92,19.44,50.86,63.25,42.33,2.172,17.93,-6.2,
2024-04-06,San Antonio,109,21.94,46.32,83.92,31.74,2.351,12.7,35.6,36.3
2023-09-02,Chicago,96,26.3,47.01,47.9,46.86,2.185,7.7,-10.3,91.1
2024-09-17,Jacksonville,97,23.28,44.0,56.21,38.04,1.385,15.27,4.0,75.7
2023-02-08,San Jose,94,23.43,44.85,60.63,39.41,1.952,6.4,16.6,53.1
2023-07-04,Jacksonville,92,,41.33,40.79,40.26,2.216,12.15,17.4,58.2
2024-05-26,San Jose,95,19.59,46.89,46.41,44.78,1.438,9.52,14.2,47.3
2023-04-01,Austin,115,26.92,61.77,85.13,37.57,1.965,,32.2,32.4
2023-11-05,Philadelphia,98,21.78,46.88,,43.1,1.642,19.13,-3.1,94.6
2024-03-04,New York,122,27.75,59.37,80.1,44.71,2.681,,31.2,27.1
2024-07-25,Houston,99,26.86,51.99,57.07,55.45,2.517,19.16,7.6,66.0
2023-07-16,Los Angeles,135,34.05,73.59,79.23,55.44,2.772,17.59,15.6,93.9
2024-06-26,Los Angeles,124,31.21,64.84,64.48,47.26,2.468,17.46,16.3,53.4
2024-09-25,Philadelphia,114,27.84,62.67,44.26,46.19,2.23,17.79,4.3,79.8
2024-07-06,Dallas,125,28.24,70.91,42.85,47.88,,13.75,13.1,55.7
2023-08-13,San Diego,100,21.84,44.08,46.98,38.14,1.375,21.14,2.2,70.4
2024-10-03,Austin,91,26.01,45.31,49.89,35.9,1.852,12.25,-4.9,95.7
2023-08-02,Phoenix,107,26.08,52.82,43.99,41.26,2.123,16.61,4.1,68.4
2023-02-24,Houston,150,33.67,70.97,96.33,61.07,2.21,17.77,32.4,30.7
2023-04-26,Fort Worth,118,26.59,69.1,79.94,45.78,2.113,19.35,28.4,32.6
2023-06-02,Austin,88,19.81,40.84,59.23,40.07,2.006,13.22,20.8,51.2
2024-04-30,San Diego,108,25.55,60.39,77.91,28.72,1.811,15.1,32.9,28.6
2023-06-30,Chicago,118,26.41,,81.62,53.48,2.42,8.79,26.3,55.6
2024-11-17,Charlotte,95,23.98,51.44,49.85,38.59,1.926,15.32,0.5,77.9
2023-02-14,New York,137,28.28,64.83,88.61,42.44,2.354,24.27,33.8,34.8
2024-10-22,Philadelphia,107,25.85,50.71,46.59,40.57,2.62,13.89,-0.7,90.6
2023-10-19,Houston,100,22.48,40.19,36.08,45.83,2.562,18.0,10.4,73.8
2024-03-21,Phoenix,146,37.12,74.27,78.78,48.42,2.531,14.98,24.8,28.6
2023-12-09,San Jose,106,24.09,45.11,39.58,34.54,1.711,16.14,7.2,71.2
2024-04-09,New York,132,29.36,63.23,92.21,40.65,2.417,24.72,27.7,40.8
2023-04-17,Jacksonville,99,24.33,61.41,79.79,39.11,1.678,19.3,29.2,47.3
2023-02-23,Charlotte,139,29.45,66.44,71.37,43.52,2.56,16.9,27.1,50.9
2024-07-04,Chicago,92,27.51,53.78,53.37,44.43,2.509,20.87,9.7,63.3
2023-06-11,Fort Worth,120,28.72,63.74,81.73,39.24,2.392,18.79,17.6,54.8
2023-01-30,San Diego,111,24.68,48.51,58.65,33.46,1.655,16.95,22.3,70.9
2024-06-11,Los Angeles,135,35.16,78.62,61.1,48.2,3.07,17.8,18.4,39.0
2023-03-14,Charlotte,118,29.18,69.08,74.62,49.16,2.266,17.43,28.3,18.7
2023-08-29,Jacksonville,94,24.4,52.07,71.59,40.33,2.024,21.79,5.0,75.6
2024-03-31,San Jose,106,22.11,57.16,59.57,,1.804,11.54,14.5,35.6
2024-08-16,Philadelphia,100,23.76,41.2,50.38,47.93,2.45,14.35,4.8,87.1
2024-03-05,Houston,157,34.48,78.17,99.7,63.28,2.515,19.91,27.5,28.3
2024-11-24,Charlotte,113,25.65,59.08,50.3,45.63,1.782,16.02,9.5,56.0
2023-11-30,Houston,139,34.5,73.7,68.72,49.39,2.29,21.98,6.0,96.3
2023-04-23,Philadelphia,132,28.67,69.12,76.71,48.91,1.819,10.45,30.8,36.1
2023-08-22,Los Angeles,101,27.76,51.92,54.78,53.82,2.617,21.19,-3.5,72.5
2023-08-31,Jacksonville,77,18.81,44.43,62.96,41.83,1.902,12.33,-9.4,85.8
2024-02-27,Columbus,111,26.53,60.45,80.95,47.25,2.543,14.48,30.6,28.3
2023-07-24,San Antonio,105,27.03,56.54,59.91,40.39,1.817,12.57,4.0,62.9
2023-08-14,Los Angeles,89,24.03,52.94,63.27,49.16,2.705,20.81,3.3,77.5
2024-04-27,San Jose,127,26.17,59.25,93.18,36.88,2.062,21.41,32.9,30.8
2024-05-11,New York,145,32.8,68.47,68.54,43.41,1.868,18.12,18.9,34.6
2024-03-22,Chicago,154,35.65,73.84,86.27,47.4,2.656,14.82,27.5,39.6
2023-08-10,Charlotte,101,23.4,48.09,49.02,38.83,2.018,9.39,7.1,71.0
2024-09-16,San Diego,79,14.27,37.99,49.76,31.7,1.933,13.09,-5.6,66.3
2023-07-02,San Antonio,130,26.06,56.42,46.09,37.43,1.911,14.99,18.5,67.8
2024-01-18,Chicago,106,27.33,51.66,63.23,40.51,,12.0,21.0,42.2
2024-04-13,Jacksonville,160,30.23,70.29,105.39,40.96,1.548,12.87,37.7,19.6
2023-07-18,Austin,119,24.14,48.97,45.74,36.53,2.026,12.35,15.2,72.3
2024-01-03,Phoenix,101,23.94,54.36,70.62,51.26,2.308,20.74,19.6,50.8
2023-07-27,Philadelphia,99,,47.66,61.46,46.66,2.34,14.26,12.4,72.2
2023-05-11,New York,121,29.8,,72.99,39.76,,10.53,24.3,37.8
2024-12-09,San Jose,100,25.51,45.97,41.32,36.99,1.484,12.03,4.5,59.3
2023-03-03,Phoenix,152,34.71,74.27,110.18,48.49,2.023,15.53,41.0,23.1
2023-05-20,Los Angeles,156,31.74,79.46,81.14,49.02,3.221,,21.5,38.2
2024-04-21,San Diego,105,19.88,46.49,84.33,31.41,1.432,15.29,29.1,42.5
2024-03-04,Chicago,136,31.48,72.67,97.43,40.97,2.173,11.46,35.2,31.9
2023-12-18,Houston,128,28.95,68.08,70.31,46.72,2.65,15.86,11.2,70.3
2023-10-30,San Jose,78,17.38,31.54,35.06,32.59,2.002,7.02,3.6,72.2
2023-06-10,Fort Worth,107,29.48,64.61,80.04,41.12,2.305,12.52,20.1,53.9
2024-10-15,San Jose,100,26.61,49.52,42.3,37.46,2.12,13.79,4.0,78.8
2023-06-24,San Jose,77,20.64,49.41,40.0,37.34,1.785,14.52,20.5,60.0
2024-07-20,Columbus,91,20.06,50.44,54.04,33.27,2.072,16.47,11.8,71.7
2023-08-24,Los Angeles,133,33.74,69.69,55.66,46.09,3.002,20.86,10.0,88.5
2024-02-26,Columbus,113,26.72,61.28,60.59,37.83,2.275,18.89,16.6,53.9
2024-06-18,San Diego,108,27.48,66.32,70.75,39.38,2.09,2.08,21.1,48.8
2023-08-10,San Jose,92,23.41,50.36,71.96,41.53,1.953,15.18,-0.4,
2024-04-29,Columbus,104,23.89,56.1,66.04,45.03,2.072,13.19,27.0,44.5
2024-04-18,Phoenix,131,34.0,81.41,78.2,45.23,2.487,23.86,31.1,22.9
2023-01-15,Jacksonville,121,23.77,64.74,79.17,36.31,1.663,16.01,26.6,69.6
2024-03-14,Jacksonville,151,34.42,74.11,66.79,39.94,1.688,12.34,24.0,44.4
2023-09-10,Houston,118,29.33,62.23,68.63,50.18,2.297,20.19,-0.4,
2023-12-02,San Antonio,110,24.14,53.21,47.16,,1.926,21.46,6.7,90.5
2024-08-16,Houston,109,27.23,54.43,57.19,60.03,2.702,18.96,-7.7,95.8
2024-08-28,Chicago,117,24.51,62.45,64.47,45.06,2.43,14.07,-2.9,76.4
2024-11-21,San Antonio,106,24.63,44.91,62.11,41.72,1.766,7.71,6.4,80.2
2024-08-10,Charlotte,80,17.25,46.68,46.43,49.2,2.096,15.14,4.1,85.0
2023-01-06,San Antonio,130,32.05,67.21,45.23,40.42,1.874,14.17,11.8,65.8
2023-02-15,New York,111,25.4,63.35,69.7,55.2,2.263,17.88,23.6,33.7
2024-04-26,Jacksonville,127,30.44,70.31,96.11,36.75,2.274,16.72,33.6,20.0
2024-05-31,New York,121,29.08,65.48,73.98,49.06,,22.64,30.2,47.8
2024-03-11,Dallas,125,29.96,62.23,102.41,39.38,1.747,19.05,26.6,22.4
2024-02-08,San Diego,121,24.21,59.13,85.58,30.61,1.924,10.27,36.7,55.1
2024-12-14,Columbus,94,27.91,55.7,60.18,33.76,2.2,17.17,5.4,
2023-04-11,San Diego,94,21.64,50.52,73.6,30.92,1.726,10.94,27.2,46.4
2024-05-22,Houston,124,27.71,66.93,103.94,53.04,2.366,16.52,32.0,36.3
2023-03-27,Dallas,124,29.57,61.16,99.11,40.34,,16.64,32.6,35.9
2023-01-13,Jacksonville,87,19.91,44.11,66.23,43.57,1.975,10.06,20.6,49.2
2024-02-21,Houston,147,37.15,83.51,75.26,48.06,2.607,17.48,19.1,27.9
2023-05-16,Philadelphia,116,28.41,71.55,,40.05,2.312,19.29,27.2,30.3
2023-10-30,Houston,116,20.62,52.59,64.13,45.03,3.074,25.16,6.9,73.4
2024-10-25,Los Angeles,122,29.73,61.46,54.24,51.92,3.532,18.89,-0.1,87.4
2023-01-17,San Diego,90,21.27,46.04,63.93,43.79,2.163,11.54,15.6,38.3
2024-11-16,Phoenix,133,32.49,77.59,49.72,42.81,2.466,12.84,-1.4,81.1
2023-06-15,Jacksonville,111,27.34,63.31,75.36,35.17,2.048,10.94,20.8,33.1
2024-04-15,Columbus,94,24.08,59.93,82.64,34.83,1.972,15.2,30.3,28.3
2024-08-07,Jacksonville,96,28.21,55.65,38.17,44.69,1.859,15.5,2.6,81.2
2024-08-20,New York,105,28.63,65.64,48.88,44.1,2.034,16.97,-1.1,92.1
2024-04-10,San Diego,96,25.01,56.47,83.32,34.58,1.564,17.05,,36.1
2023-05-22,Columbus,119,24.5,53.91,98.25,36.51,2.164,9.85,28.8,34.3
2024-12-21,San Antonio,121,26.39,54.75,58.76,45.8,2.328,17.15,13.4,74.2
2023-07-09,Fort Worth,115,,52.53,61.14,44.26,2.464,13.79,17.4,70.9
2024-01-15,Austin,114,23.73,47.52,92.41,35.98,,12.37,27.5,49.2
2024-04-20,Jacksonville,115,26.29,,69.32,38.8,1.951,14.35,26.3,41.2
2024-10-10,New York,97,25.15,47.31,66.26,42.05,2.186,17.25,-1.4,82.3
2024-10-04,Los Angeles,128,29.14,60.99,71.31,54.03,2.741,15.3,-1.4,79.8
2024-01-30,Charlotte,106,23.68,58.35,58.81,40.3,1.999,8.56,19.4,65.1
2024-12-08,Philadelphia,123,,56.5,43.05,36.91,1.916,12.75,3.6,76.2
2024-06-27,New York,134,32.78,68.13,57.42,43.67,2.765,20.91,7.6,55.3
2023-10-31,San Antonio,98,21.8,44.75,64.97,37.19,1.706,22.37,8.7,84.0
2023-10-04,Jacksonville,70,,37.62,57.35,37.39,1.965,8.86,3.2,78.5
2024-09-19,Dallas,88,21.01,48.97,53.52,51.42,1.748,17.16,4.0,84.9
2024-08-12,Fort Worth,93,23.14,,51.39,44.97,2.168,9.34,4.2,78.4
2023-08-01,Fort Worth,93,24.43,54.58,47.52,36.09,1.74,,16.4,74.2
2024-12-02,Los Angeles,105,22.93,56.46,68.3,45.74,2.9,19.99,6.4,70.8
2024-09-27,Charlotte,88,22.42,36.45,59.46,44.83,1.744,15.81,1.9,94.2
2023-12-10,Jacksonville,131,29.9,65.13,30.35,36.19,1.474,17.04,12.6,60.7
2023-02-26,Dallas,134,32.54,69.15,89.46,43.48,2.584,12.22,29.8,30.5
2024-11-21,Philadelphia,110,23.35,55.23,47.95,49.1,2.361,16.6,11.5,72.8
2023-02-22,Los Angeles,144,31.21,66.29,88.76,50.2,2.812,12.98,28.2,
2024-01-28,Philadelphia,126,28.94,57.72,69.58,45.9,2.192,14.05,5.4,64.8
2024-04-21,San Jose,125,28.58,60.2,77.49,30.83,1.863,13.7,30.3,50.6
2023-02-11,Philadelphia,114,25.32,57.16,78.11,48.56,2.328,23.51,25.3,48.8
2024-01-11,Chicago,121,26.85,56.05,64.31,44.39,2.313,19.76,13.4,53.8
2024-10-25,Dallas,,28.37,58.01,56.32,42.71,2.402,22.41,5.1,93.7
2024-12-22,Los Angeles,123,29.56,67.49,71.66,46.81,2.481,18.22,22.8,56.1
2024-07-28,Jacksonville,113,25.63,50.63,49.21,41.55,2.078,16.36,7.1,73.3
2023-07-29,Chicago,100,26.89,59.62,67.6,44.29,2.074,17.32,11.3,62.4
2023-12-09,Houston,110,28.84,60.6,58.98,52.88,2.731,17.0,14.1,72.9
2024-07-06,Los Angeles,120,27.44,62.59,68.4,50.97,2.57,21.87,19.0,44.6
2024-10-26,San Diego,82,16.53,23.5,63.4,30.78,1.942,16.03,-0.5,78.8
2024-08-17,Columbus,89,20.13,43.57,63.15,41.31,1.9,17.31,7.1,78.8
2024-12-20,Houston,144,33.03,69.11,72.37,55.73,2.222,20.24,8.1,93.1
2023-08-19,Philadelphia,105,22.21,51.85,61.87,36.32,2.18,15.99,-3.9,80.8
2023-12-28,Charlotte,109,23.1,48.1,63.7,43.51,1.818,13.22,14.7,64.9
2023-10-01,Dallas,120,26.13,61.99,52.04,46.49,2.478,16.39,-1.6,91.6
2024-11-27,San Antonio,91,21.35,40.48,37.33,41.52,1.989,12.99,-2.5,79.4
2023-10-11,New York,95,23.7,54.21,56.06,43.85,2.094,14.66,-7.0,96.4
2023-03-06,Philadelphia,130,25.87,52.6,100.2,35.8,1.565,12.4,30.2,25.9
2023-12-20,San Diego,75,20.86,49.35,46.81,32.31,1.098,11.45,11.9,51.2
2024-05-12,Dallas,132,31.59,66.14,71.86,45.05,2.126,17.28,15.3,53.1
2024-06-23,Columbus,125,27.24,59.81,53.71,33.64,2.033,16.94,20.1,53.0
2023-05-06,San Diego,108,27.78,56.17,70.24,29.39,2.566,5.77,25.7,46.8
2024-12-27,Dallas,116,27.29,54.38,,41.21,2.069,19.43,7.5,71.3
2024-11-25,Columbus,111,26.54,49.59,52.7,33.86,1.995,9.66,3.6,79.1
2024-06-29,Charlotte,76,19.97,48.51,69.86,39.05,2.18,14.27,11.7,52.9
2023-10-27,San Diego,85,22.8,45.26,46.28,37.76,1.414,11.49,4.3,85.4
2024-09-27,Philadelphia,97,24.98,49.39,56.98,51.04,1.668,25.99,9.5,77.1
2024-11-20,Jacksonville,119,29.37,64.85,51.49,32.36,1.669,17.16,2.4,
2023-03-09,Houston,174,35.89,94.03,97.35,50.0,2.405,17.77,32.4,32.7
2024-04-13,Los Angeles,169,38.21,85.14,83.12,47.6,2.586,22.85,26.9,34.3
2023-03-24,San Antonio,132,25.74,59.66,99.41,49.07,2.387,15.14,33.4,10.9
2023-07-03,Phoenix,138,32.99,68.55,71.85,60.59,2.534,14.76,11.6,67.8
2023-03-20,Los Angeles,140,35.8,84.45,103.99,53.89,2.491,21.47,37.8,26.0
2023-06-18,Phoenix,149,33.51,67.44,79.76,48.06,2.492,15.42,22.9,50.3
2023-04-25,Jacksonville,116,28.1,59.76,62.86,38.19,2.292,16.11,25.1,42.0
2023-06-01,San Diego,107,22.52,56.68,63.46,36.96,1.492,,18.4,36.3
2023-06-04,Columbus,112,25.14,53.22,76.08,37.03,1.785,14.08,30.0,43.7
2023-07-29,Dallas,80,19.81,42.17,50.19,48.68,2.206,15.3,8.8,56.0
2024-10-04,New York,99,22.06,47.12,54.93,38.17,2.344,15.72,0.0,75.6
2023-10-28,San Antonio,113,24.89,55.91,56.96,42.47,,17.49,-0.5,84.0
2024-11-29,Dallas,107,22.89,50.42,57.42,46.65,2.076,21.03,9.1,57.9
2023-05-16,San Diego,110,22.23,53.02,89.37,34.85,1.534,9.37,37.5,42.6
2023-12-22,San Antonio,98,25.43,53.49,55.29,42.35,2.1,14.92,18.0,44.6
2024-03-30,Jacksonville,112,25.71,51.72,82.58,38.07,1.416,12.37,29.3,39.4
2024-10-22,New York,135,29.56,60.45,,45.46,2.144,10.76,-7.7,94.7
2023-10-26,Houston,101,24.8,54.3,65.43,49.24,3.205,20.3,4.8,76.1
2023-03-06,New York,112,25.18,61.7,76.86,47.66,2.109,18.42,30.0,40.0
2023-08-26,Columbus,105,25.59,47.67,55.83,40.0,2.085,12.73,6.7,
2024-06-16,Austin,84,23.52,48.99,52.6,44.87,1.264,10.11,21.7,53.3
2023-12-10,San Antonio,95,21.37,36.57,47.94,42.6,2.207,15.88,10.0,63.8
2024-08-15,Philadelphia,94,23.43,43.11,59.4,44.43,2.581,19.7,13.5,86.2
2024-11-02,Austin,85,16.8,40.2,64.69,40.62,1.885,16.97,8.1,80.3
2023-12-01,San Diego,51,17.71,39.25,45.18,42.77,1.762,10.89,7.9,75.4
2024-08-30,Austin,92,21.8,52.35,63.43,45.46,2.147,16.83,-0.4,95.0
2024-12-14,Dallas,99,25.57,57.17,63.47,43.33,2.22,13.93,11.8,62.8
2024-07-15,San Diego,71,14.35,28.39,48.98,29.04,1.286,15.57,11.8,61.1
2024-04-13,Phoenix,140,34.96,82.65,106.76,55.22,2.253,17.07,33.5,28.5
2024-08-03,Chicago,113,25.72,50.79,51.64,48.68,1.792,17.39,3.2,69.4
2023-11-10,Chicago,97,23.07,55.69,62.2,41.21,1.821,19.43,,88.2
2023-09-24,Houston,129,29.33,65.37,63.82,49.48,2.403,23.64,-14.2,91.0
2024-05-10,Philadelphia,135,26.12,63.18,96.76,43.48,2.086,17.9,29.3,30.3
2023-10-23,Fort Worth,110,,45.32,63.54,43.14,2.046,14.73,15.7,68.6
2023-02-18,Chicago,140,34.28,77.99,112.22,47.63,2.12,17.75,35.0,33.3
2023-12-28,Phoenix,109,29.29,66.75,58.98,40.77,3.204,12.22,11.5,74.4
2024-04-11,Chicago,150,34.01,67.11,87.04,46.0,2.076,16.05,28.1,45.2
2024-09-25,Charlotte,99,21.16,39.36,54.26,41.56,2.292,11.58,-5.0,79.9
2023-06-14,Jacksonville,82,25.21,54.68,60.06,38.18,1.974,15.93,16.2,34.2
2024-07-02,Phoenix,114,,61.3,56.33,46.18,1.855,19.64,12.9,55.7
2023-07-06,Chicago,136,33.45,69.18,65.95,40.96,2.205,11.83,11.3,56.3
2024-12-26,Jacksonville,114,25.04,46.03,59.73,34.02,1.564,12.08,16.1,67.5
2024-11-13,Fort Worth,102,25.43,50.08,55.46,33.13,2.41,17.23,3.1,76.0
2023-06-07,Chicago,126,27.66,64.05,72.85,43.6,2.462,19.59,28.8,39.4
2023-09-01,Los Angeles,124,28.25,55.68,61.92,62.45,2.497,14.76,0.9,59.0
2023-02-12,Philadelphia,123,27.42,61.98,76.86,40.37,2.258,17.0,27.6,41.4
2024-08-11,Chicago,107,25.79,50.52,60.32,41.94,2.705,21.86,7.7,70.5
2024-03-27,Phoenix,143,33.77,67.82,65.93,52.71,2.454,23.12,24.9,25.4
2024-01-14,Chicago,110,25.43,61.51,63.91,48.09,2.095,14.82,10.0,34.2
2023-07-30,Dallas,106,24.12,45.39,80.45,48.43,2.413,10.53,-3.7,64.7
2024-12-25,New York,118,21.64,44.38,70.75,35.08,2.349,,11.5,72.1
2024-11-12,Philadelphia,118,25.06,57.49,47.15,43.04,1.537,15.58,1.3,86.9
2023-12-19,Chicago,112,27.74,57.85,70.74,42.62,2.135,19.88,,31.0
2024-01-17,San Diego,125,20.82,51.74,102.52,46.69,1.67,8.62,,48.4
2024-07-06,Chicago,122,29.29,61.31,57.42,46.37,2.167,17.8,15.2,60.4
2024-06-30,Phoenix,146,,72.39,70.75,44.42,3.08,11.84,17.9,65.1
2023-05-05,Charlotte,110,25.45,58.17,69.18,29.37,2.571,12.0,25.0,31.3
2023-01-26,San Antonio,119,24.65,56.21,94.03,46.0,2.328,,34.5,53.3
2024-05-26,Fort Worth,110,26.79,67.81,73.28,42.68,2.221,19.32,26.1,38.1
2023-05-29,San Diego,103,26.74,64.27,40.18,33.13,1.855,6.36,19.7,28.1
2023-11-24,Chicago,103,24.73,46.68,49.01,44.62,2.699,11.71,5.0,80.4
2023-01-05,Jacksonville,83,21.72,53.47,58.41,38.55,2.136,20.44,17.8,77.3
2024-07-13,Dallas,97,22.86,59.42,56.23,,2.653,13.01,15.5,73.1
2023-12-06,Austin,87,22.95,33.3,48.73,42.85,2.235,17.57,15.5,67.0
2024-12-23,Phoenix,117,26.16,63.87,71.83,44.46,2.884,25.21,12.3,56.9
2024-04-30,Charlotte,118,25.88,59.19,88.82,42.87,1.907,18.44,35.2,26.0
2023-10-24,Fort Worth,94,19.9,52.46,53.66,43.73,2.357,13.78,,86.3
2024-08-10,Austin,97,24.54,51.47,37.38,29.74,1.826,17.23,13.3,77.8
2023-05-31,Fort Worth,111,29.88,57.08,58.12,45.23,2.613,16.57,21.0,51.5
2024-08-01,Jacksonville,106,25.59,57.0,,37.7,1.888,19.15,12.4,82.0
2024-03-28,Philadelphia,146,34.84,72.06,93.94,,2.344,17.0,34.3,54.2
2024-12-06,Los Angeles,127,25.8,66.08,71.8,53.06,2.735,17.54,-0.6,78.3
2024-05-05,Charlotte,136,31.19,69.26,79.3,44.88,1.959,18.22,24.9,36.3
2023-02-11,Chicago,115,29.64,66.86,73.83,44.17,2.578,,25.9,27.3
2024-11-25,Dallas,86,23.52,48.49,58.58,45.04,1.921,19.09,11.4,73.7
2023-04-30,Phoenix,153,35.33,74.5,110.26,48.09,2.328,15.74,36.6,15.3
2023-01-26,San Antonio,96,24.66,60.09,71.59,48.97,1.882,12.07,23.7,52.4
2024-09-24,Columbus,86,21.09,35.12,55.35,43.61,2.493,12.5,1.4,
2023-08-14,San Diego,82,21.62,47.85,55.22,32.29,1.973,12.77,-4.8,68.5
2024-01-01,Los Angeles,141,30.5,71.83,62.56,57.62,2.697,21.43,14.9,66.9
2023-12-01,New York,105,24.88,52.11,51.59,43.37,1.875,17.87,,68.1
2024-09-14,Austin,107,23.85,42.71,46.43,35.44,1.61,12.37,9.5,76.1
2023-07-19,San Jose,101,21.5,50.9,55.15,39.15,2.358,13.59,4.0,70.8
2024-06-23,Houston,121,27.75,68.77,64.5,52.47,47.281,24.41,12.8,54.1
2023-10-12,Houston,126,30.57,60.08,67.38,51.84,2.861,,5.7,74.1
2023-01-24,Los Angeles,154,34.81,80.6,85.34,49.25,2.744,22.33,32.7,46.6
2024-07-05,Columbus,80,22.94,47.51,61.51,38.25,2.428,14.55,20.4,66.3
2024-04-01,Austin,88,,52.93,79.15,29.51,,11.69,27.1,39.4
2024-11-18,Los Angeles,117,26.57,57.51,65.84,48.84,2.932,25.87,6.1,75.4
2024-06-08,San Antonio,124,26.9,69.21,87.42,45.21,2.012,15.66,31.0,45.4
2023-07-19,San Diego,63,16.18,36.08,40.82,30.21,1.734,14.67,8.7,63.1
2023-11-22,San Jose,97,23.55,47.43,48.12,37.76,1.4,15.07,-5.3,76.0
2024-09-11,Dallas,120,28.16,55.56,52.08,41.73,2.077,17.92,-7.7,93.6
2023-02-27,Charlotte,129,30.55,59.52,,48.5,1.869,12.85,27.0,46.3
2024-11-13,Philadelphia,101,25.87,59.51,53.75,44.12,1.999,22.87,0.7,73.6
2024-02-12,Chicago,144,32.71,79.05,68.78,45.56,2.71,15.13,23.8,34.2
2024-03-13,Philadelphia,117,29.68,69.87,96.6,50.84,2.565,16.77,31.3,23.8
2024-01-31,Philadelphia,133,33.4,70.32,61.92,43.2,1.672,13.15,25.4,54.9
2023-01-13,Phoenix,121,27.67,69.63,60.53,44.19,2.492,18.85,22.1,44.5
2023-12-20,Philadelphia,99,25.02,,64.76,47.99,2.048,15.08,10.3,57.6
2023-11-12,San Diego,85,22.25,43.35,45.43,38.56,1.976,8.15,0.8,84.9
2024-07-28,Los Angeles,133,31.84,70.4,75.62,51.79,2.624,19.47,6.2,64.6
2023-08-09,Jacksonville,102,22.12,49.85,61.04,38.26,2.269,15.1,3.8,86.1
2024-03-30,Jacksonville,118,29.32,64.6,65.25,39.29,1.709,9.69,29.4,47.2
2024-03-01,Fort Worth,121,29.21,66.89,76.33,45.15,2.231,15.61,26.9,36.4
2024-03-29,Phoenix,159,37.88,82.91,86.64,52.27,2.582,14.63,30.3,21.6
2023-06-17,Fort Worth,157,29.98,76.75,61.39,41.4,2.006,19.19,14.8,48.3
2024-03-10,Jacksonville,140,33.14,66.76,86.34,33.77,1.628,9.72,30.3,36.7
2024-02-29,Chicago,137,27.64,66.87,76.31,44.0,2.404,12.01,24.1,46.2
2024-08-24,San Jose,73,19.62,39.29,53.95,37.69,1.885,14.91,5.7,80.0
2023-03-30,Chicago,161,38.4,87.96,75.73,39.18,2.319,17.1,25.5,36.8
2023-08-01,Phoenix,126,29.57,68.24,73.72,47.24,2.106,14.55,8.3,69.0
2024-05-01,Columbus,139,22.84,52.32,97.14,42.24,1.807,10.99,31.2,37.3
2024-06-21,Philadelphia,101,23.89,56.9,63.33,44.87,2.314,16.43,17.7,53.8
2023-03-09,Charlotte,111,30.77,65.73,75.03,43.82,1.953,17.33,32.2,51.9
2024-08-27,Fort Worth,102,21.91,50.58,49.6,39.97,1.932,15.15,-3.4,93.8
2024-01-20,Los Angeles,162,38.41,86.08,85.15,46.96,2.854,21.56,24.7,57.7
2023-01-07,San Antonio,130,33.49,66.98,47.82,42.47,1.912,16.34,14.1,70.9
2024-10-16,Charlotte,107,22.66,53.71,51.41,40.28,1.963,11.44,-5.7,94.1
2023-10-07,San Antonio,78,20.5,41.75,43.76,39.62,2.579,16.8,-1.7,86.2
2023-06-29,Dallas,111,24.98,51.24,64.56,47.39,2.192,17.08,16.6,40.3
2024-04-18,Jacksonville,110,27.08,59.4,75.33,34.77,2.464,16.6,26.4,44.5
2024-08-04,Fort Worth,,25.12,54.55,56.48,49.54,2.471,9.72,5.7,81.3
2023-05-21,Houston,151,33.95,76.35,85.58,58.28,,16.77,31.4,23.1
2023-07-10,Columbus,114,27.79,53.9,56.48,43.91,1.896,17.87,4.9,67.4
2024-01-26,Phoenix,151,35.4,78.5,55.6,55.42,2.056,,15.6,64.8
2024-07-21,San Diego,102,23.46,48.21,49.48,27.18,2.014,13.38,9.8,51.1
2023-02-13,Columbus,126,26.79,63.37,59.56,44.81,2.041,8.91,19.6,49.4
2023-11-06,Columbus,79,19.58,43.38,58.24,47.57,1.943,20.85,6.6,88.0
2024-08-22,Phoenix,111,25.74,49.97,67.96,46.73,2.032,10.69,4.0,88.0
2024-05-20,Dallas,133,28.94,67.62,77.0,52.08,1.934,14.22,25.0,42.7
2024-04-19,Houston,156,34.56,72.26,91.85,46.83,2.915,14.16,26.7,28.2
2023-01-28,Fort Worth,121,29.56,56.7,50.84,44.17,1.817,18.33,12.9,65.3
2023-01-03,Chicago,114,26.6,54.73,58.02,42.31,1.978,22.77,22.1,47.8
2023-09-26,Phoenix,103,22.92,38.61,62.68,44.56,2.54,16.66,4.6,86.3
2024-10-17,Columbus,94,21.13,37.9,62.81,46.68,1.928,18.45,-0.7,94.3
2024-10-13,San Diego,76,20.13,39.93,61.71,40.48,1.685,11.43,0.2,93.6
2023-05-08,Austin,131,23.5,46.68,100.09,37.48,1.793,16.76,30.8,29.9
2024-11-12,Charlotte,74,19.4,36.92,39.37,43.19,2.078,15.08,2.4,88.0
2023-10-22,San Antonio,105,21.91,49.68,44.75,41.24,2.002,12.57,1.8,81.8
2023-07-03,San Diego,83,19.49,50.29,51.83,33.63,1.798,10.96,16.9,53.4
2024-12-05,Austin,76,20.6,42.77,52.53,31.67,1.855,18.43,11.1,54.5
2023-09-08,New York,120,27.08,67.21,39.82,48.1,2.37,9.62,-3.2,94.5
2023-05-03,Fort Worth,134,28.72,71.7,75.04,45.64,1.92,16.96,26.6,28.5
2023-10-11,San Diego,76,21.48,43.81,52.89,39.15,1.809,,-1.9,83.0
2023-03-10,San Jose,113,26.73,58.88,76.71,45.17,1.456,12.83,25.5,36.1
2024-01-06,San Jose,110,26.22,55.39,35.79,38.96,1.743,10.59,11.2,54.9
2024-05-07,San Jose,105,,57.21,79.46,37.8,1.517,12.94,25.9,29.2
2024-03-22,Columbus,106,22.11,44.96,88.42,40.7,1.852,13.97,28.6,10.7
2023-09-22,Austin,82,20.3,45.9,60.73,35.71,1.58,16.3,3.6,76.7
2024-12-03,San Diego,63,13.43,32.71,40.6,33.78,1.83,19.2,4.2,66.1
2024-12-11,Columbus,108,23.69,48.7,52.03,42.74,1.975,12.62,17.2,48.9
2023-05-03,Philadelphia,145,27.95,68.56,111.62,39.05,2.394,18.02,33.7,26.6
2024-06-08,Jacksonville,121,30.97,67.59,52.41,32.1,1.842,13.35,16.7,56.6
2024-08-12,New York,115,23.68,59.63,41.7,40.85,2.756,19.49,8.6,71.6
2023-09-23,Chicago,102,26.04,50.58,54.02,43.18,2.503,18.24,-9.0,94.7
2024-08-18,New York,114,28.47,61.39,54.08,51.75,2.292,24.04,12.2,74.7
2023-05-30,Philadelphia,133,28.3,69.06,69.52,36.76,1.783,19.05,23.8,44.4
2024-04-17,Charlotte,118,27.25,61.6,91.17,42.84,1.672,14.92,36.4,40.4
2024-12-10,Chicago,102,26.81,59.47,,38.12,2.362,15.42,8.5,53.7
2024-01-01,Chicago,111,28.85,65.42,62.8,49.25,2.183,22.91,18.3,59.7
2023-02-24,Phoenix,149,35.25,80.14,76.75,42.92,2.232,15.05,19.6,34.0
2024-01-05,San Antonio,110,25.22,62.91,59.16,35.75,2.66,11.89,-0.1,59.9
2024-10-13,Charlotte,121,30.52,65.18,51.45,39.86,2.274,17.39,-4.6,97.3
2023-12-31,New York,131,31.61,64.8,49.5,45.4,2.615,18.97,13.8,52.0
2023-10-24,Phoenix,99,25.61,60.12,59.63,37.94,1.908,18.31,-2.2,86.8
2024-06-26,Austin,97,22.87,46.56,50.45,,1.649,9.69,11.7,54.6
2023-03-20,Dallas,141,27.75,62.07,83.44,50.71,2.328,16.65,28.3,40.3
2023-07-18,Fort Worth,107,25.76,55.95,53.08,47.13,2.402,19.43,3.5,42.4
2024-10-05,Chicago,97,24.79,56.11,40.06,44.42,1.785,18.98,1.1,85.8
2023-04-07,San Jose,108,29.07,62.44,92.07,44.85,1.893,5.75,28.0,36.0
2023-06-21,Dallas,109,25.3,54.84,69.25,45.09,2.113,16.94,16.8,46.0
2023-11-27,Columbus,95,22.77,49.13,40.74,43.78,1.821,17.54,1.5,86.0
2023-11-20,Columbus,110,22.76,51.77,48.38,33.64,2.333,14.61,9.6,77.4
2024-12-02,Fort Worth,95,19.72,46.49,51.15,46.07,1.918,14.18,6.8,62.4
2023-11-05,Phoenix,114,22.52,48.29,68.14,42.4,2.237,17.14,-1.6,94.3
2024-12-02,Jacksonville,107,22.28,45.44,70.85,37.55,1.973,17.53,9.3,82.0
2024-12-05,Philadelphia,115,28.89,61.11,59.65,45.32,1.784,21.02,3.8,83.0
2023-04-09,Dallas,129,31.83,67.66,83.35,39.51,2.656,11.29,31.1,17.8
2024-08-16,Philadelphia,101,24.77,57.91,56.41,35.35,1.917,15.8,5.3,82.3
2023-05-28,New York,147,33.2,77.98,63.37,,2.637,,,31.9
2023-05-21,Dallas,126,28.27,52.75,94.17,39.59,2.258,10.77,30.0,64.7
2023-10-16,Philadelphia,72,16.96,32.2,52.91,42.0,2.319,,-1.9,94.1
2024-05-11,San Antonio,125,30.92,61.97,85.39,31.07,,15.19,28.7,41.0
2023-12-15,Charlotte,110,26.07,52.69,41.29,32.5,1.243,15.48,15.1,57.2
2024-10-19,Fort Worth,105,25.01,53.59,59.12,44.91,2.196,16.4,10.9,82.7
2023-06-16,Los Angeles,160,37.94,95.67,79.05,57.72,2.223,24.15,22.1,66.1
2023-08-12,Chicago,123,25.92,51.61,57.97,46.3,1.969,15.96,8.3,76.7
2024-05-30,Houston,140,31.97,75.39,72.16,50.03,2.497,13.86,18.5,48.7
2023-07-12,Fort Worth,92,22.03,49.37,54.31,42.38,2.136,16.11,13.3,58.5
2024-07-26,San Jose,99,21.12,43.9,41.31,27.31,1.83,14.77,8.2,55.5
2024-12-07,Columbus,117,26.94,50.64,60.27,43.01,2.35,7.01,11.6,59.2
2024-06-22,Columbus,91,22.63,45.36,61.13,43.12,2.156,16.23,25.7,49.7
2024-06-28,Jacksonville,92,21.06,39.91,68.02,41.39,2.136,8.36,22.3,43.8
2024-07-18,Jacksonville,97,24.55,44.23,48.31,41.09,1.741,14.58,-2.0,59.0
2023-04-27,San Antonio,120,23.99,55.96,98.6,39.29,,12.61,40.8,11.4
2024-04-16,Charlotte,128,22.87,55.63,96.83,53.82,1.855,21.02,28.1,37.7
2023-03-20,Los Angeles,177,43.55,98.28,77.38,55.79,2.283,23.29,21.1,61.0
2023-05-15,Charlotte,112,,62.94,80.08,41.34,2.118,10.38,22.4,40.3
2023-01-18,San Diego,81,18.15,36.89,52.29,32.44,1.476,9.17,9.9,54.6
2023-12-23,Phoenix,115,29.11,54.14,61.15,50.35,2.555,18.78,53.5,75.2
2024-12-08,Philadelphia,103,24.03,49.24,66.43,45.57,1.995,20.7,14.5,65.3
2023-05-23,Columbus,130,29.1,74.82,62.82,37.88,2.041,15.35,16.6,46.8
2024-03-28,Charlotte,116,28.27,60.24,82.24,33.79,2.052,11.81,34.0,32.6
2024-09-03,Dallas,118,26.13,58.23,59.54,46.03,2.318,16.99,5.5,68.8
2023-12-17,Chicago,92,26.83,63.46,79.63,39.2,1.929,13.35,11.0,73.2
2024-12-27,Phoenix,92,23.5,51.88,59.3,41.66,2.119,15.97,13.4,63.0
2023-01-30,Jacksonville,123,27.16,66.48,43.74,42.07,1.093,18.91,21.5,62.2
2023-05-02,Houston,145,34.14,77.4,84.83,54.53,2.583,20.15,29.7,31.1
2023-05-12,Columbus,115,26.65,60.52,57.88,44.48,,10.27,21.3,
2024-12-11,Chicago,107,26.04,59.15,69.41,52.96,2.933,14.7,16.0,75.5
2024-12-05,Houston,122,30.72,61.85,64.9,56.1,2.59,21.86,3.2,80.9
2023-11-11,Chicago,108,24.05,44.04,56.14,49.03,2.324,,9.8,70.6
2023-08-03,Chicago,107,24.38,50.1,52.57,43.96,2.647,18.01,4.7,85.3
2023-03-22,San Antonio,125,29.2,72.98,101.16,40.51,1.569,12.91,36.3,28.8
2024-12-08,Fort Worth,112,26.53,64.59,59.63,42.03,2.497,22.84,9.3,89.2
2023-04-25,Los Angeles,138,32.86,78.02,88.72,61.56,3.187,23.92,30.3,32.8
2023-01-20,Fort Worth,132,31.45,60.19,93.52,43.48,2.539,13.43,27.5,49.2
2024-05-10,Fort Worth,123,25.53,57.41,104.78,43.17,2.354,16.02,37.2,
2024-03-17,New York,114,31.43,71.41,64.8,45.92,2.742,21.38,26.9,50.4
2023-07-21,Los Angeles,131,30.99,64.73,61.61,50.25,3.039,18.93,4.2,46.7
2023-02-03,Fort Worth,144,36.21,71.67,69.54,52.93,2.013,12.72,27.3,33.4
2024-11-06,Dallas,83,21.53,48.15,45.41,51.01,2.106,14.94,9.9,87.3
2024-08-30,New York,79,20.46,47.75,66.7,49.16,1.897,14.47,5.5,77.5
2024-04-25,Los Angeles,196,40.28,98.0,87.0,54.08,3.141,20.94,26.5,45.2
2023-09-17,New York,92,22.28,46.78,59.65,44.1,2.558,17.4,5.2,81.1
2023-03-09,Phoenix,151,30.75,83.4,97.63,48.31,2.04,9.91,28.1,32.7
2024-11-14,New York,97,17.84,35.99,62.56,53.34,2.407,17.41,-2.4,92.2
2023-04-09,Fort Worth,128,31.72,73.4,84.35,42.08,1.693,11.96,30.5,30.4
2023-05-07,Charlotte,129,28.6,64.47,64.64,30.84,1.953,11.58,17.2,48.6
2024-09-08,Houston,94,23.92,51.12,48.98,57.19,2.004,15.62,3.7,91.3
2024-08-24,Charlotte,91,20.71,,46.75,41.5,1.995,17.7,8.5,87.0
2023-07-24,Chicago,113,25.66,51.04,66.05,43.81,2.41,14.5,2.2,90.3
2024-11-17,Philadelphia,98,22.37,55.05,54.55,42.92,1.912,12.69,1.2,90.6
2023-01-30,Los Angeles,142,36.16,77.79,79.01,50.9,,12.32,27.1,50.7
2023-05-30,Columbus,115,27.08,58.69,72.66,32.93,1.5,13.77,20.9,52.7
2023-10-12,San Jose,77,17.95,41.32,55.1,35.87,1.615,15.31,-11.9,94.0
2023-12-23,Philadelphia,119,23.52,58.76,70.98,47.06,2.043,20.36,9.3,55.8
2023-06-14,Columbus,98,24.69,50.17,56.65,42.76,2.165,14.68,13.2,49.8
2024-05-27,Fort Worth,111,25.53,56.41,80.43,45.74,1.987,16.44,28.4,38.6
2024-09-19,Houston,103,27.05,50.05,58.37,47.76,2.923,18.27,5.5,80.5
2024-06-01,San Jose,87,24.39,51.94,,30.27,2.188,10.45,24.2,53.7
2023-03-11,Los Angeles,136,34.13,73.27,93.85,49.72,2.865,19.73,27.5,40.3
2024-08-15,Fort Worth,118,24.3,46.49,64.12,40.52,2.372,16.61,3.8,75.5
2023-01-15,Dallas,127,28.91,63.39,53.81,50.41,2.147,16.61,9.7,67.3
2023-08-11,Jacksonville,81,21.11,43.12,50.26,38.11,2.09,9.74,7.4,64.9
2023-07-16,Phoenix,97,26.51,59.29,61.65,47.26,2.816,17.13,8.4,52.5
2023-06-25,Charlotte,87,18.08,44.83,58.06,38.05,1.909,10.57,7.5,57.8
2024-07-04,New York,107,26.49,61.73,68.7,44.57,2.276,12.62,18.4,67.6
2023-04-12,Charlotte,121,26.58,56.03,91.04,42.69,1.565,8.2,34.1,
2023-08-08,Charlotte,104,22.21,50.26,55.26,31.09,2.331,17.6,4.3,84.4
2024-05-31,Columbus,115,24.97,57.28,80.15,35.31,1.984,8.61,22.2,50.5
2024-12-25,San Diego,103,22.98,50.75,62.61,39.59,1.943,12.67,14.1,71.7
2024-01-11,Jacksonville,101,22.66,58.45,51.38,51.0,1.412,16.2,24.0,45.9
2024-08-26,Chicago,136,29.94,64.78,54.47,44.32,2.389,15.54,1.1,95.8
2024-03-26,Austin,113,25.46,52.25,75.09,43.13,1.909,13.11,27.0,26.1
2023-04-20,Chicago,152,32.54,71.25,124.12,41.5,1.905,14.38,33.3,41.8
2023-12-30,San Antonio,103,23.56,51.18,64.19,44.48,,10.21,24.0,61.7
2024-03-10,Houston,145,34.17,84.84,90.51,51.84,2.339,18.41,26.0,35.4
2024-06-10,Houston,151,36.31,76.72,94.09,49.99,2.99,15.59,29.0,44.0
2024-02-22,Los Angeles,176,37.41,92.71,72.18,55.35,3.218,22.73,24.8,38.1
2023-11-18,Los Angeles,123,26.6,57.85,49.48,55.86,2.934,24.11,8.1,63.6
2024-04-22,Los Angeles,144,24.99,76.78,101.7,49.57,2.561,24.17,31.7,23.5
2024-06-16,Chicago,125,29.48,62.3,64.23,42.54,2.092,13.32,17.9,44.3
2024-05-22,Fort Worth,139,27.73,72.99,66.02,48.33,2.387,6.81,23.1,40.8
2024-01-05,Jacksonville,100,24.24,54.65,50.05,43.25,1.961,12.54,15.0,66.0
2023-10-23,Dallas,97,24.47,48.77,55.3,46.14,2.276,22.75,8.5,84.3
2023-02-11,Los Angeles,152,32.53,86.54,105.28,50.93,3.324,16.69,33.4,24.7
2023-12-02,San Diego,99,22.13,55.7,57.34,39.32,1.995,14.52,14.4,61.7
2023-04-29,San Antonio,125,30.93,68.99,89.69,45.45,2.515,13.66,33.6,34.3
2023-10-18,San Diego,,27.19,56.01,58.6,,2.139,16.03,4.4,82.1
2024-09-06,Jacksonville,84,446.59,42.06,52.83,39.23,2.274,9.24,3.8,93.9
2023-11-16,Austin,90,22.24,39.91,65.44,38.19,2.396,17.09,11.0,73.2
2024-03-30,Houston,147,37.02,83.28,122.44,46.59,,20.45,40.6,11.7
2024-07-21,San Antonio,106,21.6,45.16,63.39,34.73,1.627,16.67,22.7,49.0
2023-10-25,Columbus,84,19.39,51.95,50.17,36.0,1.58,16.82,2.2,80.6
2024-03-14,Houston,120,28.18,71.61,94.37,56.68,3.042,13.82,33.9,29.6
2023-03-13,Charlotte,100,18.85,41.45,77.89,46.72,1.886,10.09,27.6,37.2
2024-05-02,Austin,111,26.74,58.21,71.5,45.76,2.315,15.46,30.2,28.6
2024-01-12,Chicago,153,33.21,76.97,81.0,42.61,1.682,12.75,19.3,46.2
2023-01-14,Austin,93,17.55,49.8,57.62,40.9,1.904,17.0,12.9,36.6
2024-05-18,Austin,109,29.28,58.53,72.49,42.68,2.281,15.98,31.9,27.4
2023-04-18,San Antonio,131,30.03,68.04,77.39,45.21,1.972,9.2,22.8,27.3
2024-03-24,Dallas,152,32.75,76.37,91.25,38.69,2.419,16.85,34.3,31.5
2024-11-05,Austin,111,22.6,48.06,47.4,39.94,2.04,9.63,7.3,94.9
2023-03-29,Los Angeles,161,37.54,91.31,109.6,46.74,2.423,18.08,28.0,14.1
2023-05-27,San Antonio,125,24.57,67.83,74.41,48.41,1.712,17.38,23.0,32.9
2024-02-15,Jacksonville,128,26.43,53.76,62.57,38.75,2.284,10.64,23.2,50.4
2024-08-27,Los Angeles,100,23.75,55.94,88.79,55.98,2.757,15.32,5.6,77.7
2023-06-22,Los Angeles,112,29.13,68.21,64.76,46.19,2.807,21.38,21.2,49.3
2024-01-08,Houston,106,27.72,58.86,71.49,43.34,3.141,17.01,18.0,56.7
2023-12-13,Houston,139,32.8,73.9,55.32,38.58,2.377,19.78,17.6,74.3
2024-09-01,Columbus,106,21.54,44.05,59.04,42.54,1.812,7.4,-1.5,71.9
2024-02-18,Los Angeles,128,28.32,64.54,94.24,50.58,2.868,20.33,31.3,31.4
2023-08-27,Columbus,94,21.84,44.29,69.22,41.35,1.99,18.81,0.1,95.8
2024-03-10,Jacksonville,132,28.66,66.05,72.32,41.07,,14.27,17.3,41.3
2024-05-26,Phoenix,164,35.3,78.43,91.78,45.22,2.194,13.62,29.0,49.0
2024-08-18,San Jose,83,18.7,42.48,44.52,36.14,1.768,13.09,1.5,67.4
2023-10-07,Fort Worth,93,23.44,56.4,61.63,37.86,2.048,16.58,-9.3,74.9
2024-10-21,San Antonio,109,24.75,55.24,58.57,40.12,1.964,12.51,6.7,78.9
2023-12-31,San Diego,91,20.67,42.08,42.39,23.39,1.923,10.06,13.7,59.6
2024-11-13,San Jose,73,18.64,36.12,53.53,41.23,1.456,13.6,2.8,88.7
2024-02-19,San Diego,102,21.86,45.99,69.25,31.81,1.815,16.51,30.2,37.5
2024-06-07,Phoenix,145,34.75,73.01,,49.65,,17.95,19.8,45.7
2023-05-31,Fort Worth,123,26.5,58.42,94.07,51.4,1.809,8.2,29.4,45.4
2024-04-10,Los Angeles,154,32.52,82.73,106.24,54.71,2.201,21.33,30.1,27.7
2023-05-06,Phoenix,155,34.38,80.0,89.53,50.98,2.014,16.29,30.1,31.6
2024-05-16,San Diego,84,21.93,49.48,70.3,35.03,2.028,18.61,,50.5
2023-08-25,Austin,117,25.48,47.42,49.52,36.67,2.08,17.27,4.1,93.0
2023-05-18,New York,108,28.82,57.21,66.84,37.56,2.574,12.83,20.4,38.3
2023-04-12,Jacksonville,113,25.72,51.98,87.87,40.56,2.287,11.27,30.3,38.4
2023-02-24,Columbus,133,30.03,61.22,97.7,37.54,1.996,16.83,36.1,47.8
2023-03-11,San Diego,85,19.12,37.65,61.1,36.85,1.87,9.04,25.2,30.9
2024-11-25,New York,93,24.81,57.6,62.55,47.54,2.243,17.59,9.4,60.1
2023-07-03,San Antonio,84,19.83,38.69,69.48,38.05,1.556,18.3,13.6,65.6
2024-09-11,Austin,86,22.62,51.07,55.76,43.21,1.634,14.92,6.0,82.0
2023-12-01,Chicago,117,26.01,51.72,60.22,46.78,2.084,15.17,,55.5
2023-11-07,San Jose,80,18.36,31.84,52.02,38.65,1.749,,4.6,86.3
2024-09-30,Los Angeles,135,29.56,73.03,50.84,59.46,2.419,19.24,2.4,86.8
2023-03-20,Austin,121,26.41,55.86,89.33,36.73,1.465,17.93,31.5,37.3
2024-06-16,Fort Worth,94,27.04,62.65,62.12,37.18,2.144,12.22,19.2,44.4
2024-05-19,Fort Worth,112,27.43,65.46,68.57,46.68,1.957,19.94,28.0,50.6
2024-04-22,Houston,162,40.98,95.06,89.85,52.97,2.177,15.77,21.3,48.5
2023-10-28,Austin,111,26.88,59.95,36.92,36.64,2.174,14.95,1.9,78.8
2024-05-24,San Diego,97,24.58,50.01,62.6,39.97,1.308,14.57,20.2,39.7
2024-05-31,Phoenix,119,27.95,59.83,81.33,44.67,2.312,16.99,23.3,63.1
2024-07-09,Philadelphia,109,24.13,48.15,80.43,43.85,2.333,,17.9,59.7
2024-07-07,Dallas,137,30.79,60.89,51.54,45.29,2.327,18.41,6.6,81.6
2023-01-19,Fort Worth,111,27.7,55.65,52.7,35.59,1.678,18.99,22.1,27.1
2023-02-02,San Antonio,128,24.57,62.46,93.92,43.55,2.019,15.97,34.2,54.9
2023-05-02,San Antonio,114,29.03,63.7,68.52,47.17,2.709,16.02,26.3,52.1
2024-04-05,Philadelphia,117,27.57,66.35,85.44,44.07,2.351,16.44,34.0,35.8
2024-01-21,San Diego,75,15.58,37.36,52.63,33.16,1.481,14.88,19.4,34.3
2024-04-15,New York,113,25.28,45.29,75.03,46.67,1.848,14.49,27.9,31.3
2023-02-03,Chicago,,26.37,57.21,62.95,46.38,2.689,15.75,15.8,56.1
2024-07-24,Austin,88,21.99,40.12,49.93,38.7,1.845,12.15,11.0,73.3
2023-11-07,Charlotte,118,27.72,59.68,43.14,31.56,1.658,22.54,11.9,87.5
2024-12-24,Chicago,90,24.27,51.75,67.3,50.81,2.02,16.72,17.1,37.2
2024-05-18,San Antonio,124,27.72,60.43,,42.05,2.248,14.95,19.8,39.9
2023-05-18,Phoenix,157,36.39,89.52,79.32,44.61,2.158,15.36,20.7,58.2
2024-02-03,San Diego,85,23.85,50.87,76.29,32.38,1.46,11.86,31.0,38.2
2023-04-23,San Jose,129,24.79,47.41,90.05,30.26,1.425,10.32,31.8,40.3
2024-11-22,San Diego,83,19.41,43.22,51.71,35.59,1.788,,3.7,58.0
2024-11-06,Dallas,102,25.27,54.86,64.72,34.45,2.587,20.39,5.4,79.9
2024-12-02,Dallas,96,26.22,61.56,52.42,38.93,2.608,19.82,14.9,68.5
2024-08-08,San Diego,101,22.42,39.65,59.75,43.12,,15.43,5.0,73.4
2024-05-02,Dallas,139,31.63,78.79,69.98,41.33,2.042,16.82,22.2,32.1
2023-06-10,Dallas,103,27.8,61.52,79.34,54.54,1.907,21.73,26.5,64.8
2023-02-27,San Antonio,117,27.67,64.96,76.47,44.85,1.925,16.2,22.3,38.7
2023-09-27,San Diego,46,14.32,20.49,50.16,40.34,1.612,12.21,-5.6,96.1
2024-08-28,San Antonio,93,20.07,50.77,47.39,41.78,2.188,,6.1,85.7
2024-09-23,Austin,56,14.21,27.45,50.56,44.61,2.163,13.46,1.1,81.4
2023-12-28,Fort Worth,134,31.94,61.93,56.62,43.82,1.63,15.05,11.4,61.8
2023-10-19,Philadelphia,105,25.88,50.09,55.75,38.26,1.563,12.33,2.5,94.4
2023-03-04,New York,154,33.64,83.36,66.93,43.02,1.435,13.03,23.9,46.9
2024-08-27,New York,108,24.87,49.47,42.69,,2.533,19.63,0.8,68.2
2023-05-12,Columbus,104,28.8,59.69,72.65,44.7,2.429,,25.9,48.1
2024-01-11,Philadelphia,129,27.55,61.68,56.46,45.77,1.38,11.37,8.3,73.2
2024-08-20,New York,89,19.35,40.53,53.09,39.17,1.955,16.44,,95.0
2024-10-02,Philadelphia,92,26.05,50.29,75.12,47.78,2.655,16.57,1.4,73.5
2024-01-25,Los Angeles,132,28.34,72.19,69.5,47.42,3.183,18.32,11.9,46.5
2024-03-14,Philadelphia,111,25.19,53.75,86.45,50.57,1.963,16.45,34.1,39.5
2024-01-01,San Antonio,99,23.04,47.09,69.26,41.74,1.559,14.93,18.4,59.1
2023-12-26,New York,108,27.62,56.26,66.77,42.09,1.384,11.32,8.3,70.6
2024-11-08,Houston,119,26.2,52.35,61.86,47.91,2.407,19.0,2.3,70.1
2023-09-11,Houston,107,26.88,49.0,63.19,48.13,1.942,22.42,-4.9,90.4
2024-10-25,Phoenix,121,28.43,56.55,48.47,46.89,2.738,18.57,1.2,84.2
2024-08-29,Los Angeles,113,24.05,49.85,78.76,48.72,2.562,19.54,1.2,95.2
2024-12-05,Los Angeles,142,31.35,72.86,71.12,43.5,2.799,18.08,13.7,87.3
2023-11-09,Los Angeles,114,28.31,59.19,57.55,52.99,2.699,20.74,2.5,87.4
2023-12-12,Chicago,131,30.04,66.07,58.51,40.73,2.498,14.8,10.7,63.4
2023-01-21,Dallas,126,30.2,62.85,57.7,42.87,2.057,14.81,19.4,28.9
2023-11-30,New York,101,28.72,61.31,49.33,48.71,2.435,17.27,5.7,75.6
2024-04-16,Austin,105,24.76,64.19,89.69,39.89,2.524,13.05,32.2,38.0
2024-03-08,San Jose,115,28.62,53.97,53.92,38.38,1.306,14.99,15.5,49.4
2024-06-11,Charlotte,82,21.65,37.61,66.37,34.26,1.851,15.85,,57.2
2024-03-07,Phoenix,139,34.99,65.37,103.47,43.17,2.531,18.5,34.7,18.1
2023-01-21,Jacksonville,125,28.72,60.09,53.48,38.08,1.97,14.71,12.9,83.9
2024-04-25,San Jose,97,22.54,,77.52,36.7,1.97,13.84,24.6,43.9
2023-01-23,Philadelphia,114,29.52,57.83,69.0,51.74,1.764,22.38,21.1,48.1
2024-01-22,San Jose,92,23.48,44.18,75.86,29.15,1.988,12.27,22.7,75.5
2024-02-04,Philadelphia,137,31.49,67.23,64.81,49.78,2.199,,17.4,58.3
2024-08-09,Los Angeles,118,26.68,53.18,66.33,52.08,2.731,15.56,2.4,73.6
2024-05-15,Los Angeles,130,32.56,75.06,62.58,50.73,2.522,19.26,14.7,36.6
2024-12-08,Austin,,12.59,27.97,56.36,42.9,1.641,14.58,6.5,78.2
2023-07-30,Philadelphia,112,24.93,50.0,55.82,40.39,2.865,17.99,10.8,69.7
2024-05-23,Dallas,147,31.38,75.05,77.86,42.52,2.509,23.36,22.6,38.4
2024-11-14,Philadelphia,89,22.68,51.24,49.15,50.57,2.187,14.83,0.6,96.9
2023-06-20,San Jose,102,20.64,,57.92,38.11,1.774,9.96,13.0,40.8
2023-11-03,Philadelphia,76,21.67,47.0,57.6,45.63,2.185,13.44,7.0,76.0
2024-03-22,Houston,144,32.33,67.65,92.14,46.81,2.8,15.12,30.5,40.4
2024-05-23,Austin,103,24.64,62.08,75.1,36.48,,12.31,27.8,51.1
2023-03-19,Columbus,136,31.99,64.68,68.85,42.82,,17.21,21.4,34.5
2023-12-12,Fort Worth,111,27.61,49.24,43.43,41.03,1.838,10.45,13.0,57.6
2024-07-02,Houston,111,23.94,61.15,56.12,48.89,2.368,18.19,18.9,47.5
2023-10-22,Phoenix,97,25.23,56.19,53.7,50.42,1.606,18.47,9.0,82.6
2023-02-18,Phoenix,108,25.78,60.35,82.77,53.99,2.548,13.03,30.1,47.4
2024-08-10,San Antonio,119,29.66,53.92,53.64,44.02,1.419,14.25,7.0,80.5
2023-08-20,San Jose,87,21.3,40.9,52.11,39.98,2.068,12.11,4.2,77.4
2023-04-05,Jacksonville,146,25.26,54.73,108.94,41.68,,14.88,35.3,96.2
2024-08-15,Los Angeles,128,30.88,65.33,66.37,55.08,,16.71,-10.6,95.4
2024-08-29,Philadelphia,95,24.32,52.9,58.52,41.18,,18.29,-3.4,97.7
2023-10-07,Los Angeles,124,28.17,57.02,58.21,46.91,2.789,18.09,0.2,82.1
2024-08-03,Fort Worth,106,23.47,46.05,64.27,38.24,2.095,13.63,-6.4,76.3
2024-06-27,San Diego,80,19.4,40.81,53.71,33.37,1.791,16.63,15.3,54.6
2024-03-13,Houston,150,36.49,83.78,89.74,50.33,2.687,21.16,30.6,51.5
2023-12-22,Fort Worth,115,27.98,60.52,50.02,39.54,1.728,20.17,12.0,42.4
2023-03-20,Austin,112,23.01,50.67,75.97,31.49,1.997,15.14,33.9,35.5
2023-11-06,Dallas,102,24.77,48.96,44.71,47.25,2.176,15.51,1.0,89.4
2023-12-10,San Jose,98,25.77,45.25,66.7,38.42,0.908,15.03,9.2,73.9
2023-11-04,San Antonio,90,20.32,36.87,73.01,49.17,2.253,12.59,2.3,85.1
2024-11-10,Dallas,112,24.71,45.45,64.07,42.13,2.602,12.17,5.3,79.8
2023-11-17,Houston,117,26.82,64.61,66.89,45.27,2.892,20.94,13.3,90.4
2024-02-29,San Antonio,130,26.34,72.33,64.23,41.5,2.331,9.4,28.0,45.1
2023-09-15,San Jose,80,,36.58,58.34,26.77,1.84,2.32,1.8,81.6
2024-06-11,San Diego,89,22.11,49.71,56.09,33.98,1.543,11.51,14.0,67.2
2024-11-18,Fort Worth,138,30.03,57.19,45.11,38.91,2.104,17.82,-5.4,79.6
2024-07-14,Chicago,107,26.26,57.46,57.72,48.23,2.463,25.22,13.6,46.3
2023-01-20,Austin,109,23.8,58.83,47.17,34.49,1.871,18.53,19.0,51.8
2024-12-21,Dallas,102,28.63,61.97,69.49,43.92,1.867,18.14,2.5,67.9
2023-07-11,San Jose,131,31.24,59.36,56.89,35.62,1.734,11.23,17.1,72.5
2024-05-26,Houston,159,36.76,87.06,65.84,52.49,2.596,16.12,13.3,56.1
2024-11-07,Columbus,104,23.51,49.18,56.1,41.57,1.833,11.39,4.2,91.6
2024-04-23,Phoenix,124,29.64,68.42,61.32,49.74,2.97,14.55,23.8,54.0
2024-10-15,Dallas,110,25.89,53.98,50.11,43.53,2.37,19.32,-2.8,74.6
2024-09-21,Columbus,90,19.38,37.27,46.51,31.96,2.305,17.77,-7.0,83.4
2024-03-20,Charlotte,109,24.25,59.75,83.15,33.33,1.768,18.87,27.4,27.9
2024-08-02,Jacksonville,70,19.51,40.93,50.66,43.69,1.189,17.18,11.9,81.6
2024-10-03,New York,,32.04,66.68,44.43,51.69,2.313,15.06,,89.2
2024-06-18,Houston,153,36.97,62.79,94.59,41.78,2.584,22.59,28.3,45.7
2024-01-09,San Diego,99,23.94,55.71,62.45,33.2,1.873,19.56,16.4,54.8
2023-06-01,Houston,136,34.68,76.89,65.83,50.17,2.377,19.55,17.0,
2023-06-04,Jacksonville,99,461.33,56.76,73.11,35.05,2.275,9.98,23.4,43.4
2024-12-02,Fort Worth,111,19.32,,74.96,34.32,1.943,12.99,7.2,74.5
2023-11-04,Columbus,84,18.06,42.28,43.8,41.55,2.262,15.16,0.1,80.4
2024-03-21,San Antonio,133,29.35,60.69,83.3,33.49,2.152,16.14,31.3,22.7
2023-11-23,Columbus,92,21.65,38.47,52.49,44.82,2.177,19.49,0.8,58.6
2023-03-07,Austin,109,24.94,58.64,72.83,39.51,2.281,11.97,23.4,38.3
2023-07-28,Columbus,86,18.76,40.1,72.79,34.85,2.062,18.46,6.7,76.3
2024-02-27,Phoenix,155,35.1,66.97,96.29,38.4,2.527,19.56,29.1,27.1
2023-10-21,Austin,103,25.63,59.65,42.61,33.89,2.269,11.55,3.7,88.6
2023-06-14,Phoenix,127,30.93,71.43,69.64,53.9,2.975,16.27,17.6,60.2
2024-12-04,San Jose,88,20.86,41.68,49.59,32.79,2.105,12.12,7.7,63.9
2023-08-30,San Antonio,99,21.62,46.31,58.28,36.53,2.466,15.91,,79.5
2023-09-02,Los Angeles,110,25.8,49.41,60.43,49.15,2.499,14.33,2.6,87.8
2023-06-03,Houston,161,35.66,76.24,79.62,53.0,2.521,19.36,27.7,44.8
2023-01-29,Houston,,30.39,76.72,80.07,42.45,2.855,21.12,30.5,41.9
2023-11-14,San Diego,72,17.83,31.93,41.36,29.78,1.688,15.43,8.9,68.5
2024-05-12,Dallas,146,33.48,79.11,53.72,44.13,2.338,22.1,20.4,45.7
2024-03-22,San Antonio,104,24.94,65.81,78.87,46.84,1.996,11.35,33.2,37.9
2024-10-24,Charlotte,122,28.04,55.75,52.48,45.8,1.597,14.03,-1.6,85.5
2023-02-07,Houston,125,32.47,69.15,71.72,,2.74,18.84,20.7,54.8
2023-06-13,Phoenix,127,31.52,67.36,60.77,50.76,2.756,12.15,19.6,54.8
2023-05-20,New York,128,28.87,73.25,79.42,44.15,2.053,15.48,24.8,48.3
2023-09-22,Fort Worth,88,21.88,38.71,38.59,39.42,1.877,17.71,8.0,78.9
2023-10-12,Austin,98,23.5,47.39,64.01,37.27,1.58,14.54,0.4,95.5
2024-07-17,Chicago,124,29.79,63.8,60.95,44.71,2.169,16.69,11.1,63.4
2024-10-21,Columbus,77,13.14,40.69,61.43,40.23,1.858,16.32,4.4,89.5
2023-02-13,Jacksonville,121,25.0,58.3,87.6,39.92,1.342,9.73,28.2,44.9
2024-05-12,Fort Worth,126,25.39,47.24,89.79,45.03,2.053,15.36,26.5,39.1
2023-01-21,New York,110,30.65,59.98,75.7,49.27,2.475,15.95,24.2,52.3
2023-03-27,Philadelphia,169,36.66,78.88,84.09,,3.123,17.94,27.3,48.2
2024-09-08,Phoenix,121,26.73,49.86,59.53,48.61,1.968,18.69,10.2,75.7
2023-03-07,Charlotte,115,27.56,50.72,62.95,36.12,1.557,18.5,19.8,45.9
2024-02-21,Charlotte,119,26.21,53.12,82.78,36.65,2.21,17.46,27.7,46.9
2024-01-08,Austin,88,21.01,40.33,57.89,31.13,1.852,17.25,14.0,72.9
2024-11-04,Charlotte,82,22.38,48.22,55.5,46.62,2.088,14.53,3.2,84.1
2023-04-03,San Antonio,132,25.45,60.09,94.46,41.01,2.181,18.81,35.0,24.6
2023-05-24,Houston,144,36.58,78.58,91.26,53.81,2.459,20.62,13.8,57.9
2023-04-25,San Jose,103,22.77,53.38,66.46,41.14,1.865,12.44,28.3,32.3
2024-05-27,Charlotte,109,20.98,46.81,64.74,47.71,1.918,16.58,16.9,33.0
2023-05-04,Dallas,155,31.59,57.29,101.83,57.19,2.365,28.28,33.3,25.3
2024-11-11,Columbus,97,19.64,51.27,62.88,38.39,1.676,14.4,3.5,70.1
2024-08-17,Fort Worth,87,23.37,52.37,55.73,41.05,2.097,20.77,5.6,86.0
2024-01-24,Austin,112,24.75,61.9,74.4,43.29,1.523,15.29,20.2,35.5
2024-06-21,Phoenix,105,29.64,62.58,54.57,49.49,2.072,17.04,11.8,71.0
2024-05-23,Charlotte,155,32.91,63.22,64.59,,1.894,20.49,20.8,52.6
2023-04-03,Houston,147,32.83,78.58,81.45,44.1,2.565,18.81,28.4,31.6
2024-09-06,Los Angeles,147,32.7,69.18,58.36,48.84,2.402,21.47,7.3,96.0
2023-11-17,Philadelphia,99,21.3,51.15,40.13,41.95,2.092,18.84,2.6,84.2
2024-08-21,Jacksonville,,19.22,39.52,45.55,32.23,1.942,8.45,0.5,78.2
2024-02-04,Fort Worth,119,26.89,71.03,71.0,,2.143,13.61,25.4,48.7
2023-08-30,Charlotte,103,21.14,39.6,62.97,37.91,2.068,15.12,-0.8,77.5
2024-03-09,Houston,138,33.1,77.81,87.16,49.01,2.673,15.43,22.5,25.2
2023-05-28,Los Angeles,128,33.94,76.38,84.4,48.15,2.423,22.12,,53.0
2023-06-29,Houston,116,28.62,62.16,52.34,57.9,2.099,21.64,10.7,64.3
2023-10-09,San Diego,71,,,46.74,36.11,1.887,9.37,-7.2,88.3
2024-02-23,Phoenix,133,30.95,67.61,97.8,47.01,2.954,18.08,31.2,31.7
2024-08-26,New York,99,21.13,53.63,68.78,49.9,2.602,19.97,5.9,82.9
2024-05-17,Dallas,122,29.01,68.34,64.91,49.59,1.956,15.61,20.1,32.8
2024-01-19,Jacksonville,99,20.02,44.89,50.0,39.84,1.46,10.96,17.2,47.2
2023-04-26,Philadelphia,139,31.89,77.31,88.56,41.87,2.447,16.95,33.8,47.7
2024-07-12,San Antonio,101,21.62,38.35,66.77,46.66,1.772,17.32,4.6,70.8
2024-05-01,Austin,92,26.79,55.3,83.15,34.75,2.272,7.62,31.6,31.9
2023-09-10,Phoenix,94,20.69,44.3,60.26,51.23,2.966,,-4.2,74.4
2023-05-29,Philadelphia,107,28.07,58.48,82.54,46.27,2.07,10.85,24.0,45.7
2024-05-01,Jacksonville,115,22.29,48.44,91.46,31.6,2.677,5.69,21.8,23.2
2024-01-12,Columbus,90,22.52,49.93,73.89,39.4,2.02,14.26,26.8,41.7
2023-11-12,New York,122,25.43,56.81,63.71,35.47,2.355,9.6,4.5,85.0
2024-10-22,Charlotte,105,22.34,44.01,45.11,41.59,1.073,16.26,-2.2,84.3
2024-09-12,New York,96,23.44,41.47,58.17,37.72,2.694,13.72,,68.6
2024-11-09,Fort Worth,99,23.48,54.36,68.24,45.68,2.316,14.47,-3.2,86.2
2023-02-25,Jacksonville,106,22.52,48.17,77.57,37.72,1.81,13.58,28.9,45.1
2024-11-18,Houston,125,26.0,67.17,70.86,43.73,,15.56,0.1,76.1
2023-09-17,Dallas,107,27.0,58.64,56.19,42.43,2.236,14.15,8.8,91.0
2024-01-29,Phoenix,140,34.62,76.03,71.13,47.64,2.505,,28.3,43.5
2024-10-16,Jacksonville,96,22.44,48.17,44.05,31.5,2.644,7.61,3.7,85.9
2024-01-07,Charlotte,102,24.33,58.75,54.59,37.08,1.876,19.44,14.3,
2024-12-02,Los Angeles,122,33.29,68.26,69.82,53.8,2.445,21.2,9.1,76.6
2024-07-01,Columbus,110,28.83,57.52,61.74,37.89,1.976,14.01,7.5,70.7
2023-08-31,Columbus,93,21.43,43.79,52.51,45.69,1.335,23.68,3.0,67.0
2024-03-29,San Antonio,131,29.88,64.61,78.61,42.32,2.182,14.19,28.6,41.3
2023-01-09,Charlotte,78,22.31,52.26,54.14,46.97,2.66,17.52,20.2,55.3
2024-02-07,Charlotte,88,20.28,41.51,66.57,36.64,2.454,14.03,23.2,37.7
2023-09-19,Phoenix,117,23.68,51.13,45.12,52.81,2.875,17.98,-3.2,92.2
2023-04-03,Charlotte,118,19.99,53.91,88.83,39.17,2.059,13.12,29.3,24.3
2023-08-30,Phoenix,124,25.28,62.31,55.86,52.94,2.286,20.42,-11.9,96.5
2023-08-04,Columbus,99,23.98,51.72,49.55,44.7,2.332,17.93,6.6,96.4
2023-06-14,Charlotte,117,26.05,58.61,62.16,37.59,1.83,17.3,22.6,58.3
2024-03-25,Austin,118,22.96,63.02,84.93,43.1,1.621,16.28,30.1,25.1
2023-11-21,Charlotte,75,21.64,50.22,47.5,53.38,2.583,,7.1,82.4
2024-10-21,San Antonio,102,23.91,49.58,53.41,37.25,2.094,11.4,0.0,93.7
2023-02-04,Phoenix,124,31.15,68.06,71.0,46.2,2.071,21.28,23.3,51.5
2023-03-24,Columbus,143,29.32,69.49,99.5,44.86,,17.93,32.4,47.2
2024-05-18,San Diego,110,19.58,42.52,78.67,38.07,2.131,13.74,30.3,38.0
2024-02-27,Charlotte,129,29.2,69.75,62.84,39.42,2.144,11.26,22.1,33.9
2023-12-07,Jacksonville,118,26.34,52.22,44.15,39.69,1.746,16.63,15.3,63.3
2024-03-08,Charlotte,,22.84,68.86,81.91,36.62,2.277,12.4,28.8,48.0
2023-04-13,Columbus,108,28.48,63.72,72.45,51.15,1.925,11.76,29.7,35.1
2023-06-14,Jacksonville,107,26.9,65.3,65.31,44.79,2.237,14.34,23.3,52.6
2023-09-25,Dallas,85,18.18,46.23,55.08,46.43,2.059,16.45,7.8,63.8
2023-03-09,Philadelphia,142,32.44,72.78,57.45,35.1,2.149,15.66,22.0,37.8
2024-03-06,San Jose,117,24.87,50.92,56.2,36.03,1.731,12.11,19.2,48.1
2024-07-14,Jacksonville,76,16.17,36.89,55.89,39.5,1.382,23.82,7.5,76.9
2023-12-01,San Diego,90,19.08,34.09,47.74,40.52,1.966,13.46,0.5,88.3
2024-12-12,New York,96,23.71,59.53,66.46,41.42,2.232,18.25,8.2,56.2
2023-02-23,Austin,86,19.56,36.75,69.07,43.92,2.674,18.19,33.2,26.9
2024-10-18,Chicago,100,21.97,49.5,65.35,44.62,2.732,16.81,3.7,76.0
2024-10-07,San Diego,87,23.93,44.67,55.45,33.65,1.356,7.56,-5.5,81.9
2024-10-18,Chicago,93,19.97,49.06,62.95,40.91,2.311,16.26,-1.3,72.7
2023-01-04,San Antonio,118,27.25,67.91,49.06,26.26,2.499,14.32,11.6,74.4
2023-07-24,Austin,110,26.49,57.11,53.98,39.6,1.358,16.1,10.6,93.9
2023-11-09,Philadelphia,96,20.76,35.76,57.92,44.39,1.933,21.55,6.3,70.1
2024-08-12,Los Angeles,161,36.86,75.56,65.09,51.79,2.634,23.69,11.4,94.1
2023-04-24,Chicago,130,25.87,55.41,89.72,44.51,2.04,11.88,31.5,9.8
2023-09-13,Dallas,107,25.23,53.94,57.36,44.72,2.702,20.16,1.0,
2024-10-26,Fort Worth,83,19.07,41.34,53.38,48.92,1.92,13.94,1.4,62.5
2023-05-14,Columbus,,29.7,60.86,80.34,36.65,2.228,17.25,21.8,26.0
2024-08-31,Austin,104,24.4,51.62,57.43,43.88,1.684,11.46,-4.6,95.6
2024-02-25,Fort Worth,118,27.54,64.91,87.6,45.65,1.93,15.77,28.7,28.6
2023-11-24,San Diego,94,19.01,52.75,53.06,34.6,1.575,12.14,5.1,74.3
2024-05-04,Columbus,115,27.84,59.62,85.99,29.92,1.997,10.48,26.9,22.6
2023-05-17,Phoenix,140,31.43,73.81,80.95,46.85,2.301,11.92,26.6,51.3
2023-06-27,Austin,111,27.24,56.12,51.12,52.53,1.766,14.82,20.8,46.9
2024-08-30,Columbus,82,19.18,34.73,58.09,36.9,1.991,18.31,9.4,74.1
2023-12-02,Fort Worth,102,27.15,57.54,56.58,48.19,2.19,7.35,13.8,78.1
2023-10-16,Houston,101,25.38,57.85,70.49,59.95,2.731,16.8,1.0,92.4
2023-03-28,San Antonio,147,27.32,62.91,99.22,40.86,1.919,16.43,,35.1
2024-01-12,Chicago,113,26.54,,71.81,48.66,2.852,18.64,23.3,46.0
2024-02-07,Charlotte,127,31.57,57.17,56.84,46.55,2.035,9.9,,44.7
2024-01-22,Columbus,103,24.28,51.58,55.88,34.38,2.088,12.34,21.9,49.8
2024-08-07,Houston,89,19.29,42.1,70.41,50.64,2.282,19.12,6.7,60.1
2023-01-22,New York,125,23.54,56.21,98.22,43.82,1.865,15.12,33.9,59.1
2024-07-25,Austin,56,15.81,29.09,35.05,41.07,1.312,14.33,13.0,73.5
2024-09-18,Austin,76,17.96,,57.91,28.86,1.635,7.9,2.2,94.0
2023-08-23,Charlotte,93,20.64,46.33,66.15,50.19,1.895,19.18,3.0,84.0
2023-04-02,San Diego,119,26.2,54.19,86.78,33.71,1.664,11.55,31.5,54.2
2023-07-23,Phoenix,121,26.73,60.65,58.6,53.21,2.305,16.18,9.6,64.5
2024-12-19,Columbus,130,26.07,55.74,62.11,39.82,2.256,14.67,16.5,68.0
2023-06-22,New York,114,26.53,64.07,82.99,35.12,2.808,10.48,25.0,43.2
2024-02-15,San Jose,97,21.5,52.45,70.3,42.09,1.422,8.27,20.7,44.7
2024-03-15,San Jose,97,23.6,46.67,70.41,36.46,2.308,11.57,24.4,22.3
2023-09-24,Chicago,92,21.3,48.91,61.32,38.82,1.868,15.39,3.7,68.6
2023-04-02,Philadelphia,143,37.03,85.11,85.63,49.31,2.186,13.71,30.1,31.4
2023-06-24,San Jose,105,22.42,57.82,56.32,36.9,1.954,17.49,20.7,58.9
2023-05-01,New York,152,24.28,55.55,108.37,42.18,2.636,16.57,36.3,24.0
2024-06-22,San Antonio,125,27.94,57.71,62.65,34.24,2.231,7.69,22.8,56.2
2024-04-09,Columbus,107,23.59,53.33,74.87,46.74,1.882,11.87,32.7,28.9
2024-11-20,San Diego,83,19.59,36.01,52.09,37.54,1.69,17.2,11.5,76.8
2023-05-02,Houston,131,31.32,65.48,88.11,45.51,2.556,21.07,28.3,35.9
2023-07-28,Houston,100,27.13,59.88,58.74,50.47,2.388,14.61,4.6,58.2
2023-09-30,Phoenix,99,23.07,36.57,42.96,51.14,2.378,10.99,2.4,95.6
2024-05-21,San Antonio,100,22.69,48.7,72.48,41.43,1.834,12.46,29.7,41.7
2023-05-14,San Antonio,140,32.77,70.1,65.11,52.01,2.39,19.79,26.3,39.6
2023-07-31,San Jose,82,20.11,38.63,29.96,45.7,2.179,13.32,7.8,90.5
2023-08-09,Columbus,97,17.76,53.82,62.59,31.36,1.835,17.36,5.7,78.6
2023-10-17,Jacksonville,67,17.14,41.64,43.77,38.6,1.86,16.21,2.9,72.4
2024-11-24,Houston,,29.33,66.33,60.84,52.55,2.496,19.09,2.5,79.9
2024-03-04,Chicago,115,29.87,72.75,95.54,45.49,2.642,15.71,31.1,43.1
2024-02-23,Fort Worth,129,29.0,72.17,76.35,42.18,2.398,8.95,25.9,43.5
2023-05-30,New York,115,29.08,68.65,81.88,42.41,,8.35,28.9,65.3
2023-10-25,Phoenix,114,27.7,60.31,66.79,44.7,2.455,14.78,-6.8,70.0
2023-08-30,San Jose,107,24.99,50.62,63.28,41.38,1.389,11.17,-3.0,95.3
2024-04-06,Charlotte,131,26.45,62.89,84.55,40.44,2.074,11.66,32.1,43.9
2023-09-12,Philadelphia,114,28.9,56.61,53.64,51.84,2.747,16.67,-5.2,92.4
2024-08-19,Austin,86,19.07,38.84,52.78,30.52,1.624,22.24,,66.9
2024-10-24,San Diego,77,21.04,50.04,45.25,38.96,1.573,9.61,0.8,79.8
2023-03-29,New York,148,35.71,77.36,74.55,44.71,2.156,15.2,24.5,38.7
2024-04-25,Chicago,128,25.0,69.56,69.91,52.44,,15.96,25.3,32.0
2023-11-28,Jacksonville,105,25.93,47.77,57.84,40.02,2.148,16.5,8.3,72.0
2024-02-12,Austin,109,25.67,50.48,71.05,38.86,1.961,11.13,21.4,42.7
2023-08-06,Jacksonville,105,21.03,49.0,56.23,39.2,1.805,9.33,9.9,72.4
2024-01-28,Jacksonville,94,22.96,52.12,77.36,40.47,1.719,7.38,21.4,41.8
2024-03-09,Jacksonville,116,27.4,51.2,88.16,41.45,1.759,21.25,29.9,19.5
2024-09-03,Phoenix,114,24.34,54.11,64.64,49.0,2.383,25.4,8.1,50.0
2024-08-29,San Jose,86,19.5,37.78,64.76,29.38,1.881,16.48,0.0,93.4
2023-03-16,Los Angeles,149,,77.96,86.87,54.65,2.74,,25.3,34.4
2024-07-24,New York,87,21.73,54.81,56.89,49.72,2.603,11.95,6.3,68.1
2023-02-23,Philadelphia,102,22.33,49.14,84.24,38.92,2.223,15.04,35.7,33.8
2023-08-29,San Diego,92,24.18,52.53,63.38,37.67,,7.8,5.0,91.6
2023-12-29,San Jose,98,21.25,41.92,48.48,56.31,1.781,11.37,16.8,68.3
2024-11-17,Fort Worth,82,19.14,45.19,57.72,,2.328,20.76,2.8,87.9
2024-09-04,Jacksonville,93,20.99,45.03,58.46,43.64,1.813,,-1.2,85.3
2023-02-16,New York,121,30.22,66.61,53.71,45.96,2.182,11.21,21.3,53.2
2023-09-17,Dallas,105,23.53,44.54,43.2,49.35,1.99,15.11,1.2,72.5
2024-09-26,San Antonio,,19.2,47.82,41.0,41.44,2.141,17.26,5.4,77.4
2023-11-06,San Antonio,86,20.83,47.31,58.18,40.63,2.722,14.19,12.1,71.6
2024-11-18,Philadelphia,108,25.14,56.96,51.67,39.04,2.537,16.05,-0.4,82.5
2023-05-16,Charlotte,106,24.71,49.64,84.48,33.61,1.702,17.16,37.9,45.7
2024-07-26,New York,103,24.01,58.11,49.12,40.35,2.165,12.13,2.2,77.6
2024-08-17,Chicago,105,25.58,44.71,55.81,54.15,2.062,11.37,5.9,77.1
2023-09-24,Chicago,90,21.79,51.27,71.15,38.92,2.728,13.74,5.8,96.3
2024-05-30,San Diego,89,20.67,53.28,63.72,28.61,1.761,9.55,24.7,47.8
2023-12-14,Charlotte,105,27.42,55.6,58.94,,1.593,21.23,6.8,90.7
2024-04-24,Chicago,120,28.23,67.43,93.16,49.12,2.264,20.12,27.2,25.7
2023-04-02,Philadelphia,124,29.71,69.61,76.87,41.13,2.608,16.9,24.1,17.5
2024-12-28,Dallas,139,28.08,60.1,52.06,49.46,2.502,12.24,20.8,73.0
2024-03-19,Chicago,142,31.0,77.61,82.87,46.42,2.215,17.97,24.7,33.5
2023-09-24,Los Angeles,109,26.19,57.22,62.45,48.85,2.943,20.96,-2.6,81.7
2023-11-17,New York,112,26.14,49.56,49.06,43.01,2.562,11.4,-5.0,81.2
2023-05-11,San Diego,110,22.27,43.88,83.46,34.22,1.688,7.48,29.4,31.6
2023-10-15,Jacksonville,89,22.26,43.42,47.07,35.82,2.049,14.49,-1.7,86.5
2024-01-05,Charlotte,106,24.79,55.51,42.75,44.13,1.597,14.11,8.4,
2024-03-16,Phoenix,142,36.66,81.66,97.65,50.22,2.736,20.73,28.2,35.0
2023-09-27,San Jose,74,18.67,42.82,48.93,31.87,2.126,15.98,-5.2,81.0
2023-09-28,Dallas,77,19.14,44.13,55.53,38.12,2.303,20.45,-5.3,76.7
2023-11-17,San Antonio,93,24.06,48.04,49.86,43.46,1.547,22.89,14.8,80.5
2023-06-18,Philadelphia,96,24.92,54.17,78.05,45.92,2.338,21.0,23.7,53.2
2024-05-18,Fort Worth,113,27.9,64.9,71.42,45.69,2.059,13.93,,36.3
2023-06-04,Dallas,117,28.25,60.15,57.04,41.21,1.983,13.43,19.0,33.5
2024-11-04,Austin,100,22.23,44.15,71.92,27.44,2.377,17.81,-0.4,96.0
2024-03-26,New York,129,30.45,74.1,82.75,38.87,2.394,19.43,30.1,25.0
2023-07-13,Chicago,109,25.86,62.29,60.76,45.49,2.112,11.91,4.5,
2023-02-25,Houston,133,33.05,74.16,85.2,54.33,2.734,24.53,23.6,40.4
2023-07-07,New York,114,28.24,63.64,57.13,46.13,1.961,18.91,18.1,69.7
2024-04-26,Phoenix,162,37.92,76.63,83.18,54.22,2.335,19.99,29.4,21.3
2023-06-17,Jacksonville,105,26.39,50.75,63.76,32.39,1.692,20.99,19.9,59.9
2024-04-23,San Antonio,125,27.87,54.52,84.94,32.93,1.723,16.1,31.0,37.8
2023-04-29,Charlotte,143,28.92,59.52,97.1,40.54,1.746,23.11,33.0,34.0
2024-05-21,New York,138,33.4,68.64,66.43,51.01,2.101,20.25,23.4,58.5
2024-03-28,Philadelphia,118,28.34,70.74,80.13,41.81,2.229,14.16,27.7,35.2
2024-12-27,Dallas,110,25.17,53.4,71.53,53.94,2.17,17.43,12.5,53.5
2024-05-11,San Diego,99,23.91,52.84,48.75,35.63,1.711,7.61,21.5,38.2
2024-05-19,Los Angeles,162,34.54,91.39,76.4,46.03,3.389,19.85,17.6,34.5
2023-06-01,Los Angeles,140,34.05,73.82,74.86,50.22,3.481,22.2,15.4,46.4
2023-12-24,Los Angeles,110,27.28,57.79,61.23,54.33,2.822,21.91,47.5,56.4
2023-07-28,Columbus,94,25.65,59.6,48.63,40.9,1.493,12.39,8.2,57.1
2023-10-18,Chicago,89,24.41,49.36,50.06,46.44,2.488,17.13,-4.4,82.9
2023-06-22,Jacksonville,113,26.11,61.29,56.71,36.81,1.14,11.11,17.7,51.4
2024-06-04,Columbus,128,27.38,68.92,50.37,39.72,2.351,16.44,6.1,65.8
2023-10-07,San Jose,84,20.18,37.08,55.84,38.72,2.156,18.67,2.1,87.6
2024-11-10,San Jose,105,25.39,53.43,54.01,37.75,1.575,,0.9,75.9
2023-08-06,San Jose,82,18.57,35.85,47.75,37.69,1.927,21.26,9.5,75.1
2023-01-05,Dallas,151,35.72,67.85,71.94,54.5,1.599,19.7,17.0,61.0
2024-08-07,Chicago,99,26.75,53.66,60.79,37.15,2.134,18.68,7.4,72.3
2024-03-02,Charlotte,115,28.0,67.63,80.5,35.91,2.196,18.38,33.2,32.8
2023-03-20,Houston,145,36.07,79.18,,54.29,2.502,19.64,19.5,43.7
2024-05-25,Austin,114,25.1,58.62,68.78,40.16,1.937,11.86,26.7,66.4
2023-04-07,Charlotte,123,23.9,57.81,99.32,36.96,1.79,16.26,32.9,19.2
2023-12-03,New York,99,21.03,42.92,51.36,49.61,1.729,14.62,-2.0,69.9
2023-10-19,Austin,78,21.65,39.79,61.12,32.15,2.047,13.73,-1.9,94.2
2024-11-27,Los Angeles,130,29.24,68.42,66.56,49.2,3.179,17.0,9.0,
2024-02-08,Philadelphia,104,23.29,51.6,64.17,41.47,2.221,19.65,20.6,31.6
2024-08-27,Charlotte,84,20.05,45.07,44.97,35.74,2.806,8.91,0.5,86.3
2023-04-19,Columbus,117,28.64,65.87,85.03,43.89,2.059,10.07,33.4,18.7
2023-11-28,Chicago,103,24.9,54.27,56.95,40.21,2.172,14.77,11.2,80.3
2023-01-30,Los Angeles,135,30.51,72.75,78.93,46.98,2.936,16.66,18.2,57.7
2024-04-16,Columbus,115,23.95,55.9,78.25,40.07,1.793,13.5,36.5,32.0
2024-12-25,Austin,74,20.75,41.49,64.96,39.43,1.535,,13.2,73.6
2024-05-06,San Diego,94,22.25,50.31,64.4,31.65,,10.08,23.8,36.9
2024-10-05,Phoenix,111,26.66,62.19,61.5,44.4,2.405,16.08,10.2,92.6
2024-08-31,Austin,84,19.2,44.86,50.2,32.02,1.806,19.91,1.3,76.5
2023-01-06,Philadelphia,,25.56,57.85,62.16,39.41,2.228,21.39,12.9,64.4
2023-02-14,Austin,,24.48,41.85,98.83,37.8,1.658,11.81,33.7,45.7
2024-09-29,San Diego,75,15.58,29.08,54.28,39.32,1.336,15.3,1.2,78.5
2023-11-29,Jacksonville,100,19.37,53.27,54.5,39.38,1.623,11.79,4.3,55.6
2024-08-05,Chicago,98,26.52,54.81,48.04,46.86,2.357,19.31,7.5,78.2
2023-08-05,Columbus,95,27.1,58.91,60.08,39.92,1.981,5.12,1.1,74.0
2023-02-19,Fort Worth,151,32.98,74.73,96.21,34.15,2.093,15.17,,43.6
2024-10-21,Phoenix,121,29.74,70.52,61.94,42.64,2.127,20.04,-2.0,57.5
2023-11-27,Fort Worth,115,25.89,50.53,52.72,48.93,2.397,10.87,-0.6,89.0
2023-02-26,Jacksonville,130,30.74,63.01,86.39,33.49,1.666,10.58,30.8,23.2
2023-03-14,Dallas,137,31.48,64.11,78.36,45.3,1.945,13.82,25.4,44.6
2024-09-08,San Antonio,97,24.45,51.23,50.59,47.27,1.906,16.53,-4.6,87.2
2023-04-05,San Antonio,140,30.51,60.97,64.75,40.85,2.004,9.53,22.7,43.9
2023-09-19,Chicago,116,27.01,62.92,43.89,45.13,2.301,16.84,8.7,87.0
2023-09-03,Fort Worth,94,21.11,43.37,68.99,41.21,2.365,16.48,1.9,95.5
2024-02-13,Los Angeles,128,30.95,66.49,99.08,54.27,2.806,19.34,31.3,23.3
2023-01-22,Columbus,98,23.69,57.42,52.91,44.43,2.241,19.91,18.5,53.7
2023-08-02,Chicago,111,24.86,57.41,51.32,,2.148,11.98,11.0,61.8
2024-02-02,Fort Worth,127,23.84,59.8,68.04,36.47,2.224,23.33,20.8,46.0
2024-02-17,Phoenix,127,31.21,72.49,83.27,41.55,2.225,17.93,26.6,45.1
2024-10-24,Fort Worth,125,27.76,52.32,35.59,37.1,1.924,13.49,2.9,93.3
2024-10-31,Chicago,90,23.14,47.03,48.77,42.68,2.82,17.58,3.2,72.8
2023-05-04,Phoenix,143,33.71,72.44,99.06,54.54,3.127,18.99,36.6,20.5
2024-05-17,Fort Worth,121,27.61,62.59,87.75,45.61,2.283,22.17,29.1,45.7
2023-12-27,San Jose,128,27.92,58.19,58.94,38.38,1.635,8.36,15.3,39.9
2024-03-18,Jacksonville,109,27.13,60.75,74.08,30.89,1.947,23.04,25.4,34.0
2023-11-14,Charlotte,87,21.5,45.47,60.65,39.53,2.001,12.41,6.4,81.1
2024-12-02,San Jose,100,19.55,37.2,60.78,31.74,1.709,12.29,9.2,48.8
2023-05-15,Philadelphia,127,28.57,73.38,77.63,40.48,1.704,13.84,,48.7
2024-11-12,Los Angeles,92,24.09,56.95,53.47,52.12,2.621,21.18,0.8,80.1
2024-01-12,Dallas,109,24.93,56.29,56.93,47.03,2.3,16.28,16.9,55.3
2023-07-24,San Diego,120,24.81,49.06,52.51,42.09,1.465,16.97,16.5,67.3
2024-04-01,Charlotte,137,31.02,70.47,87.51,38.43,2.055,9.69,31.5,22.9
2024-02-02,San Diego,91,22.72,52.35,55.75,33.56,1.834,12.84,21.2,52.0
2023-10-02,San Jose,91,21.52,37.39,48.93,32.06,1.992,6.54,9.1,77.0
2024-09-06,San Antonio,81,20.83,42.52,44.59,34.68,2.094,17.73,-5.2,64.8
2023-04-03,Fort Worth,140,31.92,,91.27,41.12,2.047,17.33,29.4,34.3
2024-03-08,Fort Worth,138,31.53,68.16,88.92,38.97,1.829,11.45,32.3,23.0
2024-01-13,San Jose,109,23.49,51.84,62.5,32.65,1.842,9.54,14.3,64.9
2023-07-10,San Antonio,121,32.45,60.26,57.87,34.8,1.978,15.87,15.6,64.7
2024-12-08,Fort Worth,112,26.53,64.59,59.63,42.03,2.497,22.84,9.3,89.2
2024-10-07,San Antonio,,25.49,43.89,40.42,34.94,1.676,3.58,-2.8,95.5
2023-04-06,New York,134,30.41,71.35,99.6,47.37,1.957,12.65,28.0,45.8
2024-06-09,Philadelphia,120,29.8,64.06,71.68,37.13,2.59,17.51,23.4,47.8
2024-04-19,Austin,101,21.67,45.67,77.94,41.75,2.072,14.68,29.6,19.0
2023-05-02,San Antonio,114,29.03,63.7,68.52,47.17,2.709,16.02,26.3,52.1
2024-07-24,San Jose,109,25.4,51.6,54.66,36.13,1.911,11.65,16.3,60.3
2023-08-18,Austin,99,,42.44,53.92,34.17,2.286,10.77,4.0,79.1
2024-12-03,Jacksonville,63,17.15,34.92,59.03,39.63,1.892,11.36,12.4,69.7
2023-06-08,Charlotte,102,26.61,55.82,61.99,33.14,1.177,18.45,17.9,31.4
2024-05-22,Dallas,109,26.5,65.45,69.25,49.52,2.019,9.21,21.5,41.0
2024-10-06,Austin,92,19.68,48.97,49.37,32.28,2.171,10.51,-9.2,95.4
2024-06-21,Los Angeles,157,38.37,87.43,78.18,54.9,2.18,13.12,16.7,43.3
2023-10-25,San Diego,61,18.17,39.23,51.74,31.45,1.753,11.65,-4.3,86.1
2024-03-23,Los Angeles,157,35.04,85.11,112.18,54.78,2.6,16.08,31.5,37.3
2024-05-04,Phoenix,143,32.57,66.65,81.84,47.03,2.312,17.42,25.3,46.5
2023-06-02,Chicago,144,31.5,70.22,70.23,46.76,2.774,18.74,21.1,49.2
2024-12-01,Charlotte,114,26.03,59.57,61.05,40.14,2.281,19.81,8.4,54.8
2023-11-04,Columbus,86,21.17,43.09,49.25,41.21,2.875,14.7,-7.2,79.7
2023-09-12,Dallas,98,,45.67,47.91,42.65,1.995,11.39,2.3,84.0
2024-03-13,Phoenix,142,32.59,75.12,90.61,47.57,2.232,16.59,33.2,29.1
2024-08-05,New York,101,26.22,,53.35,32.8,2.176,18.97,8.0,71.6
2024-07-18,Los Angeles,118,28.14,64.08,77.62,49.78,2.418,19.36,23.6,56.3
2023-02-16,Dallas,157,31.01,72.32,69.19,41.52,2.917,12.24,22.4,36.9
2023-04-21,Dallas,130,30.04,74.98,93.97,38.99,2.341,20.72,32.6,40.3
2024-03-11,San Antonio,129,27.35,59.06,89.8,30.88,1.614,11.82,29.4,34.7
2023-04-07,San Diego,107,19.03,45.26,86.32,35.03,1.782,13.19,31.6,36.0
2024-11-07,Jacksonville,78,17.16,46.49,60.47,40.21,1.86,,7.6,78.1
2024-08-05,Columbus,109,22.05,49.0,51.6,41.42,2.328,15.91,8.1,72.8
2023-09-17,Philadelphia,130,26.42,53.13,44.5,48.17,1.5,18.02,-0.7,94.4
2023-09-18,San Jose,112,24.77,51.93,42.88,25.15,1.245,9.69,-6.1,89.4
2023-03-25,Fort Worth,90,22.81,54.45,70.26,45.37,2.499,11.38,28.2,36.3
2024-05-30,New York,115,28.98,57.59,63.76,44.3,2.11,13.96,22.7,54.8
2023-11-19,New York,118,25.9,49.64,56.75,46.82,2.699,19.8,-1.7,95.0
2023-04-27,Jacksonville,112,26.38,57.6,93.5,42.25,1.599,24.16,37.8,17.8
2024-11-08,San Diego,100,22.8,46.77,33.22,32.89,1.637,13.69,-8.2,96.8
2023-07-03,Fort Worth,113,30.04,60.04,63.84,44.4,2.2,15.43,18.5,75.9
2023-07-06,Columbus,122,26.94,52.7,72.12,37.86,1.558,17.75,12.4,67.8
2024-02-07,New York,110,30.85,69.45,69.76,43.12,2.736,15.69,24.5,38.1
2023-03-27,San Antonio,112,29.01,57.02,70.94,37.32,1.882,16.07,28.6,28.5
2024-12-22,Phoenix,108,25.07,56.82,50.23,45.84,1.922,20.79,8.3,49.3
2023-11-18,San Jose,102,26.56,55.39,52.42,37.15,1.752,14.55,2.7,75.1
2024-04-10,Fort Worth,135,29.3,64.29,108.62,44.3,3.11,6.61,35.2,38.3
2024-11-17,San Diego,94,21.59,49.14,64.86,36.24,1.777,12.46,8.3,63.9
2024-09-30,Fort Worth,90,23.14,43.26,50.55,41.87,2.774,14.91,5.5,86.1
2023-09-29,Philadelphia,81,19.99,44.05,64.83,45.82,2.109,18.62,5.2,93.5
2023-07-11,Houston,139,34.66,67.76,62.63,52.86,2.985,16.73,14.5,59.6
2023-07-09,Los Angeles,160,35.26,74.09,73.72,54.58,2.96,16.51,23.5,62.6
2024-09-10,Phoenix,120,27.18,53.59,58.56,46.7,2.385,11.39,0.1,67.6
2024-11-20,Los Angeles,149,35.05,,60.83,53.59,2.968,13.92,5.7,76.9
2024-03-20,Dallas,141,33.71,77.54,72.57,52.31,2.013,19.06,31.3,29.6
2023-01-19,New York,122,27.09,54.69,60.65,51.79,1.96,9.96,19.1,52.2
2024-02-09,Los Angeles,126,27.03,69.74,87.46,49.55,2.61,19.22,19.1,49.1
2023-01-14,Chicago,107,23.69,62.5,47.51,41.01,1.611,15.23,18.4,67.0
